{"type":"FeatureCollection","name":"assentamentos","crs":{"type":"name","properties":{"name":"urn:ogc:def:crs:OGC:1.3:CRS84"}},"features":[{"type":"Feature","properties":{"nome_proje":"PA ESTRELA DO NORTE"},"geometry":{"type":"MultiPolygon","coordinates":[[[[-43.77588,-16.53818],[-43.7674,-16.53997],[-43.77701,-16.54012],[-43.78335,-16.54845],[-43.77588,-16.53818]]],[[[-43.78297,-16.55504],[-43.78815,-16.56453],[-43.78961,-16.56378],[-43.78426,-16.55031],[-43.78297,-16.55504]]],[[[-43.77548,-16.53594],[-43.78314,-16.54738],[-43.78991,-16.56358],[-43.79537,-16.56057],[-43.79294,-16.54375],[-43.77548,-16.53594]]]]}},{"type":"Feature","properties":{"nome_proje":"PA SOL NASCENTE"},"geometry":{"type":"Polygon","coordinates":[[[-43.70933,-16.39718],[-43.71314,-16.41953],[-43.72057,-16.43184],[-43.72884,-16.44006],[-43.7344,-16.43837],[-43.73897,-16.44208],[-43.74734,-16.43801],[-43.74798,-16.42827],[-43.73984,-16.41725],[-43.74951,-16.41088],[-43.74851,-16.40493],[-43.72366,-16.40998],[-43.70933,-16.39718]]]}},{"type":"Feature","properties":{"nome_proje":"PA ORION"},"geometry":{"type":"Polygon","coordinates":[[[-43.64743,-16.20997],[-43.6692,-16.19482],[-43.67114,-16.1895],[-43.65722,-16.17356],[-43.63066,-16.18999],[-43.63959,-16.20188],[-43.63058,-16.19004],[-43.61965,-16.19881],[-43.62308,-16.20813],[-43.63163,-16.20844],[-43.63826,-16.20443],[-43.64743,-16.20997]],[[-43.65454,-16.18886],[-43.65438,-16.1885],[-43.64884,-16.19243],[-43.65454,-16.18886]],[[-43.62536,-16.20112],[-43.62561,-16.2009],[-43.62672,-16.20049],[-43.62536,-16.20112]]]}},{"type":"Feature","properties":{"nome_proje":"PA DARCY RIBEIRO"},"geometry":{"type":"Polygon","coordinates":[[[-43.72521,-16.05994],[-43.72335,-16.06348],[-43.72085,-16.06148],[-43.7148,-16.06355],[-43.69685,-16.08488],[-43.69793,-16.09302],[-43.69225,-16.09367],[-43.6857,-16.10126],[-43.69517,-16.11417],[-43.70281,-16.11925],[-43.7169,-16.11424],[-43.7118,-16.09445],[-43.71587,-16.09134],[-43.71197,-16.0819],[-43.71704,-16.07212],[-43.72484,-16.06708],[-43.72758,-16.0617],[-43.72521,-16.05994]]]}},{"type":"Feature","properties":{"nome_proje":"PA DOM MAURO"},"geometry":{"type":"Polygon","coordinates":[[[-43.22204,-15.66408],[-43.23088,-15.68745],[-43.22414,-15.71038],[-43.22531,-15.72208],[-43.22817,-15.73005],[-43.24739,-15.74587],[-43.2423,-15.7362],[-43.2482,-15.73503],[-43.253,-15.72805],[-43.24827,-15.71856],[-43.25553,-15.7083],[-43.25133,-15.68379],[-43.22204,-15.66408]]]}},{"type":"Feature","properties":{"nome_proje":"PA MODELO"},"geometry":{"type":"MultiPolygon","coordinates":[[[[-43.70656,-15.73048],[-43.72463,-15.68868],[-43.69086,-15.66988],[-43.69247,-15.69712],[-43.70145,-15.69789],[-43.70363,-15.70733],[-43.70356,-15.70768],[-43.70199,-15.70739],[-43.70266,-15.70812],[-43.70286,-15.70963],[-43.70328,-15.70959],[-43.70214,-15.71956],[-43.69892,-15.72629],[-43.70185,-15.72727],[-43.70656,-15.73048]]],[[[-43.70505,-15.73375],[-43.70651,-15.7306],[-43.69878,-15.72637],[-43.70188,-15.7199],[-43.7018,-15.70723],[-43.70349,-15.70734],[-43.70135,-15.69804],[-43.69234,-15.69725],[-43.69434,-15.73131],[-43.70505,-15.73375]]]]}},{"type":"Feature","properties":{"nome_proje":"PA ARAPUIM"},"geometry":{"type":"Polygon","coordinates":[[[-43.75092,-15.70186],[-43.74009,-15.71786],[-43.75038,-15.72447],[-43.7619,-15.70739],[-43.77629,-15.71475],[-43.78323,-15.70359],[-43.77448,-15.69875],[-43.7818,-15.68483],[-43.758,-15.67472],[-43.7479,-15.67366],[-43.72491,-15.68882],[-43.75092,-15.70186]]]}},{"type":"Feature","properties":{"nome_proje":"PA SÃO FRANCISCO II"},"geometry":{"type":"Polygon","coordinates":[[[-45.00345,-15.97787],[-44.97937,-15.98202],[-44.96609,-15.9821],[-44.96225,-15.97853],[-44.95443,-16.0085],[-44.95718,-16.01126],[-44.9622,-16.00763],[-44.96711,-16.00897],[-44.9712,-16.00054],[-44.97466,-15.99962],[-44.97898,-16.00188],[-44.97432,-16.01422],[-44.98792,-16.01468],[-44.98736,-16.02104],[-44.99035,-16.02273],[-44.99739,-16.01641],[-45.00518,-16.01758],[-45.01349,-16.01354],[-45.01723,-16.01614],[-45.02177,-16.01039],[-45.02037,-15.99056],[-45.00581,-15.9934],[-45.00345,-15.97787]]]}},{"type":"Feature","properties":{"nome_proje":"PA CARLITO MAIA"},"geometry":{"type":"Polygon","coordinates":[[[-44.42577,-15.84785],[-44.43343,-15.85273],[-44.43488,-15.84994],[-44.44507,-15.85231],[-44.44732,-15.84358],[-44.46072,-15.83495],[-44.45949,-15.83155],[-44.46458,-15.82531],[-44.46888,-15.8258],[-44.47286,-15.81874],[-44.4695,-15.81096],[-44.4716,-15.8061],[-44.46385,-15.79178],[-44.45444,-15.79375],[-44.44428,-15.78787],[-44.43516,-15.79005],[-44.43258,-15.80082],[-44.42739,-15.80582],[-44.42976,-15.81421],[-44.41475,-15.81559],[-44.40116,-15.8109],[-44.39941,-15.82468],[-44.41499,-15.83245],[-44.42315,-15.84013],[-44.4219,-15.84697],[-44.42393,-15.84971],[-44.42577,-15.84785]]]}},{"type":"Feature","properties":{"nome_proje":"PA CONQUISTA DA UNIDADE"},"geometry":{"type":"Polygon","coordinates":[[[-43.87312,-15.64702],[-43.83647,-15.69203],[-43.84349,-15.69498],[-43.83794,-15.70528],[-43.84752,-15.70622],[-43.84912,-15.71194],[-43.86438,-15.71994],[-43.86875,-15.71904],[-43.87426,-15.72427],[-43.87926,-15.7249],[-43.88498,-15.71852],[-43.89349,-15.71852],[-43.89933,-15.70858],[-43.88924,-15.70783],[-43.88363,-15.71549],[-43.87521,-15.70981],[-43.89378,-15.68056],[-43.89987,-15.66323],[-43.89842,-15.65209],[-43.89559,-15.65187],[-43.90041,-15.63008],[-43.89295,-15.64309],[-43.89255,-15.65033],[-43.87796,-15.64536],[-43.87873,-15.66274],[-43.87491,-15.67052],[-43.87312,-15.64702]]]}},{"type":"Feature","properties":{"nome_proje":"PA MACAÚBAS"},"geometry":{"type":"Polygon","coordinates":[[[-43.94311,-15.68621],[-43.95431,-15.6928],[-43.96753,-15.66739],[-43.97137,-15.66559],[-43.97329,-15.66975],[-43.97782,-15.66843],[-43.97183,-15.65456],[-43.959,-15.66149],[-43.95885,-15.65813],[-43.95653,-15.66165],[-43.95015,-15.65815],[-43.9459,-15.66132],[-43.9437,-15.65926],[-43.93326,-15.66858],[-43.92915,-15.67764],[-43.9154,-15.67705],[-43.91166,-15.68864],[-43.94422,-15.69966],[-43.94311,-15.68621]]]}},{"type":"Feature","properties":{"nome_proje":"PA ARAPUÁ"},"geometry":{"type":"Polygon","coordinates":[[[-43.74926,-15.65531],[-43.73809,-15.65037],[-43.73917,-15.64412],[-43.68951,-15.64881],[-43.69078,-15.66988],[-43.70673,-15.67982],[-43.72126,-15.67012],[-43.73797,-15.67255],[-43.74285,-15.67067],[-43.74926,-15.65531]]]}},{"type":"Feature","properties":{"nome_proje":"PA BOM SUCESSO"},"geometry":{"type":"Polygon","coordinates":[[[-43.8241,-15.57923],[-43.80888,-15.60813],[-43.7932,-15.6502],[-43.81409,-15.64935],[-43.82924,-15.60119],[-43.84492,-15.57957],[-43.83802,-15.57349],[-43.83187,-15.57359],[-43.8241,-15.57923]]]}},{"type":"Feature","properties":{"nome_proje":"PA BOA ESPERANÇA"},"geometry":{"type":"Polygon","coordinates":[[[-43.78324,-15.57151],[-43.77965,-15.57608],[-43.77889,-15.57338],[-43.7661,-15.57341],[-43.7644,-15.57076],[-43.74653,-15.63085],[-43.77327,-15.63972],[-43.79476,-15.5766],[-43.78324,-15.57151]]]}},{"type":"Feature","properties":{"nome_proje":"PA JOÃO PAULO II"},"geometry":{"type":"Polygon","coordinates":[[[-43.18993,-15.50819],[-43.19305,-15.50632],[-43.18995,-15.50824],[-43.20728,-15.55193],[-43.21287,-15.55111],[-43.2133,-15.55396],[-43.25835,-15.54619],[-43.25253,-15.53493],[-43.21272,-15.54285],[-43.21292,-15.54491],[-43.19317,-15.49577],[-43.18669,-15.49984],[-43.18993,-15.50819]]]}},{"type":"Feature","properties":{"nome_proje":"PA UNIÃO"},"geometry":{"type":"Polygon","coordinates":[[[-43.18759,-15.46557],[-43.20319,-15.49528],[-43.23488,-15.50433],[-43.23662,-15.49357],[-43.25746,-15.501],[-43.257,-15.5077],[-43.26552,-15.51307],[-43.27388,-15.5105],[-43.27007,-15.50436],[-43.24907,-15.48897],[-43.24404,-15.48944],[-43.24516,-15.48597],[-43.23331,-15.47683],[-43.23654,-15.46535],[-43.21118,-15.44077],[-43.18533,-15.43741],[-43.1917,-15.46334],[-43.18759,-15.46557]]]}},{"type":"Feature","properties":{"nome_proje":"PA JACARÉ GRANDE"},"geometry":{"type":"Polygon","coordinates":[[[-43.19998,-15.3595],[-43.28435,-15.36354],[-43.28404,-15.36654],[-43.29821,-15.36716],[-43.29625,-15.37898],[-43.29949,-15.3861],[-43.29581,-15.39176],[-43.29848,-15.39667],[-43.29468,-15.39887],[-43.29428,-15.40798],[-43.29737,-15.41909],[-43.28874,-15.42519],[-43.28865,-15.44011],[-43.27915,-15.45134],[-43.31608,-15.47777],[-43.32981,-15.47106],[-43.34213,-15.47836],[-43.35971,-15.46565],[-43.34973,-15.45095],[-43.34516,-15.41207],[-43.37174,-15.39857],[-43.37329,-15.37168],[-43.31015,-15.34833],[-43.30684,-15.35565],[-43.30023,-15.35621],[-43.2267,-15.32953],[-43.19998,-15.3595]]]}},{"type":"Feature","properties":{"nome_proje":"PA POÇO DA VOVÓ"},"geometry":{"type":"Polygon","coordinates":[[[-43.65775,-15.35443],[-43.56723,-15.37203],[-43.57228,-15.40183],[-43.58597,-15.40709],[-43.62589,-15.41389],[-43.63655,-15.39153],[-43.60803,-15.36779],[-43.66,-15.36028],[-43.66848,-15.34007],[-43.66052,-15.34025],[-43.65775,-15.35443]]]}},{"type":"Feature","properties":{"nome_proje":"PA CALIFÓRNIA"},"geometry":{"type":"Polygon","coordinates":[[[-43.23696,-15.30262],[-43.28771,-15.32167],[-43.29476,-15.31045],[-43.31425,-15.31384],[-43.31657,-15.31085],[-43.30976,-15.30716],[-43.30945,-15.29929],[-43.24565,-15.28],[-43.23696,-15.30262]]]}},{"type":"Feature","properties":{"nome_proje":"PA NOVO HORIZONTE"},"geometry":{"type":"MultiPolygon","coordinates":[[[[-43.57517,-15.24893],[-43.57904,-15.24845],[-43.57925,-15.2316],[-43.56182,-15.23118],[-43.56854,-15.25026],[-43.57517,-15.24893]]],[[[-43.59877,-15.2471],[-43.65639,-15.24994],[-43.6588,-15.25009],[-43.6491,-15.2344],[-43.57941,-15.2316],[-43.57917,-15.2478],[-43.59877,-15.2471]]],[[[-43.64382,-15.2626],[-43.65313,-15.26182],[-43.65137,-15.25383],[-43.66049,-15.25314],[-43.65888,-15.25021],[-43.64745,-15.25148],[-43.64889,-15.25544],[-43.64437,-15.2512],[-43.64382,-15.2626]]],[[[-43.579,-15.25642],[-43.57904,-15.24861],[-43.56858,-15.2504],[-43.56946,-15.27072],[-43.58284,-15.27171],[-43.579,-15.25642]]],[[[-43.58302,-15.27186],[-43.64368,-15.26263],[-43.64423,-15.25119],[-43.57916,-15.24795],[-43.58302,-15.27186]]]]}},{"type":"Feature","properties":{"nome_proje":"PA CANADÁ"},"geometry":{"type":"Polygon","coordinates":[[[-43.49729,-15.19214],[-43.49229,-15.19251],[-43.4922,-15.21416],[-43.59823,-15.21292],[-43.65952,-15.20731],[-43.67012,-15.21561],[-43.67281,-15.21024],[-43.6695,-15.20224],[-43.67269,-15.19332],[-43.66813,-15.18893],[-43.65433,-15.19158],[-43.4974,-15.19214],[-43.49551,-15.17057],[-43.51967,-15.1707],[-43.49892,-15.12354],[-43.4837,-15.12257],[-43.49549,-15.17047],[-43.49729,-15.19214]]]}},{"type":"Feature","properties":{"nome_proje":"PA BETÂNIA"},"geometry":{"type":"Polygon","coordinates":[[[-43.87385,-15.58772],[-43.87734,-15.60901],[-43.87939,-15.59091],[-43.88842,-15.59073],[-43.86337,-15.53147],[-43.86215,-15.52496],[-43.86966,-15.52266],[-43.86356,-15.49211],[-43.85767,-15.48124],[-43.85026,-15.50779],[-43.83367,-15.52373],[-43.82322,-15.54287],[-43.80104,-15.54032],[-43.79629,-15.54524],[-43.82362,-15.5707],[-43.83802,-15.57349],[-43.84514,-15.57974],[-43.84942,-15.5742],[-43.86183,-15.57761],[-43.87385,-15.58772]]]}},{"type":"Feature","properties":{"nome_proje":"PA UNIÃO II"},"geometry":{"type":"Polygon","coordinates":[[[-44.32475,-15.46537],[-44.33575,-15.47011],[-44.33749,-15.46659],[-44.34122,-15.46945],[-44.3394,-15.47227],[-44.35061,-15.46738],[-44.33429,-15.45088],[-44.32475,-15.46537]]]}},{"type":"Feature","properties":{"nome_proje":"PA DOS MILAGRES"},"geometry":{"type":"Polygon","coordinates":[[[-43.99354,-15.39289],[-43.99676,-15.4048],[-44.00461,-15.41015],[-44.13573,-15.26808],[-44.11851,-15.24296],[-43.99354,-15.39289]]]}},{"type":"Feature","properties":{"nome_proje":"PA MOCAMBINHO"},"geometry":{"type":"Polygon","coordinates":[[[-43.94092,-15.12085],[-43.91087,-15.15571],[-43.92502,-15.16745],[-43.95491,-15.1328],[-43.94092,-15.12085]]]}},{"type":"Feature","properties":{"nome_proje":"PA JAPORÉ"},"geometry":{"type":"Polygon","coordinates":[[[-44.04364,-14.70739],[-44.03802,-14.77022],[-44.03335,-14.76868],[-44.02913,-14.78326],[-44.04627,-14.783],[-44.04516,-14.78118],[-44.05706,-14.77401],[-44.06473,-14.78274],[-44.09471,-14.78236],[-44.09475,-14.78602],[-44.09768,-14.78205],[-44.10592,-14.78924],[-44.113,-14.76659],[-44.0625,-14.70299],[-44.04364,-14.70739]]]}},{"type":"Feature","properties":{"nome_proje":"PA SANTA LÚCIA"},"geometry":{"type":"Polygon","coordinates":[[[-44.16955,-14.67057],[-44.18674,-14.62571],[-44.17794,-14.62203],[-44.16064,-14.64756],[-44.15959,-14.66421],[-44.16955,-14.67057]]]}},{"type":"Feature","properties":{"nome_proje":"PA NOVO PLANO"},"geometry":{"type":"Polygon","coordinates":[[[-43.97278,-14.55285],[-43.96299,-14.53842],[-43.92714,-14.54474],[-43.89582,-14.53558],[-43.9199,-14.55379],[-43.93111,-14.54859],[-43.93224,-14.55257],[-43.92579,-14.55482],[-43.93486,-14.56761],[-43.94568,-14.56056],[-43.94598,-14.56335],[-43.97278,-14.55285]]]}},{"type":"Feature","properties":{"nome_proje":"PA TRÊS RIOS"},"geometry":{"type":"Polygon","coordinates":[[[-43.92851,-14.5234],[-43.91421,-14.51305],[-43.89697,-14.48677],[-43.90092,-14.48459],[-43.89656,-14.46153],[-43.89403,-14.4592],[-43.87538,-14.45894],[-43.90632,-14.53303],[-43.93122,-14.53865],[-43.95043,-14.53524],[-43.94497,-14.52841],[-43.94119,-14.53116],[-43.93819,-14.52694],[-43.94162,-14.5224],[-43.92851,-14.5234]]]}},{"type":"Feature","properties":{"nome_proje":"PA OURO VERDE"},"geometry":{"type":"MultiPolygon","coordinates":[[[[-43.93008,-14.50563],[-43.96306,-14.47416],[-43.95516,-14.46588],[-43.92045,-14.48937],[-43.9278,-14.50092],[-43.93008,-14.50563]]],[[[-43.92222,-14.51656],[-43.93076,-14.50748],[-43.9203,-14.48947],[-43.9103,-14.49588],[-43.90346,-14.49392],[-43.91436,-14.51331],[-43.92222,-14.51656]]]]}},{"type":"Feature","properties":{"nome_proje":"PA DIVIDIDA TABOLEIRINHO"},"geometry":{"type":"Polygon","coordinates":[[[-44.26685,-14.47358],[-44.28552,-14.47508],[-44.28579,-14.4785],[-44.26767,-14.47653],[-44.2745,-14.48267],[-44.28299,-14.48495],[-44.2965,-14.48501],[-44.30833,-14.47738],[-44.31557,-14.47706],[-44.31653,-14.4717],[-44.31154,-14.46729],[-44.3137,-14.45736],[-44.29985,-14.4547],[-44.30195,-14.44709],[-44.28987,-14.44605],[-44.28208,-14.45191],[-44.26685,-14.47358]]]}},{"type":"Feature","properties":{"nome_proje":"PA MARIA ZILDA"},"geometry":{"type":"Polygon","coordinates":[[[-41.8692,-15.08046],[-41.87664,-15.08881],[-41.87218,-15.09643],[-41.88405,-15.09956],[-41.89007,-15.10517],[-41.89679,-15.09843],[-41.90767,-15.09823],[-41.91149,-15.09228],[-41.91567,-15.09188],[-41.91833,-15.10126],[-41.91214,-15.10909],[-41.91637,-15.11564],[-41.92051,-15.11632],[-41.93181,-15.09127],[-41.92346,-15.0801],[-41.93948,-15.05901],[-41.94316,-15.04714],[-41.93042,-15.04983],[-41.92325,-15.04754],[-41.92459,-15.05337],[-41.92016,-15.05824],[-41.91782,-15.05428],[-41.91223,-15.05424],[-41.90577,-15.05923],[-41.90303,-15.05827],[-41.8965,-15.04074],[-41.8924,-15.0464],[-41.88447,-15.0417],[-41.88435,-15.04665],[-41.87629,-15.05545],[-41.86596,-15.05047],[-41.88415,-15.05995],[-41.87577,-15.06846],[-41.87638,-15.08067],[-41.8692,-15.08046]]]}},{"type":"Feature","properties":{"nome_proje":"PA FAZ REUNIDAS FS"},"geometry":{"type":"Polygon","coordinates":[[[-41.44486,-12.15813],[-41.4486,-12.16003],[-41.44716,-12.16487],[-41.44982,-12.16792],[-41.45567,-12.16836],[-41.47393,-12.18018],[-41.47549,-12.18921],[-41.48269,-12.19339],[-41.48601,-12.19205],[-41.48642,-12.20111],[-41.49845,-12.199],[-41.5004,-12.20346],[-41.50899,-12.20165],[-41.50944,-12.20736],[-41.51373,-12.20956],[-41.52515,-12.19825],[-41.52021,-12.18941],[-41.49668,-12.19167],[-41.48864,-12.17154],[-41.50073,-12.15956],[-41.49089,-12.15692],[-41.48483,-12.15943],[-41.48154,-12.15137],[-41.48254,-12.14194],[-41.47665,-12.13925],[-41.47507,-12.13116],[-41.46306,-12.12009],[-41.45698,-12.11824],[-41.44415,-12.14436],[-41.44486,-12.15813]]]}},{"type":"Feature","properties":{"nome_proje":"PA VALE DA CALIFÓRNIA"},"geometry":{"type":"Polygon","coordinates":[[[-40.92894,-14.08169],[-40.91535,-14.07669],[-40.9009,-14.07251],[-40.88854,-14.10859],[-40.88221,-14.1115],[-40.88098,-14.13946],[-40.92585,-14.14617],[-40.92991,-14.12362],[-40.95489,-14.10364],[-40.96315,-14.08599],[-40.92894,-14.08169]]]}},{"type":"Feature","properties":{"nome_proje":"PA PARAGUAÇUZINHO"},"geometry":{"type":"Polygon","coordinates":[[[-41.33111,-13.45412],[-41.32359,-13.46694],[-41.33595,-13.4699],[-41.35429,-13.4663],[-41.35291,-13.45826],[-41.33111,-13.45412]]]}},{"type":"Feature","properties":{"nome_proje":"PA FAZENDA CURITIBA"},"geometry":{"type":"Polygon","coordinates":[[[-40.92973,-13.35829],[-40.92289,-13.36108],[-40.92176,-13.3651],[-40.91739,-13.41743],[-40.93021,-13.42145],[-40.93726,-13.4161],[-40.94758,-13.43068],[-40.95436,-13.42333],[-40.96657,-13.43049],[-40.96443,-13.42108],[-40.96664,-13.41489],[-40.98085,-13.41213],[-40.97728,-13.40077],[-40.98818,-13.40055],[-40.98799,-13.39333],[-40.98247,-13.39066],[-40.99235,-13.38834],[-40.98623,-13.38643],[-40.98446,-13.38045],[-40.98794,-13.37596],[-40.98273,-13.36507],[-40.97963,-13.36116],[-40.97688,-13.36533],[-40.96636,-13.36769],[-40.95464,-13.38163],[-40.94254,-13.37814],[-40.92885,-13.38037],[-40.92763,-13.37533],[-40.93582,-13.36337],[-40.92973,-13.35829]]]}},{"type":"Feature","properties":{"nome_proje":"PA BOA SORTE UNA"},"geometry":{"type":"Polygon","coordinates":[[[-41.19348,-13.23671],[-41.10813,-13.25758],[-41.10122,-13.26428],[-41.09799,-13.27877],[-41.08682,-13.27863],[-41.06971,-13.29709],[-41.03299,-13.30975],[-41.02349,-13.32386],[-41.01429,-13.32766],[-41.01071,-13.3343],[-41.00012,-13.33648],[-40.99363,-13.34208],[-41.01059,-13.35849],[-41.01287,-13.3782],[-41.01853,-13.38295],[-41.02173,-13.39278],[-41.03003,-13.3985],[-41.05305,-13.39549],[-41.05758,-13.39135],[-41.05756,-13.36029],[-41.06724,-13.35485],[-41.08616,-13.36084],[-41.09567,-13.348],[-41.10838,-13.34415],[-41.12431,-13.34508],[-41.13113,-13.35652],[-41.12964,-13.36087],[-41.14102,-13.36982],[-41.1496,-13.36008],[-41.15565,-13.34674],[-41.17987,-13.32908],[-41.1814,-13.32657],[-41.17584,-13.32558],[-41.16752,-13.31704],[-41.16133,-13.31617],[-41.16163,-13.31247],[-41.16782,-13.31293],[-41.16803,-13.31008],[-41.18045,-13.30579],[-41.1868,-13.29579],[-41.18657,-13.28935],[-41.19051,-13.28756],[-41.18908,-13.27752],[-41.19312,-13.27564],[-41.19839,-13.25752],[-41.19836,-13.25426],[-41.19448,-13.25285],[-41.19348,-13.23671]]]}},{"type":"Feature","properties":{"nome_proje":"PA DANDARA"},"geometry":{"type":"Polygon","coordinates":[[[-41.03008,-13.28596],[-41.02391,-13.29369],[-41.03296,-13.30975],[-41.05633,-13.30236],[-41.05442,-13.29405],[-41.07197,-13.28653],[-41.07535,-13.29064],[-41.08014,-13.27954],[-41.08531,-13.27848],[-41.07426,-13.27151],[-41.05659,-13.27589],[-41.05801,-13.27938],[-41.05271,-13.28107],[-41.05114,-13.27766],[-41.03008,-13.28596]]]}},{"type":"Feature","properties":{"nome_proje":"PA VALDETE CORREIA"},"geometry":{"type":"Polygon","coordinates":[[[-41.13196,-13.16283],[-41.13283,-13.15904],[-41.10782,-13.15433],[-41.11111,-13.16071],[-41.10824,-13.16306],[-41.09124,-13.16279],[-41.0653,-13.17277],[-41.0705,-13.17607],[-41.09507,-13.16473],[-41.10998,-13.16651],[-41.11084,-13.176],[-41.10659,-13.17834],[-41.11046,-13.1831],[-41.10956,-13.18953],[-41.12408,-13.18438],[-41.1304,-13.16603],[-41.12001,-13.16415],[-41.12057,-13.16053],[-41.13196,-13.16283]]]}},{"type":"Feature","properties":{"nome_proje":"PA FLORESTAN FERNANDES"},"geometry":{"type":"Polygon","coordinates":[[[-40.98445,-13.11963],[-40.97237,-13.12027],[-40.98161,-13.12941],[-40.98129,-13.133],[-40.97345,-13.13131],[-40.95931,-13.14948],[-40.95672,-13.14722],[-40.9511,-13.16326],[-40.9282,-13.16809],[-40.92583,-13.17313],[-40.92768,-13.17978],[-40.94129,-13.18295],[-40.93808,-13.19249],[-40.94675,-13.19183],[-40.94575,-13.18548],[-40.94621,-13.188],[-40.95598,-13.17473],[-40.95989,-13.17753],[-40.96113,-13.16084],[-40.96479,-13.15482],[-40.97511,-13.14435],[-40.98133,-13.14566],[-40.98143,-13.13807],[-40.98677,-13.13784],[-40.98819,-13.13303],[-40.98255,-13.12248],[-40.98445,-13.11963]]]}},{"type":"Feature","properties":{"nome_proje":"PA BAIXAO"},"geometry":{"type":"MultiPolygon","coordinates":[[[[-41.04983,-13.17172],[-41.05926,-13.15811],[-41.05648,-13.15428],[-41.04551,-13.16868],[-41.04983,-13.17172]]],[[[-41.02926,-13.12105],[-41.03614,-13.1305],[-41.03576,-13.13544],[-41.03183,-13.13914],[-41.02115,-13.13901],[-41.03662,-13.16586],[-41.0527,-13.15798],[-41.05299,-13.15141],[-41.07419,-13.15345],[-41.07363,-13.14372],[-41.07949,-13.14303],[-41.08729,-13.15138],[-41.12986,-13.15845],[-41.13037,-13.14323],[-41.12271,-13.14087],[-41.12469,-13.13724],[-41.13369,-13.139],[-41.12607,-13.13481],[-41.13086,-13.12615],[-41.10863,-13.1229],[-41.10323,-13.11827],[-41.08308,-13.12941],[-41.08066,-13.13415],[-41.0728,-13.12972],[-41.0696,-13.13263],[-41.06316,-13.12599],[-41.06943,-13.12166],[-41.06266,-13.1141],[-41.06366,-13.11842],[-41.06186,-13.11504],[-41.05762,-13.12048],[-41.05364,-13.12017],[-41.05988,-13.13041],[-41.05577,-13.13501],[-41.05375,-13.13122],[-41.05211,-13.13313],[-41.04607,-13.13036],[-41.0492,-13.11989],[-41.03901,-13.12068],[-41.03779,-13.11205],[-41.02926,-13.12105]]]]}},{"type":"Feature","properties":{"nome_proje":"PA SANTA MARIA FLORENTINA"},"geometry":{"type":"Polygon","coordinates":[[[-40.97027,-13.0813],[-40.95279,-13.08391],[-40.94815,-13.0819],[-40.94521,-13.09428],[-40.93599,-13.09165],[-40.93555,-13.10161],[-40.97093,-13.10376],[-40.98475,-13.11235],[-40.9898,-13.10921],[-40.98141,-13.09658],[-40.97405,-13.09441],[-40.97027,-13.0813]]]}},{"type":"Feature","properties":{"nome_proje":"PA EUROPA"},"geometry":{"type":"MultiPolygon","coordinates":[[[[-41.11528,-13.08587],[-41.11629,-13.09071],[-41.12083,-13.08971],[-41.11985,-13.08488],[-41.11528,-13.08587]]],[[[-41.12025,-13.08993],[-41.12598,-13.09517],[-41.13292,-13.09735],[-41.15927,-13.08084],[-41.16383,-13.08122],[-41.16577,-13.0743],[-41.17101,-13.07089],[-41.14011,-13.05239],[-41.13929,-13.05711],[-41.13683,-13.05674],[-41.13315,-13.07752],[-41.13489,-13.08221],[-41.13022,-13.08605],[-41.12585,-13.08425],[-41.12271,-13.08917],[-41.12025,-13.08993]]]]}},{"type":"Feature","properties":{"nome_proje":"PA MOÇAMBIQUE"},"geometry":{"type":"Polygon","coordinates":[[[-40.9543,-13.03316],[-40.95824,-13.04079],[-40.96607,-13.04017],[-40.9777,-13.04751],[-40.97486,-13.07136],[-41.00117,-13.09607],[-41.00532,-13.10598],[-41.00892,-13.09289],[-41.01419,-13.09867],[-41.02413,-13.08651],[-40.98993,-13.05267],[-40.9953,-13.04757],[-41.00945,-13.04521],[-40.99465,-13.04408],[-40.98797,-13.03742],[-40.98109,-13.044],[-40.95695,-13.01951],[-40.9543,-13.03316]]]}},{"type":"Feature","properties":{"nome_proje":"PA UNIAO DA CHAPADA"},"geometry":{"type":"MultiPolygon","coordinates":[[[[-41.10381,-13.02163],[-41.11867,-13.01991],[-41.12145,-13.0095],[-41.10566,-13.0032],[-41.10381,-13.02163]]],[[[-41.06632,-12.94236],[-41.06564,-12.95238],[-41.04756,-12.96701],[-41.05807,-12.98108],[-41.04394,-12.99245],[-41.04636,-13.00174],[-41.05423,-12.99785],[-41.05717,-13.00571],[-41.09656,-12.98667],[-41.09639,-12.98427],[-41.11273,-12.98059],[-41.10752,-12.97338],[-41.11193,-12.96847],[-41.09981,-12.97031],[-41.09731,-12.96096],[-41.08854,-12.9566],[-41.09024,-12.9489],[-41.07182,-12.94585],[-41.07052,-12.93834],[-41.06632,-12.94236]]]]}},{"type":"Feature","properties":{"nome_proje":"PA ROSELY NUNES"},"geometry":{"type":"Polygon","coordinates":[[[-41.18126,-12.94525],[-41.15496,-12.92799],[-41.14252,-12.92735],[-41.13986,-12.93265],[-41.13221,-12.92954],[-41.12517,-12.94526],[-41.13099,-12.95051],[-41.11629,-12.97328],[-41.12716,-12.9791],[-41.14857,-12.94075],[-41.15317,-12.94382],[-41.14584,-12.96627],[-41.13331,-12.98189],[-41.13337,-12.98924],[-41.12704,-12.99294],[-41.13367,-13.00424],[-41.14146,-12.97966],[-41.14412,-12.98045],[-41.13585,-13.00649],[-41.14483,-13.00972],[-41.15005,-13.01742],[-41.15571,-13.01816],[-41.16141,-13.00196],[-41.19085,-13.01259],[-41.19685,-12.99361],[-41.16528,-12.9909],[-41.18126,-12.94525]]]}},{"type":"Feature","properties":{"nome_proje":"PA SANTA CLARA E PARAGUACIUMA"},"geometry":{"type":"Polygon","coordinates":[[[-41.04888,-12.92465],[-41.04583,-12.91962],[-41.0381,-12.94715],[-41.04442,-12.95801],[-41.02778,-12.97034],[-41.03965,-12.9775],[-41.03534,-12.98111],[-41.0483,-12.9889],[-41.05807,-12.98108],[-41.04756,-12.96701],[-41.05069,-12.96449],[-41.04907,-12.96285],[-41.06119,-12.95282],[-41.05627,-12.95182],[-41.05858,-12.94202],[-41.07518,-12.92699],[-41.06368,-12.9145],[-41.05617,-12.92372],[-41.04888,-12.92465]]]}},{"type":"Feature","properties":{"nome_proje":"PA MACACO SÊCO"},"geometry":{"type":"Polygon","coordinates":[[[-41.11739,-12.93829],[-41.11231,-12.93406],[-41.10916,-12.95072],[-41.112,-12.95889],[-41.10579,-12.96746],[-41.11233,-12.96877],[-41.10769,-12.97376],[-41.11135,-12.97589],[-41.11667,-12.97383],[-41.1311,-12.9503],[-41.12519,-12.94553],[-41.13222,-12.92981],[-41.13988,-12.93295],[-41.14294,-12.92749],[-41.12706,-12.92757],[-41.12857,-12.922],[-41.12201,-12.92018],[-41.11739,-12.93829]]]}},{"type":"Feature","properties":{"nome_proje":"PA SALUBRINHO"},"geometry":{"type":"Polygon","coordinates":[[[-41.22711,-12.92393],[-41.22252,-12.92096],[-41.22021,-12.92268],[-41.22471,-12.93249],[-41.23389,-12.92416],[-41.24105,-12.93312],[-41.25438,-12.92899],[-41.26812,-12.94636],[-41.27906,-12.94323],[-41.27791,-12.93665],[-41.2383,-12.91118],[-41.22711,-12.92393]]]}},{"type":"Feature","properties":{"nome_proje":"PA MOCAMBO"},"geometry":{"type":"Polygon","coordinates":[[[-41.14609,-12.79751],[-41.13865,-12.80823],[-41.14104,-12.81708],[-41.12943,-12.81263],[-41.12873,-12.81786],[-41.14871,-12.838],[-41.1458,-12.84099],[-41.16758,-12.86165],[-41.16611,-12.87175],[-41.15974,-12.87753],[-41.1678,-12.88491],[-41.17458,-12.87972],[-41.17929,-12.88419],[-41.17556,-12.88946],[-41.22711,-12.92393],[-41.23831,-12.91118],[-41.24807,-12.91753],[-41.26133,-12.89722],[-41.25241,-12.89071],[-41.22409,-12.8508],[-41.19999,-12.86631],[-41.16131,-12.80927],[-41.14788,-12.80699],[-41.14609,-12.79751]]]}},{"type":"Feature","properties":{"nome_proje":"PA NOVA UNIAO DA FAZ. FERRARI"},"geometry":{"type":"Polygon","coordinates":[[[-42.54388,-12.32189],[-42.54472,-12.2842],[-42.53768,-12.28475],[-42.53405,-12.29378],[-42.5245,-12.29655],[-42.52392,-12.31248],[-42.52273,-12.31591],[-42.51911,-12.31612],[-42.51506,-12.3334],[-42.52903,-12.33586],[-42.53005,-12.33848],[-42.54945,-12.33174],[-42.5504,-12.32672],[-42.54388,-12.32189]]]}},{"type":"Feature","properties":{"nome_proje":"PA LAGOA DE ITAPARICA"},"geometry":{"type":"Polygon","coordinates":[[[-42.74496,-10.98501],[-42.73898,-10.99913],[-42.74126,-11.00607],[-42.72058,-11.01956],[-42.72666,-11.02435],[-42.73324,-11.0245],[-42.73751,-11.03252],[-42.75327,-11.02961],[-42.76613,-11.00939],[-42.77349,-11.01168],[-42.78617,-11.02398],[-42.81914,-10.99042],[-42.77129,-10.99946],[-42.74496,-10.98501]]]}},{"type":"Feature","properties":{"nome_proje":"PA SERRA AZUL"},"geometry":{"type":"Polygon","coordinates":[[[-42.6054,-10.5643],[-42.59195,-10.57643],[-42.5363,-10.58154],[-42.55765,-10.63379],[-42.60807,-10.6129],[-42.6057,-10.59703],[-42.61589,-10.59737],[-42.63065,-10.58826],[-42.6054,-10.5643]]]}},{"type":"Feature","properties":{"nome_proje":"PA FAZENDA LAGOA"},"geometry":{"type":"Polygon","coordinates":[[[-42.77033,-8.88325],[-42.73972,-8.89313],[-42.74092,-8.90663],[-42.73734,-8.92306],[-42.72254,-8.93431],[-42.71814,-8.94467],[-42.74157,-8.96154],[-42.77362,-8.97127],[-42.77997,-8.96927],[-42.79094,-8.95542],[-42.78978,-8.94942],[-42.79841,-8.9417],[-42.81461,-8.93921],[-42.81054,-8.93612],[-42.81177,-8.92222],[-42.80932,-8.91518],[-42.78743,-8.89708],[-42.77549,-8.89123],[-42.77033,-8.88325]]]}},{"type":"Feature","properties":{"nome_proje":"PDS SERRA DOS GRINGOS"},"geometry":{"type":"Polygon","coordinates":[[[-42.70245,-8.87258],[-42.6949,-8.89236],[-42.683,-8.89924],[-42.67642,-8.89594],[-42.67376,-8.90809],[-42.66808,-8.90478],[-42.66532,-8.89768],[-42.60496,-8.92811],[-42.6654,-8.97015],[-42.72464,-8.90563],[-42.71173,-8.87372],[-42.70769,-8.87908],[-42.70161,-8.87643],[-42.70487,-8.87516],[-42.70245,-8.87258]]]}},{"type":"Feature","properties":{"nome_proje":"PA HERNESTO CHE GUEVARA"},"geometry":{"type":"MultiPolygon","coordinates":[[[[-42.41557,-8.52122],[-42.41569,-8.51423],[-42.41436,-8.51414],[-42.41557,-8.52122]]],[[[-42.40411,-8.50082],[-42.40527,-8.50337],[-42.39877,-8.5041],[-42.40187,-8.51009],[-42.38443,-8.52258],[-42.38859,-8.52567],[-42.38521,-8.52977],[-42.38833,-8.53315],[-42.39191,-8.53131],[-42.39593,-8.53471],[-42.40163,-8.5341],[-42.41469,-8.52577],[-42.4141,-8.51413],[-42.40988,-8.51381],[-42.41252,-8.50765],[-42.40857,-8.50559],[-42.411,-8.49856],[-42.40411,-8.50082]]]]}},{"type":"Feature","properties":{"nome_proje":"PDS PÉ DA SERRA"},"geometry":{"type":"Polygon","coordinates":[[[-42.72203,-8.33171],[-42.636,-8.39246],[-42.61182,-8.42579],[-42.62948,-8.43148],[-42.65801,-8.44753],[-42.73038,-8.44778],[-42.72203,-8.33171]]]}},{"type":"Feature","properties":{"nome_proje":"PA GALILEIA"},"geometry":{"type":"Polygon","coordinates":[[[-40.27459,-14.45165],[-40.27019,-14.45217],[-40.26478,-14.47038],[-40.25662,-14.46967],[-40.23074,-14.48084],[-40.23249,-14.48774],[-40.24021,-14.49067],[-40.25371,-14.48743],[-40.26076,-14.49096],[-40.26181,-14.47926],[-40.27647,-14.46693],[-40.27785,-14.4588],[-40.27459,-14.45165]]]}},{"type":"Feature","properties":{"nome_proje":"PA TAMBURI"},"geometry":{"type":"Polygon","coordinates":[[[-40.83155,-13.63177],[-40.81381,-13.65636],[-40.83466,-13.66571],[-40.83342,-13.67012],[-40.84176,-13.669],[-40.84305,-13.66572],[-40.85059,-13.6633],[-40.85389,-13.66742],[-40.85875,-13.66535],[-40.86115,-13.66875],[-40.87266,-13.67179],[-40.87638,-13.66248],[-40.86684,-13.66071],[-40.83155,-13.63177]]]}},{"type":"Feature","properties":{"nome_proje":"PA MÃE MARIA"},"geometry":{"type":"Polygon","coordinates":[[[-40.62572,-13.5991],[-40.6072,-13.59965],[-40.61332,-13.6036],[-40.64529,-13.60196],[-40.64482,-13.60454],[-40.66618,-13.60483],[-40.66612,-13.60753],[-40.6735,-13.60764],[-40.67355,-13.6037],[-40.68933,-13.60379],[-40.69396,-13.59115],[-40.64421,-13.59157],[-40.62572,-13.5991]]]}},{"type":"Feature","properties":{"nome_proje":"PA SITIO NOVO"},"geometry":{"type":"Polygon","coordinates":[[[-39.82756,-12.46088],[-39.84501,-12.45976],[-39.82102,-12.43408],[-39.81558,-12.43279],[-39.81523,-12.43889],[-39.81915,-12.44463],[-39.81821,-12.45512],[-39.82756,-12.46088]]]}},{"type":"Feature","properties":{"nome_proje":"PA DOM MATTHIAS"},"geometry":{"type":"Polygon","coordinates":[[[-39.9071,-12.37569],[-39.79834,-12.35101],[-39.79503,-12.35465],[-39.78083,-12.35434],[-39.75149,-12.37169],[-39.81643,-12.38455],[-39.88159,-12.40963],[-39.9071,-12.37569]]]}},{"type":"Feature","properties":{"nome_proje":"PA RUMO À INDEPENDÊNCIA"},"geometry":{"type":"Polygon","coordinates":[[[-39.78998,-11.3132],[-39.78127,-11.31769],[-39.75131,-11.3413],[-39.7718,-11.35503],[-39.79808,-11.32894],[-39.79619,-11.32497],[-39.8018,-11.31876],[-39.78998,-11.3132]]]}},{"type":"Feature","properties":{"nome_proje":"PA MUCAMBINHO"},"geometry":{"type":"Polygon","coordinates":[[[-39.49179,-11.24103],[-39.50087,-11.2422],[-39.5343,-11.25923],[-39.54083,-11.25166],[-39.52655,-11.23943],[-39.54672,-11.18125],[-39.53242,-11.17808],[-39.53181,-11.17498],[-39.51137,-11.1629],[-39.49179,-11.24103]]]}},{"type":"Feature","properties":{"nome_proje":"PA VARGEM FUNDA"},"geometry":{"type":"Polygon","coordinates":[[[-39.42151,-11.16227],[-39.41838,-11.17419],[-39.3917,-11.17325],[-39.40109,-11.20017],[-39.4169,-11.20439],[-39.44113,-11.17534],[-39.43767,-11.17467],[-39.44246,-11.16603],[-39.42151,-11.16227]]]}},{"type":"Feature","properties":{"nome_proje":"PA FAZENDA CONJUNTO RANCHO NEVADA"},"geometry":{"type":"Polygon","coordinates":[[[-40.80463,-13.32833],[-40.80504,-13.33303],[-40.79711,-13.33824],[-40.80138,-13.34745],[-40.79771,-13.35443],[-40.79189,-13.35576],[-40.78625,-13.34572],[-40.77744,-13.35565],[-40.77758,-13.35982],[-40.79275,-13.36712],[-40.77699,-13.38234],[-40.81454,-13.3842],[-40.82539,-13.34728],[-40.84001,-13.34579],[-40.84019,-13.32765],[-40.83745,-13.32931],[-40.83601,-13.32273],[-40.82845,-13.32512],[-40.83096,-13.31328],[-40.81983,-13.31521],[-40.8152,-13.31315],[-40.80463,-13.32833]]]}},{"type":"Feature","properties":{"nome_proje":"PA KHAETA"},"geometry":{"type":"Polygon","coordinates":[[[-40.67958,-13.36302],[-40.7074,-13.36708],[-40.70221,-13.35289],[-40.71523,-13.35713],[-40.71919,-13.36144],[-40.72639,-13.35337],[-40.73115,-13.3528],[-40.73164,-13.3408],[-40.71561,-13.3414],[-40.71496,-13.34664],[-40.69775,-13.34631],[-40.70193,-13.33286],[-40.69589,-13.31957],[-40.68575,-13.32086],[-40.68284,-13.32667],[-40.67801,-13.32592],[-40.67684,-13.33039],[-40.67043,-13.32971],[-40.66751,-13.33716],[-40.66954,-13.34368],[-40.66149,-13.35363],[-40.66481,-13.36153],[-40.67686,-13.36659],[-40.67958,-13.36302]]]}},{"type":"Feature","properties":{"nome_proje":"PA FAZ LAGOA DA ONCA"},"geometry":{"type":"Polygon","coordinates":[[[-40.38133,-13.286],[-40.37659,-13.28392],[-40.37285,-13.28871],[-40.36701,-13.30515],[-40.38313,-13.31104],[-40.38363,-13.31545],[-40.38049,-13.31754],[-40.38336,-13.31632],[-40.38489,-13.3128],[-40.38043,-13.30137],[-40.38805,-13.28781],[-40.38463,-13.28334],[-40.38133,-13.286]]]}},{"type":"Feature","properties":{"nome_proje":"PA ANATIVA"},"geometry":{"type":"Polygon","coordinates":[[[-40.84933,-13.26513],[-40.8432,-13.25971],[-40.84235,-13.24526],[-40.82491,-13.22913],[-40.8304,-13.21409],[-40.80865,-13.20529],[-40.81113,-13.22868],[-40.79763,-13.22602],[-40.79572,-13.22953],[-40.79893,-13.23078],[-40.80597,-13.24751],[-40.79543,-13.25103],[-40.83071,-13.27273],[-40.84933,-13.26513]]]}},{"type":"Feature","properties":{"nome_proje":"PA SANTA FÉ"},"geometry":{"type":"Polygon","coordinates":[[[-40.79396,-13.19042],[-40.79835,-13.18406],[-40.79938,-13.17471],[-40.80796,-13.16985],[-40.81849,-13.15503],[-40.81641,-13.14754],[-40.80344,-13.14262],[-40.80135,-13.13821],[-40.79337,-13.14455],[-40.79434,-13.15418],[-40.78685,-13.17052],[-40.79396,-13.19042]]]}},{"type":"Feature","properties":{"nome_proje":"PA SEGREDO E RIACHUELO"},"geometry":{"type":"Polygon","coordinates":[[[-40.68837,-13.10488],[-40.69342,-13.12615],[-40.68823,-13.14328],[-40.68019,-13.15232],[-40.69082,-13.1613],[-40.69868,-13.1557],[-40.70638,-13.16529],[-40.71915,-13.15655],[-40.73071,-13.15516],[-40.71845,-13.13822],[-40.71217,-13.14097],[-40.7068,-13.12525],[-40.68837,-13.10488]]]}},{"type":"Feature","properties":{"nome_proje":"PA CACHÁ"},"geometry":{"type":"Polygon","coordinates":[[[-40.69076,-13.13462],[-40.6935,-13.12508],[-40.68784,-13.11581],[-40.68837,-13.10488],[-40.66982,-13.0842],[-40.68512,-13.02761],[-40.6614,-13.00596],[-40.65593,-13.02461],[-40.65149,-13.02239],[-40.6576,-13.00405],[-40.65417,-13.00176],[-40.63743,-12.99804],[-40.63116,-12.9987],[-40.62992,-13.00232],[-40.62454,-13.00044],[-40.62177,-13.05711],[-40.60572,-13.08189],[-40.59514,-13.08558],[-40.58287,-13.11322],[-40.57053,-13.13092],[-40.57069,-13.15623],[-40.57665,-13.15863],[-40.57737,-13.16435],[-40.57496,-13.17429],[-40.65381,-13.17198],[-40.65722,-13.12948],[-40.69076,-13.13462]]]}},{"type":"Feature","properties":{"nome_proje":"PA CANABRAVA"},"geometry":{"type":"Polygon","coordinates":[[[-40.79208,-12.9958],[-40.79504,-12.94924],[-40.78558,-12.94664],[-40.75316,-12.92633],[-40.73748,-12.92716],[-40.73799,-13.03858],[-40.75937,-13.04458],[-40.76515,-13.03485],[-40.77724,-13.03948],[-40.77752,-12.99763],[-40.79208,-12.9958]]]}},{"type":"Feature","properties":{"nome_proje":"PA NOSSA SENHORA AUXILIADORA"},"geometry":{"type":"Polygon","coordinates":[[[-40.71881,-12.90396],[-40.68876,-12.90216],[-40.68857,-12.95727],[-40.71829,-12.95752],[-40.71881,-12.90396]]]}},{"type":"Feature","properties":{"nome_proje":"PA REUNIDAS SANTA LUZIA E OUTRAS"},"geometry":{"type":"Polygon","coordinates":[[[-40.19309,-13.29772],[-40.18888,-13.29672],[-40.19108,-13.31025],[-40.20099,-13.30395],[-40.21182,-13.30361],[-40.20739,-13.29594],[-40.19989,-13.29387],[-40.19309,-13.29772]]]}},{"type":"Feature","properties":{"nome_proje":"PA SÃO DIOGO"},"geometry":{"type":"Polygon","coordinates":[[[-40.18015,-13.23932],[-40.16845,-13.25011],[-40.15834,-13.24457],[-40.15485,-13.24919],[-40.1489,-13.24996],[-40.14863,-13.25288],[-40.13767,-13.24992],[-40.12788,-13.2554],[-40.12214,-13.2523],[-40.11766,-13.2566],[-40.11994,-13.26144],[-40.12509,-13.26028],[-40.12701,-13.27081],[-40.14599,-13.25819],[-40.16075,-13.2614],[-40.1687,-13.27351],[-40.16682,-13.28178],[-40.16108,-13.28463],[-40.15778,-13.29115],[-40.16837,-13.28715],[-40.18168,-13.28706],[-40.18686,-13.29636],[-40.1803,-13.30538],[-40.18536,-13.31464],[-40.19092,-13.31037],[-40.18887,-13.2966],[-40.19284,-13.29768],[-40.19984,-13.29385],[-40.20915,-13.29666],[-40.21188,-13.30361],[-40.21648,-13.30358],[-40.21715,-13.29437],[-40.22124,-13.28999],[-40.21385,-13.28577],[-40.21051,-13.28857],[-40.20333,-13.27391],[-40.19839,-13.27928],[-40.18779,-13.24206],[-40.18015,-13.23932]]]}},{"type":"Feature","properties":{"nome_proje":"PA IPAUATE"},"geometry":{"type":"Polygon","coordinates":[[[-40.12306,-13.13985],[-40.10137,-13.14215],[-40.1047,-13.15],[-40.10964,-13.15121],[-40.11082,-13.15621],[-40.11662,-13.15659],[-40.11178,-13.16536],[-40.1148,-13.17689],[-40.12052,-13.17653],[-40.1205,-13.18147],[-40.12661,-13.18197],[-40.12593,-13.19017],[-40.1233,-13.19155],[-40.13254,-13.19393],[-40.13495,-13.18505],[-40.12968,-13.17695],[-40.1331,-13.17538],[-40.13318,-13.16415],[-40.14244,-13.16035],[-40.14404,-13.15404],[-40.14146,-13.14789],[-40.1312,-13.13939],[-40.12316,-13.14373],[-40.12306,-13.13985]]]}},{"type":"Feature","properties":{"nome_proje":"PA 1º DE ABRIL PARAGUAÇU"},"geometry":{"type":"Polygon","coordinates":[[[-39.89424,-12.39338],[-39.87168,-12.42288],[-39.91073,-12.514],[-39.91926,-12.52002],[-39.92787,-12.52096],[-39.92891,-12.51859],[-39.93436,-12.52267],[-39.93393,-12.51125],[-39.93912,-12.50902],[-39.93924,-12.5049],[-39.89424,-12.39338]]]}},{"type":"Feature","properties":{"nome_proje":"PA ALDEIA"},"geometry":{"type":"Polygon","coordinates":[[[-39.95243,-12.33563],[-39.95017,-12.34517],[-39.94406,-12.34603],[-39.94075,-12.34247],[-39.92222,-12.36058],[-39.91837,-12.36103],[-39.97587,-12.39746],[-39.99116,-12.37889],[-40.00316,-12.34936],[-39.95243,-12.33563]]]}},{"type":"Feature","properties":{"nome_proje":"PA OASIS"},"geometry":{"type":"MultiPolygon","coordinates":[[[[-40.04565,-12.26143],[-40.04003,-12.28703],[-40.03976,-12.2873],[-40.0695,-12.30756],[-40.0726,-12.31161],[-40.06904,-12.31792],[-40.0729,-12.32229],[-40.07396,-12.33085],[-40.07859,-12.32954],[-40.08435,-12.32838],[-40.08023,-12.29755],[-40.08543,-12.29634],[-40.08209,-12.27489],[-40.04565,-12.26143]]],[[[-40.04744,-12.25301],[-40.0458,-12.26128],[-40.08208,-12.27479],[-40.08067,-12.26555],[-40.04744,-12.25301]]],[[[-40.08435,-12.32858],[-40.07398,-12.33094],[-40.07301,-12.33451],[-40.08195,-12.33427],[-40.08435,-12.32858]]],[[[-40.02932,-12.25496],[-40.03222,-12.28214],[-40.03972,-12.28713],[-40.04554,-12.26141],[-40.02932,-12.25496]]],[[[-40.04739,-12.25282],[-40.0392,-12.25307],[-40.03011,-12.25518],[-40.0456,-12.26116],[-40.04739,-12.25282]]]]}},{"type":"Feature","properties":{"nome_proje":"PA ALAGOAS"},"geometry":{"type":"Polygon","coordinates":[[[-39.95453,-11.85108],[-39.94816,-11.84853],[-39.94674,-11.85681],[-39.95377,-11.85739],[-39.95389,-11.8625],[-39.96402,-11.86372],[-39.9641,-11.87049],[-39.96728,-11.8702],[-39.967,-11.85724],[-39.96177,-11.85258],[-39.96431,-11.84784],[-39.95453,-11.85108]]]}},{"type":"Feature","properties":{"nome_proje":"PA NOVA PAZ"},"geometry":{"type":"Polygon","coordinates":[[[-39.60998,-10.92789],[-39.58924,-10.95917],[-39.59283,-10.96989],[-39.60559,-10.96308],[-39.60474,-10.95993],[-39.60983,-10.95916],[-39.61121,-10.95595],[-39.61701,-10.95814],[-39.6243,-10.93384],[-39.60998,-10.92789]]]}},{"type":"Feature","properties":{"nome_proje":"PA SITIO DO MEIO"},"geometry":{"type":"Polygon","coordinates":[[[-39.69698,-10.80784],[-39.69516,-10.81164],[-39.67903,-10.80166],[-39.6773,-10.80581],[-39.6673,-10.80605],[-39.66221,-10.81618],[-39.66663,-10.82893],[-39.73871,-10.85386],[-39.75332,-10.84207],[-39.69698,-10.80784]]]}},{"type":"Feature","properties":{"nome_proje":"PA RIO VERDE"},"geometry":{"type":"Polygon","coordinates":[[[-39.70776,-10.69653],[-39.70713,-10.69235],[-39.70283,-10.69303],[-39.69666,-10.68698],[-39.69484,-10.69094],[-39.69088,-10.69094],[-39.68867,-10.7025],[-39.69803,-10.70017],[-39.69838,-10.70401],[-39.70776,-10.69653]]]}},{"type":"Feature","properties":{"nome_proje":"PA RIO VERDE"},"geometry":{"type":"Polygon","coordinates":[[[-39.69646,-10.68925],[-39.69653,-10.68695],[-39.69474,-10.69089],[-39.69081,-10.69094],[-39.68856,-10.70246],[-39.69764,-10.70006],[-39.69828,-10.70398],[-39.70796,-10.69715],[-39.70703,-10.69242],[-39.69646,-10.68925]]]}},{"type":"Feature","properties":{"nome_proje":"PA NOVO PARAISO"},"geometry":{"type":"Polygon","coordinates":[[[-39.7232,-10.65982],[-39.71297,-10.65985],[-39.71162,-10.66403],[-39.70558,-10.66439],[-39.7042,-10.66718],[-39.69857,-10.66553],[-39.70057,-10.67021],[-39.69751,-10.67238],[-39.70312,-10.67444],[-39.70419,-10.66952],[-39.71391,-10.66471],[-39.71321,-10.66811],[-39.72055,-10.65995],[-39.72574,-10.66121],[-39.7232,-10.65982]]]}},{"type":"Feature","properties":{"nome_proje":"PA FAZ DESTERRO"},"geometry":{"type":"Polygon","coordinates":[[[-39.58804,-10.5029],[-39.61885,-10.51972],[-39.62981,-10.5198],[-39.66786,-10.50731],[-39.67326,-10.51305],[-39.66276,-10.44374],[-39.6236,-10.47957],[-39.59637,-10.48235],[-39.58804,-10.5029]]]}},{"type":"Feature","properties":{"nome_proje":"PA LAGE DO ARIRI"},"geometry":{"type":"Polygon","coordinates":[[[-39.43188,-10.43827],[-39.43836,-10.43913],[-39.44244,-10.42824],[-39.42672,-10.43087],[-39.43188,-10.43827]]]}},{"type":"Feature","properties":{"nome_proje":"PA LAGOA DO COIQUI"},"geometry":{"type":"Polygon","coordinates":[[[-39.39584,-10.37431],[-39.39096,-10.37429],[-39.40108,-10.40127],[-39.4101,-10.40322],[-39.39584,-10.37431]]]}},{"type":"Feature","properties":{"nome_proje":"PA SENHORA DO ROSARIO"},"geometry":{"type":"Polygon","coordinates":[[[-39.45384,-10.38923],[-39.43956,-10.36777],[-39.44393,-10.36605],[-39.44174,-10.36041],[-39.42485,-10.36139],[-39.42877,-10.36867],[-39.42502,-10.37078],[-39.42955,-10.37841],[-39.42829,-10.38437],[-39.45384,-10.38923]]]}},{"type":"Feature","properties":{"nome_proje":"PA NOVA JABUTICABA"},"geometry":{"type":"Polygon","coordinates":[[[-39.86087,-10.1405],[-39.85846,-10.1455],[-39.86012,-10.16201],[-39.85215,-10.19274],[-39.88152,-10.19676],[-39.89921,-10.17694],[-39.91237,-10.15307],[-39.88351,-10.12418],[-39.86087,-10.1405]]]}},{"type":"Feature","properties":{"nome_proje":"PA ENGANO"},"geometry":{"type":"Polygon","coordinates":[[[-40.15996,-11.09715],[-40.13865,-11.1004],[-40.1407,-11.11727],[-40.14319,-11.12308],[-40.16347,-11.11833],[-40.16496,-11.12624],[-40.17016,-11.13109],[-40.17975,-11.10229],[-40.15996,-11.09715]]]}},{"type":"Feature","properties":{"nome_proje":"PA PAJEU"},"geometry":{"type":"Polygon","coordinates":[[[-40.06945,-10.91243],[-40.05456,-10.96195],[-40.05501,-11.03119],[-40.10781,-11.04755],[-40.10878,-11.05538],[-40.11838,-11.06386],[-40.1289,-11.06401],[-40.12065,-11.07017],[-40.12727,-11.0714],[-40.12687,-11.08141],[-40.14395,-11.08456],[-40.15799,-11.04263],[-40.14557,-11.02785],[-40.14378,-11.01793],[-40.14021,-11.01807],[-40.14346,-11.0024],[-40.10066,-10.99884],[-40.10506,-10.94203],[-40.14765,-10.94537],[-40.14647,-10.92248],[-40.06945,-10.91243]]]}},{"type":"Feature","properties":{"nome_proje":"PA FAZ TEIMOSIA"},"geometry":{"type":"Polygon","coordinates":[[[-40.10526,-10.94211],[-40.10086,-10.99886],[-40.14354,-11.0024],[-40.15035,-10.96827],[-40.14759,-10.94541],[-40.10526,-10.94211]]]}},{"type":"Feature","properties":{"nome_proje":"PA NOVA CONQUISTA DE ITIÚBA"},"geometry":{"type":"Polygon","coordinates":[[[-39.92279,-10.7365],[-39.91569,-10.74055],[-39.91421,-10.75174],[-39.9058,-10.76256],[-39.92688,-10.77852],[-39.93759,-10.77086],[-39.94432,-10.76002],[-39.92279,-10.7365]]]}},{"type":"Feature","properties":{"nome_proje":"PA JIBOIA"},"geometry":{"type":"Polygon","coordinates":[[[-40.20318,-10.52667],[-40.20441,-10.52985],[-40.2031,-10.52783],[-40.20182,-10.52324],[-40.19445,-10.52332],[-40.18665,-10.53793],[-40.18831,-10.56421],[-40.19991,-10.56146],[-40.21063,-10.5528],[-40.20528,-10.54342],[-40.21167,-10.54352],[-40.21604,-10.53458],[-40.21112,-10.53397],[-40.22189,-10.52581],[-40.22128,-10.52188],[-40.21225,-10.52195],[-40.2093,-10.5236],[-40.21263,-10.52705],[-40.21099,-10.52846],[-40.2087,-10.52487],[-40.20318,-10.52667]]]}},{"type":"Feature","properties":{"nome_proje":"PA SERRA VERDE"},"geometry":{"type":"Polygon","coordinates":[[[-40.22682,-10.48468],[-40.22193,-10.47714],[-40.22518,-10.47384],[-40.22143,-10.46319],[-40.20918,-10.46081],[-40.20315,-10.46645],[-40.19894,-10.46508],[-40.21282,-10.49095],[-40.21942,-10.49279],[-40.22261,-10.48833],[-40.22439,-10.48994],[-40.22682,-10.48468]]]}},{"type":"Feature","properties":{"nome_proje":"PA CACIMBA DA TORRE GLEBA CENTRO OESTE"},"geometry":{"type":"Polygon","coordinates":[[[-39.91524,-9.35669],[-39.9381,-9.33264],[-39.91129,-9.27716],[-39.88022,-9.29523],[-39.87928,-9.30214],[-39.88665,-9.33048],[-39.91524,-9.35669]],[[-39.89913,-9.34014],[-39.89913,-9.34014],[-39.89913,-9.34014],[-39.89913,-9.34014]]]}},{"type":"Feature","properties":{"nome_proje":"PA CACIMBA DA TORRE  GLEBA NOROESTE"},"geometry":{"type":"Polygon","coordinates":[[[-39.88022,-9.29523],[-39.91129,-9.27716],[-39.92299,-9.2485],[-39.88378,-9.19175],[-39.86534,-9.20158],[-39.86216,-9.22887],[-39.86323,-9.23675],[-39.87138,-9.24349],[-39.8742,-9.25104],[-39.86956,-9.25821],[-39.87952,-9.26864],[-39.88022,-9.29523]]]}},{"type":"Feature","properties":{"nome_proje":"PE ILHA GRANDE DO PONTAL"},"geometry":{"type":"Polygon","coordinates":[[[-40.1561,-9.08909],[-40.13493,-9.09432],[-40.11137,-9.09042],[-40.12822,-9.10212],[-40.15084,-9.10157],[-40.18381,-9.08239],[-40.1921,-9.07269],[-40.1561,-9.08909]]]}},{"type":"Feature","properties":{"nome_proje":"PA OURO VERDE"},"geometry":{"type":"MultiPolygon","coordinates":[[[[-40.12003,-9.03528],[-40.10235,-9.06316],[-40.11717,-9.06874],[-40.12549,-9.03871],[-40.12003,-9.03528]]],[[[-40.10137,-9.06468],[-40.09312,-9.07772],[-40.0965,-9.07941],[-40.10516,-9.06573],[-40.10137,-9.06468]]],[[[-40.10916,-9.06745],[-40.10527,-9.077],[-40.10959,-9.06755],[-40.10916,-9.06745]]],[[[-40.10519,-9.07716],[-40.10192,-9.08241],[-40.10262,-9.08275],[-40.10519,-9.07716]]]]}},{"type":"Feature","properties":{"nome_proje":"PA LAGOA DA VACA"},"geometry":{"type":"MultiPolygon","coordinates":[[[[-39.4858,-9.58247],[-39.48921,-9.6112],[-39.49809,-9.61609],[-39.50212,-9.62652],[-39.51137,-9.63172],[-39.51197,-9.63702],[-39.51653,-9.63894],[-39.51924,-9.63717],[-39.51505,-9.63106],[-39.54188,-9.6129],[-39.54643,-9.61947],[-39.56127,-9.61047],[-39.5558,-9.59565],[-39.55562,-9.59133],[-39.55433,-9.58943],[-39.55443,-9.58818],[-39.55572,-9.58304],[-39.53745,-9.56664],[-39.51315,-9.55959],[-39.47364,-9.56995],[-39.47731,-9.57822],[-39.4858,-9.58247]]],[[[-39.57002,-9.60483],[-39.55732,-9.58435],[-39.55584,-9.58314],[-39.5545,-9.58941],[-39.55578,-9.59129],[-39.56141,-9.61038],[-39.57002,-9.60483]]]]}},{"type":"Feature","properties":{"nome_proje":"PA CACIMBA DA TORRE GLEBA SUL"},"geometry":{"type":"Polygon","coordinates":[[[-39.88634,-9.33238],[-39.87791,-9.35364],[-39.83963,-9.3643],[-39.80271,-9.34842],[-39.79592,-9.41267],[-39.81611,-9.40773],[-39.83924,-9.37167],[-39.86676,-9.36156],[-39.8762,-9.37398],[-39.8936,-9.37637],[-39.92387,-9.39098],[-39.91206,-9.35313],[-39.90128,-9.34173],[-39.88634,-9.33238]]]}},{"type":"Feature","properties":{"nome_proje":"PA CACIMBA DA TORRE GLEBA SUDESTE"},"geometry":{"type":"MultiPolygon","coordinates":[[[[-39.79571,-9.33898],[-39.8033,-9.31862],[-39.78656,-9.31519],[-39.78707,-9.3264],[-39.7922,-9.33018],[-39.79571,-9.33898]]],[[[-39.87791,-9.35364],[-39.88666,-9.33048],[-39.88135,-9.31526],[-39.81966,-9.33063],[-39.81681,-9.32363],[-39.80366,-9.31864],[-39.79597,-9.33933],[-39.80271,-9.34842],[-39.83963,-9.3643],[-39.87791,-9.35364]]]]}},{"type":"Feature","properties":{"nome_proje":"PA CACIMBA DA TORRE GLEBA CENTRO LESTE"},"geometry":{"type":"MultiPolygon","coordinates":[[[[-39.80227,-9.31923],[-39.80337,-9.31689],[-39.80026,-9.30539],[-39.80016,-9.29323],[-39.78562,-9.29481],[-39.78656,-9.31519],[-39.80227,-9.31923]]],[[[-39.81681,-9.32363],[-39.81966,-9.33063],[-39.88135,-9.31526],[-39.88338,-9.31089],[-39.8795,-9.30417],[-39.88022,-9.29523],[-39.84626,-9.27498],[-39.84501,-9.28447],[-39.83461,-9.29166],[-39.8217,-9.28908],[-39.80053,-9.29323],[-39.80366,-9.31864],[-39.81681,-9.32363]]]]}},{"type":"Feature","properties":{"nome_proje":"PA CACIMBA DA TORRE GLEBA NORDESTE"},"geometry":{"type":"MultiPolygon","coordinates":[[[[-39.78562,-9.29481],[-39.80016,-9.29323],[-39.8005,-9.29136],[-39.80425,-9.28617],[-39.80694,-9.2793],[-39.81456,-9.271],[-39.79308,-9.27157],[-39.78492,-9.27955],[-39.78562,-9.29481]]],[[[-39.88023,-9.2952],[-39.87952,-9.26864],[-39.86956,-9.25821],[-39.8742,-9.25104],[-39.87138,-9.24349],[-39.86323,-9.23675],[-39.86216,-9.22887],[-39.85411,-9.24423],[-39.82123,-9.26708],[-39.82398,-9.27095],[-39.81494,-9.27104],[-39.80053,-9.29323],[-39.8217,-9.28908],[-39.83461,-9.29166],[-39.84501,-9.28447],[-39.84626,-9.27498],[-39.88023,-9.2952]]]]}},{"type":"Feature","properties":{"nome_proje":"PA BANGUÊ"},"geometry":{"type":"MultiPolygon","coordinates":[[[[-39.81551,-9.25925],[-39.81557,-9.27181],[-39.82402,-9.27094],[-39.81551,-9.25925]]],[[[-39.76441,-9.19317],[-39.7458,-9.19451],[-39.73508,-9.22964],[-39.69312,-9.25972],[-39.72317,-9.26606],[-39.77058,-9.25471],[-39.78547,-9.24739],[-39.79033,-9.25674],[-39.81446,-9.27103],[-39.81458,-9.2599],[-39.78315,-9.20005],[-39.76441,-9.19317]]]]}},{"type":"Feature","properties":{"nome_proje":"PA CARAÍBAS II"},"geometry":{"type":"Polygon","coordinates":[[[-39.77069,-8.71145],[-39.765,-8.72378],[-39.76417,-8.75152],[-39.75675,-8.77478],[-39.76133,-8.77648],[-39.76916,-8.75106],[-39.77069,-8.71145]]]}},{"type":"Feature","properties":{"nome_proje":"PA PROGRESSO"},"geometry":{"type":"Polygon","coordinates":[[[-39.85652,-8.74987],[-39.86554,-8.77603],[-39.86817,-8.7765],[-39.86434,-8.75634],[-39.86629,-8.74645],[-39.85481,-8.69012],[-39.85031,-8.69284],[-39.85652,-8.74987]]]}},{"type":"Feature","properties":{"nome_proje":"PA POÇO DO ICÓ"},"geometry":{"type":"Polygon","coordinates":[[[-39.88725,-8.77081],[-39.8732,-8.7223],[-39.86406,-8.68112],[-39.8592,-8.683],[-39.87485,-8.7582],[-39.8706,-8.77687],[-39.88533,-8.77945],[-39.88725,-8.77081]]]}},{"type":"Feature","properties":{"nome_proje":"PA LAGOA DA PEDRA"},"geometry":{"type":"MultiPolygon","coordinates":[[[[-39.83584,-8.68433],[-39.83806,-8.68402],[-39.84047,-8.67878],[-39.84136,-8.67858],[-39.83717,-8.6659],[-39.83584,-8.68433]]],[[[-39.83584,-8.68451],[-39.83282,-8.73728],[-39.82882,-8.74195],[-39.83136,-8.74565],[-39.82936,-8.75421],[-39.82146,-8.77003],[-39.81748,-8.77414],[-39.82002,-8.78034],[-39.84008,-8.75586],[-39.84141,-8.67878],[-39.83818,-8.68419],[-39.83584,-8.68451]]],[[[-39.81116,-8.76222],[-39.81742,-8.77401],[-39.82909,-8.75414],[-39.83108,-8.74555],[-39.82865,-8.74215],[-39.81116,-8.76222]]]]}},{"type":"Feature","properties":{"nome_proje":"PA CACIMBA DOS SONHOS"},"geometry":{"type":"Polygon","coordinates":[[[-40.60336,-9.20661],[-40.62768,-9.20414],[-40.62399,-9.19262],[-40.6242,-9.17609],[-40.61905,-9.17641],[-40.61399,-9.17042],[-40.61155,-9.1739],[-40.59778,-9.17499],[-40.58877,-9.17116],[-40.60336,-9.20661]]]}},{"type":"Feature","properties":{"nome_proje":"PA MARIA TEREZA"},"geometry":{"type":"MultiPolygon","coordinates":[[[[-40.51467,-9.15062],[-40.5098,-9.14865],[-40.50981,-9.15064],[-40.51467,-9.15062]]],[[[-40.51946,-9.14651],[-40.51464,-9.14454],[-40.51466,-9.14862],[-40.51946,-9.14651]]]]}},{"type":"Feature","properties":{"nome_proje":"PA NOSSA SENHORA DE FÁTIMA"},"geometry":{"type":"Polygon","coordinates":[[[-40.72174,-9.07768],[-40.69746,-9.09892],[-40.68845,-9.13382],[-40.70042,-9.14227],[-40.75672,-9.1326],[-40.75738,-9.10547],[-40.74881,-9.09129],[-40.72174,-9.07768]]]}},{"type":"Feature","properties":{"nome_proje":"PA LYNDOPHO SILVA"},"geometry":{"type":"Polygon","coordinates":[[[-40.72122,-9.07754],[-40.70425,-9.06616],[-40.69015,-9.06799],[-40.68302,-9.08454],[-40.68722,-9.08603],[-40.68535,-9.08987],[-40.68215,-9.08938],[-40.68107,-9.09566],[-40.68553,-9.09897],[-40.69106,-9.09156],[-40.69891,-9.09548],[-40.7044,-9.09446],[-40.72122,-9.07754]]]}},{"type":"Feature","properties":{"nome_proje":"PA SÃO JOSÉ DO VALE"},"geometry":{"type":"MultiPolygon","coordinates":[[[[-40.27443,-9.05904],[-40.27171,-9.06067],[-40.27774,-9.06753],[-40.28231,-9.06637],[-40.27443,-9.05904]]],[[[-40.26229,-9.05285],[-40.2585,-9.05303],[-40.26054,-9.05451],[-40.25679,-9.05808],[-40.27528,-9.07623],[-40.28142,-9.07208],[-40.26229,-9.05285]]],[[[-40.29251,-9.06308],[-40.29539,-9.07371],[-40.2956,-9.07364],[-40.29251,-9.06308]]],[[[-40.28907,-9.06435],[-40.27812,-9.06768],[-40.27799,-9.06786],[-40.28901,-9.07522],[-40.29528,-9.07373],[-40.29191,-9.06335],[-40.28907,-9.06435]]]]}},{"type":"Feature","properties":{"nome_proje":"PA JOSIAS E SAMUEL"},"geometry":{"type":"MultiPolygon","coordinates":[[[[-40.30269,-9.05898],[-40.29839,-9.05905],[-40.29654,-9.05923],[-40.30269,-9.05898]]],[[[-40.28433,-9.05414],[-40.279,-9.06151],[-40.28231,-9.06637],[-40.29797,-9.0608],[-40.28433,-9.05414]]]]}},{"type":"Feature","properties":{"nome_proje":"PA SENADOR MANSUETO DE LAVOR"},"geometry":{"type":"MultiPolygon","coordinates":[[[[-40.24892,-9.03001],[-40.24151,-9.0362],[-40.24445,-9.04053],[-40.24301,-9.04511],[-40.25089,-9.04802],[-40.24892,-9.05253],[-40.25414,-9.0568],[-40.26261,-9.05283],[-40.27171,-9.06067],[-40.27443,-9.05904],[-40.26999,-9.05307],[-40.27888,-9.04437],[-40.26883,-9.04227],[-40.26322,-9.03501],[-40.24892,-9.03001]]],[[[-40.29035,-9.03512],[-40.27851,-9.04362],[-40.29414,-9.04153],[-40.29035,-9.03512]]]]}},{"type":"Feature","properties":{"nome_proje":"PA SÃO FRANCISCO"},"geometry":{"type":"MultiPolygon","coordinates":[[[[-40.24154,-9.02281],[-40.23812,-9.04838],[-40.24917,-9.05145],[-40.25089,-9.04802],[-40.24301,-9.04511],[-40.24445,-9.04053],[-40.24151,-9.0362],[-40.24903,-9.02999],[-40.26322,-9.03501],[-40.26883,-9.04227],[-40.2782,-9.04383],[-40.27337,-9.03948],[-40.26253,-9.02585],[-40.24154,-9.02281]]],[[[-40.26317,-9.02608],[-40.27851,-9.04362],[-40.29035,-9.03512],[-40.28768,-9.03063],[-40.26317,-9.02608]]]]}},{"type":"Feature","properties":{"nome_proje":"PA RIO PONTAL"},"geometry":{"type":"Polygon","coordinates":[[[-40.31365,-8.97594],[-40.31584,-8.98107],[-40.33123,-9.0138],[-40.34393,-8.98609],[-40.34211,-8.96615],[-40.33535,-8.96293],[-40.31365,-8.97594]]]}},{"type":"Feature","properties":{"nome_proje":"PA BOM CONSELHO"},"geometry":{"type":"MultiPolygon","coordinates":[[[[-40.28456,-8.95087],[-40.28352,-8.95436],[-40.29217,-8.95881],[-40.29542,-8.94858],[-40.28456,-8.95087]]],[[[-40.29521,-8.94975],[-40.2923,-8.95889],[-40.3191,-8.9726],[-40.33531,-8.96286],[-40.32765,-8.95018],[-40.32779,-8.94511],[-40.29521,-8.94975]]]]}},{"type":"Feature","properties":{"nome_proje":"PA IPE"},"geometry":{"type":"Polygon","coordinates":[[[-43.65477,-15.02231],[-43.65475,-14.97932],[-43.5881,-14.97919],[-43.62552,-15.02207],[-43.65477,-15.02231]]]}},{"type":"Feature","properties":{"nome_proje":"PA AGRONORTE"},"geometry":{"type":"Polygon","coordinates":[[[-43.50134,-14.88963],[-43.49506,-14.88295],[-43.40987,-14.85992],[-43.416,-14.84217],[-43.41886,-14.84449],[-43.4492,-14.79359],[-43.44414,-14.79154],[-43.43931,-14.79392],[-43.42269,-14.78381],[-43.41588,-14.7865],[-43.41247,-14.78335],[-43.4064,-14.78543],[-43.39516,-14.77702],[-43.38237,-14.77997],[-43.37522,-14.78508],[-43.38012,-14.80142],[-43.39974,-14.83396],[-43.37664,-14.8371],[-43.38725,-14.85092],[-43.34185,-14.88761],[-43.34019,-14.86789],[-43.32234,-14.86559],[-43.32308,-14.86268],[-43.29939,-14.85256],[-43.29433,-14.86013],[-43.29795,-14.8619],[-43.29487,-14.87219],[-43.29998,-14.87536],[-43.27456,-14.94343],[-43.28247,-14.94508],[-43.27825,-14.95417],[-43.28434,-14.96028],[-43.29082,-14.95659],[-43.29052,-14.9461],[-43.30215,-14.94772],[-43.30447,-14.91183],[-43.3254,-14.92395],[-43.34127,-14.94424],[-43.35152,-14.95226],[-43.3624,-14.97339],[-43.39363,-14.98247],[-43.40375,-14.9884],[-43.40833,-14.98085],[-43.40531,-14.96974],[-43.41042,-14.96557],[-43.41716,-14.96758],[-43.41865,-14.97107],[-43.4259,-14.96829],[-43.42553,-14.9579],[-43.42054,-14.94881],[-43.455,-14.94283],[-43.48049,-14.93373],[-43.49707,-14.93494],[-43.5003,-14.9282],[-43.48435,-14.92498],[-43.48475,-14.92277],[-43.50008,-14.92579],[-43.5002,-14.92251],[-43.4276,-14.90862],[-43.42195,-14.92964],[-43.4029,-14.92465],[-43.40995,-14.89926],[-43.41286,-14.90335],[-43.41601,-14.8987],[-43.50176,-14.91035],[-43.50788,-14.89077],[-43.50134,-14.88963]]]}},{"type":"Feature","properties":{"nome_proje":"PA LOURIVAL DA BOCA DA CAATINGA"},"geometry":{"type":"Polygon","coordinates":[[[-43.53917,-14.80553],[-43.52088,-14.84069],[-43.51713,-14.84102],[-43.50921,-14.84982],[-43.50568,-14.86745],[-43.49671,-14.87772],[-43.49557,-14.88473],[-43.50002,-14.88679],[-43.508,-14.88449],[-43.50514,-14.87314],[-43.52585,-14.86812],[-43.53015,-14.87883],[-43.55323,-14.87291],[-43.55311,-14.86154],[-43.58838,-14.85318],[-43.56333,-14.77067],[-43.5582,-14.7705],[-43.55167,-14.77672],[-43.54122,-14.77958],[-43.53531,-14.78572],[-43.53917,-14.80553]]]}},{"type":"Feature","properties":{"nome_proje":"PA PAUS PRETOS"},"geometry":{"type":"Polygon","coordinates":[[[-43.47537,-14.76501],[-43.48087,-14.76763],[-43.48073,-14.77073],[-43.46911,-14.77859],[-43.46857,-14.78599],[-43.47826,-14.79157],[-43.48528,-14.79009],[-43.49164,-14.77526],[-43.51301,-14.77798],[-43.53119,-14.74155],[-43.49467,-14.73369],[-43.47537,-14.76501]]]}},{"type":"Feature","properties":{"nome_proje":"PA VALE DO IUIU"},"geometry":{"type":"MultiPolygon","coordinates":[[[[-43.81765,-14.49122],[-43.81841,-14.49338],[-43.82793,-14.49002],[-43.82124,-14.49201],[-43.81968,-14.4889],[-43.8143,-14.48996],[-43.80512,-14.49482],[-43.81765,-14.49122]]],[[[-43.75941,-14.52163],[-43.7712,-14.51749],[-43.76966,-14.502],[-43.76623,-14.50315],[-43.75757,-14.48924],[-43.74145,-14.50233],[-43.74005,-14.5072],[-43.75134,-14.5068],[-43.75941,-14.52163]]],[[[-43.76318,-14.53486],[-43.77043,-14.53256],[-43.77109,-14.52681],[-43.76088,-14.52881],[-43.76318,-14.53486]]],[[[-43.79637,-14.55091],[-43.81055,-14.54666],[-43.82697,-14.54706],[-43.82617,-14.54451],[-43.85244,-14.53236],[-43.85114,-14.52682],[-43.83993,-14.51077],[-43.81456,-14.52305],[-43.80239,-14.50021],[-43.79913,-14.50101],[-43.78667,-14.51032],[-43.78997,-14.51411],[-43.7853,-14.53512],[-43.79408,-14.53676],[-43.79237,-14.54514],[-43.79637,-14.55091]]],[[[-43.82101,-14.60948],[-43.83642,-14.60211],[-43.8467,-14.59217],[-43.84185,-14.58731],[-43.84375,-14.58582],[-43.83986,-14.57579],[-43.82438,-14.58098],[-43.82124,-14.57081],[-43.8084,-14.57465],[-43.81063,-14.58],[-43.80808,-14.58115],[-43.80077,-14.57005],[-43.79242,-14.57353],[-43.79507,-14.57973],[-43.78823,-14.58325],[-43.78949,-14.59171],[-43.80604,-14.59259],[-43.81195,-14.60267],[-43.81593,-14.60222],[-43.82101,-14.60948]]]]}},{"type":"Feature","properties":{"nome_proje":"PA MARRECA"},"geometry":{"type":"Polygon","coordinates":[[[-43.56782,-14.21463],[-43.57101,-14.22613],[-43.57696,-14.22382],[-43.5784,-14.23246],[-43.5847,-14.22767],[-43.60561,-14.24366],[-43.60838,-14.25039],[-43.61519,-14.24768],[-43.621,-14.25954],[-43.62879,-14.24629],[-43.62478,-14.24391],[-43.61957,-14.22997],[-43.61714,-14.23133],[-43.61084,-14.22502],[-43.62218,-14.22261],[-43.62436,-14.22591],[-43.64968,-14.21305],[-43.64593,-14.19348],[-43.61455,-14.20455],[-43.60517,-14.21334],[-43.59605,-14.1917],[-43.5689,-14.19672],[-43.56782,-14.21463]]]}},{"type":"Feature","properties":{"nome_proje":"PA MEL DE ABELHA"},"geometry":{"type":"Polygon","coordinates":[[[-43.71866,-14.0026],[-43.72413,-14.03771],[-43.75425,-14.03329],[-43.75665,-14.04326],[-43.76206,-14.04436],[-43.76022,-14.0325],[-43.79287,-14.02637],[-43.78311,-14.02292],[-43.75928,-14.02567],[-43.75714,-14.00763],[-43.71866,-14.0026]]]}},{"type":"Feature","properties":{"nome_proje":"PAQ ESP. QUILOMBOLA RUMO AO RIO"},"geometry":{"type":"Polygon","coordinates":[[[-43.48501,-13.91335],[-43.51212,-13.91182],[-43.5368,-13.90469],[-43.53511,-13.89262],[-43.54044,-13.89226],[-43.5419,-13.88597],[-43.48582,-13.89409],[-43.47617,-13.89923],[-43.48501,-13.91335]]]}},{"type":"Feature","properties":{"nome_proje":"PA RIO DAS RÃS II"},"geometry":{"type":"Polygon","coordinates":[[[-43.32887,-13.86135],[-43.35061,-13.88175],[-43.35839,-13.87163],[-43.36768,-13.87139],[-43.41873,-13.87702],[-43.43803,-13.88751],[-43.44071,-13.87346],[-43.44454,-13.87166],[-43.45209,-13.87467],[-43.45274,-13.8657],[-43.38642,-13.85832],[-43.38483,-13.86235],[-43.37826,-13.86364],[-43.37614,-13.85765],[-43.33789,-13.85081],[-43.32887,-13.86135]]]}},{"type":"Feature","properties":{"nome_proje":"PAQ ESP. QUILOMBOLA PARATECA"},"geometry":{"type":"Polygon","coordinates":[[[-43.49184,-13.86132],[-43.4896,-13.86774],[-43.50302,-13.86849],[-43.56241,-13.86044],[-43.56192,-13.85581],[-43.49184,-13.86132]]]}},{"type":"Feature","properties":{"nome_proje":"PA GROTA DO ESPINHO"},"geometry":{"type":"MultiPolygon","coordinates":[[[[-44.36182,-14.44376],[-44.36822,-14.44036],[-44.36625,-14.43412],[-44.3619,-14.4343],[-44.36182,-14.44376]]],[[[-44.31681,-14.47802],[-44.33104,-14.47456],[-44.33916,-14.46357],[-44.33806,-14.44796],[-44.36032,-14.44395],[-44.36161,-14.43432],[-44.33754,-14.43825],[-44.33659,-14.43425],[-44.29623,-14.44478],[-44.30195,-14.44709],[-44.29985,-14.4547],[-44.31361,-14.4572],[-44.31154,-14.46729],[-44.31653,-14.4717],[-44.31681,-14.47802]]]]}},{"type":"Feature","properties":{"nome_proje":"PA TREVO PORTO AGRÁRIO"},"geometry":{"type":"MultiPolygon","coordinates":[[[[-43.85336,-14.37353],[-43.86395,-14.37049],[-43.88814,-14.36785],[-43.89336,-14.36857],[-43.89555,-14.3673],[-43.91136,-14.36328],[-43.91603,-14.36243],[-43.92092,-14.35866],[-43.92386,-14.35739],[-43.92627,-14.35691],[-43.93068,-14.35644],[-43.93532,-14.35804],[-43.93753,-14.35952],[-43.94114,-14.36241],[-43.91507,-14.30407],[-43.9098,-14.30316],[-43.91116,-14.29685],[-43.9066,-14.30071],[-43.9042,-14.2934],[-43.90157,-14.29881],[-43.8934,-14.30157],[-43.89265,-14.29289],[-43.88954,-14.29685],[-43.89057,-14.30716],[-43.88213,-14.30963],[-43.88079,-14.30721],[-43.88127,-14.31171],[-43.87381,-14.31141],[-43.87367,-14.31462],[-43.86922,-14.30981],[-43.86166,-14.31247],[-43.85244,-14.30775],[-43.85122,-14.31352],[-43.85535,-14.31808],[-43.85055,-14.31818],[-43.8459,-14.31321],[-43.84644,-14.32218],[-43.83607,-14.31131],[-43.8259,-14.31629],[-43.81981,-14.3116],[-43.81761,-14.31408],[-43.82176,-14.32379],[-43.81489,-14.32073],[-43.81439,-14.32666],[-43.80835,-14.32527],[-43.80719,-14.33283],[-43.7996,-14.33854],[-43.79508,-14.33559],[-43.78369,-14.33732],[-43.79218,-14.34457],[-43.80359,-14.36357],[-43.81371,-14.37221],[-43.81824,-14.37128],[-43.8055,-14.35749],[-43.80103,-14.3509],[-43.79437,-14.34454],[-43.78938,-14.34133],[-43.7855,-14.33791],[-43.79444,-14.34446],[-43.80111,-14.35083],[-43.81837,-14.37127],[-43.83075,-14.37028],[-43.83852,-14.36873],[-43.84084,-14.36856],[-43.85336,-14.37353]]],[[[-43.82355,-14.39731],[-43.84405,-14.39365],[-43.87618,-14.37287],[-43.87545,-14.36968],[-43.85391,-14.37364],[-43.85249,-14.37347],[-43.84083,-14.36867],[-43.83126,-14.37033],[-43.82157,-14.3711],[-43.82415,-14.37474],[-43.81609,-14.37645],[-43.82355,-14.39731]]],[[[-43.98373,-14.48467],[-43.97727,-14.45565],[-43.94122,-14.3626],[-43.93527,-14.35813],[-43.92629,-14.35702],[-43.91608,-14.36253],[-43.89339,-14.36868],[-43.88565,-14.36879],[-43.92649,-14.418],[-43.94413,-14.45408],[-43.96562,-14.47678],[-43.98373,-14.48467]]]]}},{"type":"Feature","properties":{"nome_proje":"PA NOVA UNIAO"},"geometry":{"type":"Polygon","coordinates":[[[-44.41718,-14.38026],[-44.42454,-14.36441],[-44.40358,-14.34794],[-44.39205,-14.35489],[-44.38329,-14.36707],[-44.38638,-14.37272],[-44.38021,-14.38686],[-44.39445,-14.39268],[-44.40086,-14.41361],[-44.40379,-14.41494],[-44.40978,-14.41337],[-44.40179,-14.39558],[-44.41416,-14.37944],[-44.41718,-14.38026]]]}},{"type":"Feature","properties":{"nome_proje":"PA PARAÍSO SALOBRO"},"geometry":{"type":"Polygon","coordinates":[[[-44.5611,-14.34003],[-44.55735,-14.33563],[-44.55169,-14.33671],[-44.54118,-14.36127],[-44.52197,-14.35365],[-44.50854,-14.35587],[-44.51405,-14.36654],[-44.52406,-14.37242],[-44.52637,-14.36812],[-44.5444,-14.36481],[-44.54943,-14.35365],[-44.56373,-14.34693],[-44.56567,-14.33989],[-44.5611,-14.34003]]]}},{"type":"Feature","properties":{"nome_proje":"PA GROTA DO ESCURO"},"geometry":{"type":"Polygon","coordinates":[[[-44.05366,-14.2855],[-44.05651,-14.30626],[-44.05595,-14.346],[-44.07601,-14.34142],[-44.07809,-14.36063],[-44.08822,-14.36255],[-44.10127,-14.33243],[-44.11108,-14.3337],[-44.10479,-14.40264],[-44.13382,-14.38771],[-44.13226,-14.383],[-44.1428,-14.37316],[-44.14421,-14.36746],[-44.1258,-14.36405],[-44.13,-14.32714],[-44.12157,-14.32949],[-44.11067,-14.30873],[-44.06329,-14.31279],[-44.05583,-14.28442],[-44.05366,-14.2855]]]}},{"type":"Feature","properties":{"nome_proje":"PA GERAIS SALINAS/CAATINGA DE N. SRA. CONCEICAO"},"geometry":{"type":"Polygon","coordinates":[[[-44.00365,-14.04525],[-44.00247,-14.04149],[-43.99915,-14.04137],[-44.0029,-14.06215],[-44.01601,-14.06231],[-44.01578,-14.0727],[-44.02674,-14.0796],[-44.03781,-14.06156],[-44.0462,-14.05667],[-44.03977,-14.04123],[-44.04108,-14.03278],[-44.02915,-14.03613],[-44.02974,-14.0397],[-44.00365,-14.04525]]]}},{"type":"Feature","properties":{"nome_proje":"PA BRASILANDIA"},"geometry":{"type":"Polygon","coordinates":[[[-44.02964,-14.01295],[-44.02771,-14.00576],[-44.02162,-14.0035],[-44.02631,-13.98745],[-44.02369,-13.9861],[-44.01745,-14.00414],[-44.01477,-14.0028],[-44.01203,-14.00951],[-44.00712,-14.01069],[-44.00837,-14.02421],[-44.01313,-14.03026],[-44.00247,-14.04149],[-44.00365,-14.04525],[-44.02974,-14.0397],[-44.02915,-14.03613],[-44.04108,-14.03278],[-44.04682,-14.0067],[-44.04521,-13.98208],[-44.0407,-14.00549],[-44.03256,-14.00561],[-44.03246,-14.01243],[-44.02964,-14.01295]]]}},{"type":"Feature","properties":{"nome_proje":"PA GERAL PITUBA"},"geometry":{"type":"Polygon","coordinates":[[[-43.85731,-13.98138],[-43.84297,-13.99157],[-43.84678,-13.99753],[-43.86224,-13.9869],[-43.85731,-13.98138]]]}},{"type":"Feature","properties":{"nome_proje":"PA SÃO LUCAS"},"geometry":{"type":"Polygon","coordinates":[[[-44.09941,-14.05398],[-44.0948,-14.04673],[-44.08744,-14.05156],[-44.08028,-14.03803],[-44.08084,-14.02772],[-44.07743,-14.02739],[-44.07312,-14.01548],[-44.08658,-14.01474],[-44.08885,-13.99724],[-44.09404,-13.98926],[-44.09766,-13.988],[-44.10028,-13.99386],[-44.09539,-14.00271],[-44.10212,-14.00246],[-44.1032,-13.99376],[-44.1074,-13.99182],[-44.10667,-14.00461],[-44.1119,-14.00253],[-44.11185,-13.99077],[-44.12161,-13.98852],[-44.1178,-13.98086],[-44.1115,-13.98568],[-44.10797,-13.97721],[-44.10304,-13.97583],[-44.10636,-13.97209],[-44.11178,-13.97315],[-44.10332,-13.96285],[-44.10668,-13.95643],[-44.11288,-13.95398],[-44.109,-13.95121],[-44.11234,-13.94856],[-44.10815,-13.94939],[-44.10569,-13.94625],[-44.10952,-13.94559],[-44.11095,-13.94173],[-44.10238,-13.93537],[-44.09956,-13.93813],[-44.09789,-13.93549],[-44.10156,-13.93274],[-44.09948,-13.92889],[-44.09097,-13.92583],[-44.09344,-13.9172],[-44.09098,-13.91317],[-44.08528,-13.91185],[-44.07992,-13.91344],[-44.08129,-13.91601],[-44.07754,-13.91908],[-44.08477,-13.91627],[-44.08362,-13.92585],[-44.0798,-13.92883],[-44.08632,-13.93376],[-44.08329,-13.93688],[-44.08668,-13.94064],[-44.07391,-13.93895],[-44.07248,-13.95148],[-44.08051,-13.95308],[-44.08302,-13.95945],[-44.07917,-13.95996],[-44.08535,-13.96809],[-44.07307,-13.97369],[-44.07259,-13.99535],[-44.06474,-13.98935],[-44.0588,-14.01985],[-44.07202,-14.01934],[-44.0716,-14.02651],[-44.05909,-14.05934],[-44.08598,-14.05154],[-44.09023,-14.05569],[-44.09941,-14.05398]]]}},{"type":"Feature","properties":{"nome_proje":"PA CAATINGA DE N. S. DA CONCEIÇÃO"},"geometry":{"type":"MultiPolygon","coordinates":[[[[-43.98229,-13.95676],[-43.98328,-13.95445],[-43.97698,-13.96307],[-43.98229,-13.95676]]],[[[-43.97172,-13.96926],[-43.96926,-13.98055],[-43.9439,-13.99874],[-43.93101,-14.01337],[-43.97691,-13.9877],[-43.97863,-14.00774],[-43.94155,-14.01842],[-43.94807,-14.03484],[-43.96455,-14.02588],[-43.97307,-14.02492],[-43.97914,-14.01212],[-43.99694,-14.0022],[-44.00758,-13.98916],[-44.00959,-13.98323],[-43.99933,-13.98018],[-44.0082,-13.95459],[-44.04438,-13.91192],[-44.04219,-13.91249],[-44.04258,-13.90923],[-44.04039,-13.90785],[-43.99824,-13.95614],[-43.99961,-13.97479],[-43.98813,-13.97678],[-43.97424,-13.97147],[-43.97181,-13.96922],[-43.97698,-13.96307],[-43.97172,-13.96926]]]]}},{"type":"Feature","properties":{"nome_proje":"PA GERAL PITUBA"},"geometry":{"type":"MultiPolygon","coordinates":[[[[-43.90647,-13.95723],[-43.89338,-13.96871],[-43.8968,-13.97432],[-43.9136,-13.96402],[-43.90647,-13.95723]]],[[[-43.85731,-13.98138],[-43.84297,-13.99157],[-43.84678,-13.99753],[-43.86224,-13.9869],[-43.85731,-13.98138]]],[[[-43.88162,-13.93997],[-43.86569,-13.95273],[-43.87796,-13.96571],[-43.86813,-13.96957],[-43.85738,-13.98129],[-43.86233,-13.98684],[-43.89332,-13.96862],[-43.90637,-13.95717],[-43.91334,-13.94102],[-43.88162,-13.93997]]]]}},{"type":"Feature","properties":{"nome_proje":"PA BOQUEIRÃO E OUTRAS"},"geometry":{"type":"Polygon","coordinates":[[[-44.053,-13.9244],[-44.04382,-13.93459],[-44.04697,-13.93733],[-44.02408,-13.9683],[-44.03266,-13.97394],[-44.03563,-13.9719],[-44.03917,-13.97645],[-44.05061,-13.95479],[-44.05274,-13.95567],[-44.04809,-13.96747],[-44.05298,-13.96952],[-44.05497,-13.96634],[-44.06423,-13.93881],[-44.06195,-13.9339],[-44.06579,-13.92788],[-44.05806,-13.92516],[-44.05334,-13.9311],[-44.053,-13.9244]]]}},{"type":"Feature","properties":{"nome_proje":"PA FAZ SANTA HELENA"},"geometry":{"type":"Polygon","coordinates":[[[-43.97304,-13.9186],[-43.95528,-13.9465],[-43.91973,-13.97657],[-43.9254,-13.98367],[-43.92026,-13.98531],[-43.93563,-14.00817],[-43.94891,-13.99509],[-43.93738,-13.98746],[-43.94371,-13.98229],[-43.93858,-13.97531],[-43.97165,-13.94829],[-43.98322,-13.92531],[-44,-13.92715],[-43.99804,-13.93191],[-44.0006,-13.93579],[-44.01976,-13.90638],[-44.00114,-13.91456],[-43.99953,-13.88655],[-43.97304,-13.9186]]]}},{"type":"Feature","properties":{"nome_proje":"PA FAZ SANTA HELENA"},"geometry":{"type":"Polygon","coordinates":[[[-43.99953,-13.88655],[-43.98261,-13.90947],[-43.97837,-13.91017],[-43.95918,-13.94216],[-43.91973,-13.97657],[-43.9254,-13.98367],[-43.92026,-13.98531],[-43.93563,-14.00817],[-43.94891,-13.99509],[-43.93738,-13.98746],[-43.94371,-13.98229],[-43.93858,-13.97531],[-43.97165,-13.94829],[-43.98322,-13.92531],[-44,-13.92715],[-43.99804,-13.93191],[-44.0006,-13.93579],[-44.01976,-13.90638],[-44.00114,-13.91456],[-43.99953,-13.88655]]]}},{"type":"Feature","properties":{"nome_proje":"PA CACIMBA"},"geometry":{"type":"Polygon","coordinates":[[[-44.23776,-13.87454],[-44.22432,-13.86785],[-44.22191,-13.87974],[-44.22694,-13.88367],[-44.23807,-13.88161],[-44.24344,-13.88406],[-44.24256,-13.89276],[-44.24609,-13.89346],[-44.24894,-13.88623],[-44.24144,-13.88153],[-44.23776,-13.87454]]]}},{"type":"Feature","properties":{"nome_proje":"PA PAI JOÃO FOAGRO"},"geometry":{"type":"Polygon","coordinates":[[[-44.06975,-13.80707],[-44.06976,-13.81411],[-44.05807,-13.8243],[-44.04851,-13.80853],[-44.03932,-13.80652],[-44.04546,-13.81601],[-44.04451,-13.82474],[-44.04802,-13.83095],[-44.04281,-13.83371],[-44.04128,-13.83932],[-44.02911,-13.84466],[-44.02795,-13.84834],[-44.03258,-13.85407],[-44.04297,-13.85515],[-44.04071,-13.86494],[-44.04305,-13.86552],[-44.04986,-13.85719],[-44.05401,-13.85723],[-44.05601,-13.86178],[-44.07683,-13.85649],[-44.05306,-13.90613],[-44.0909,-13.91314],[-44.13132,-13.93198],[-44.13694,-13.92117],[-44.13023,-13.91784],[-44.12949,-13.90789],[-44.13758,-13.9061],[-44.13984,-13.90178],[-44.16472,-13.91256],[-44.16176,-13.91777],[-44.1657,-13.92143],[-44.16494,-13.92507],[-44.15154,-13.93429],[-44.15312,-13.93812],[-44.15805,-13.9388],[-44.16607,-13.93448],[-44.1662,-13.92882],[-44.17233,-13.92193],[-44.17717,-13.92091],[-44.17676,-13.91645],[-44.14902,-13.9027],[-44.14923,-13.87978],[-44.1415,-13.87283],[-44.14462,-13.86801],[-44.13959,-13.85803],[-44.13981,-13.84944],[-44.14357,-13.84475],[-44.15115,-13.84645],[-44.1631,-13.83937],[-44.16645,-13.82162],[-44.1588,-13.82426],[-44.1537,-13.82251],[-44.14865,-13.82843],[-44.14319,-13.826],[-44.13287,-13.82821],[-44.11194,-13.82124],[-44.08461,-13.82026],[-44.08055,-13.80461],[-44.07732,-13.80571],[-44.07558,-13.80296],[-44.06975,-13.80707]]]}},{"type":"Feature","properties":{"nome_proje":"PA FAZ REUNIDAS PAI JOÃO"},"geometry":{"type":"MultiPolygon","coordinates":[[[[-44.10097,-13.79641],[-44.09314,-13.78811],[-44.08245,-13.7893],[-44.05612,-13.80281],[-44.05759,-13.80565],[-44.06244,-13.80523],[-44.06477,-13.81846],[-44.06976,-13.81411],[-44.06975,-13.80707],[-44.07558,-13.80296],[-44.08128,-13.80549],[-44.08461,-13.82026],[-44.11194,-13.82124],[-44.1374,-13.82805],[-44.14498,-13.82219],[-44.1588,-13.82426],[-44.16645,-13.82162],[-44.1631,-13.83937],[-44.15115,-13.84645],[-44.14391,-13.84505],[-44.13981,-13.84944],[-44.13959,-13.85803],[-44.14472,-13.86945],[-44.1415,-13.87283],[-44.14923,-13.87978],[-44.15076,-13.9041],[-44.16466,-13.90827],[-44.17676,-13.91645],[-44.17611,-13.92112],[-44.18027,-13.92301],[-44.18604,-13.92125],[-44.19351,-13.90479],[-44.20445,-13.89319],[-44.21398,-13.89127],[-44.22472,-13.88359],[-44.21946,-13.87785],[-44.2103,-13.88488],[-44.20495,-13.88491],[-44.20294,-13.87912],[-44.206,-13.87292],[-44.20099,-13.87141],[-44.20078,-13.86646],[-44.19534,-13.86562],[-44.19185,-13.85863],[-44.19879,-13.84095],[-44.19323,-13.83638],[-44.19023,-13.82753],[-44.18167,-13.82613],[-44.17516,-13.82008],[-44.17817,-13.80916],[-44.18796,-13.80897],[-44.17226,-13.79539],[-44.16972,-13.78203],[-44.14219,-13.78915],[-44.13088,-13.77756],[-44.10097,-13.79641]]],[[[-44.20502,-13.85456],[-44.2065,-13.85292],[-44.20871,-13.84998],[-44.20527,-13.8516],[-44.20502,-13.85456]]]]}},{"type":"Feature","properties":{"nome_proje":"PA PAI JOÃO FOAGRO"},"geometry":{"type":"MultiPolygon","coordinates":[[[[-44.04119,-13.86492],[-44.05353,-13.85608],[-44.05874,-13.86054],[-44.06952,-13.85975],[-44.07831,-13.8534],[-44.08886,-13.85082],[-44.1114,-13.85131],[-44.13435,-13.83649],[-44.136,-13.83227],[-44.14934,-13.82827],[-44.19179,-13.85694],[-44.19879,-13.84095],[-44.19323,-13.83638],[-44.19023,-13.82753],[-44.17731,-13.82332],[-44.17504,-13.815],[-44.1796,-13.80841],[-44.1921,-13.80792],[-44.17896,-13.7954],[-44.17671,-13.78199],[-44.15219,-13.78922],[-44.14221,-13.77755],[-44.11396,-13.7977],[-44.10808,-13.78805],[-44.0929,-13.79118],[-44.07,-13.80712],[-44.07003,-13.81413],[-44.05841,-13.82428],[-44.04885,-13.80843],[-44.04235,-13.80528],[-44.03968,-13.80714],[-44.04576,-13.81614],[-44.04471,-13.82472],[-44.04845,-13.83097],[-44.0435,-13.83337],[-44.04157,-13.83932],[-44.02926,-13.84488],[-44.02821,-13.84848],[-44.03273,-13.8541],[-44.04055,-13.85274],[-44.03778,-13.85541],[-44.04181,-13.85568],[-44.04119,-13.86492]]],[[[-44.20367,-13.86362],[-44.20366,-13.86355],[-44.2036,-13.86363],[-44.20367,-13.86362]]],[[[-44.20543,-13.85646],[-44.20817,-13.85451],[-44.21302,-13.84782],[-44.20573,-13.85103],[-44.20543,-13.85646]]]]}},{"type":"Feature","properties":{"nome_proje":"PA FAZENDA SERRA GRANDE"},"geometry":{"type":"Polygon","coordinates":[[[-44.10064,-13.73423],[-44.11013,-13.7372],[-44.1106,-13.74036],[-44.10703,-13.75837],[-44.09524,-13.76393],[-44.09204,-13.77163],[-44.08757,-13.77246],[-44.08206,-13.77901],[-44.08474,-13.78036],[-44.07728,-13.78736],[-44.07323,-13.78883],[-44.06716,-13.7796],[-44.06216,-13.77967],[-44.04695,-13.80372],[-44.06851,-13.8081],[-44.09149,-13.79172],[-44.10806,-13.78803],[-44.11395,-13.79768],[-44.13183,-13.7847],[-44.12827,-13.77054],[-44.1487,-13.77301],[-44.14944,-13.73037],[-44.13772,-13.71285],[-44.11161,-13.71852],[-44.111,-13.723],[-44.10064,-13.73423]]]}},{"type":"Feature","properties":{"nome_proje":"PA FEIRINHA/MARREQUEIRO"},"geometry":{"type":"MultiPolygon","coordinates":[[[[-43.72099,-13.74527],[-43.70478,-13.74872],[-43.68812,-13.80964],[-43.70771,-13.93389],[-43.78664,-13.93657],[-43.764,-13.83884],[-43.7472,-13.84219],[-43.74514,-13.83347],[-43.73436,-13.83593],[-43.72789,-13.80896],[-43.72423,-13.80978],[-43.71565,-13.77421],[-43.72861,-13.77144],[-43.72099,-13.74527]]],[[[-43.70204,-13.73999],[-43.61091,-13.76054],[-43.61372,-13.83286],[-43.62643,-13.82741],[-43.63404,-13.86101],[-43.64526,-13.86025],[-43.64729,-13.87465],[-43.65519,-13.88137],[-43.65374,-13.8854],[-43.66274,-13.88403],[-43.67097,-13.8971],[-43.6759,-13.93271],[-43.70714,-13.93387],[-43.68753,-13.81131],[-43.70419,-13.74868],[-43.70204,-13.73999]]]]}},{"type":"Feature","properties":{"nome_proje":"PAQ ESPECIAL QUILOMBOLA RIO DAS RÃS"},"geometry":{"type":"Polygon","coordinates":[[[-43.39242,-13.69518],[-43.35204,-13.70281],[-43.36351,-13.73351],[-43.29253,-13.81377],[-43.29791,-13.82411],[-43.29955,-13.83626],[-43.3336,-13.85664],[-43.33778,-13.85077],[-43.45265,-13.86566],[-43.45031,-13.87165],[-43.4526,-13.87506],[-43.46733,-13.86568],[-43.46806,-13.8597],[-43.47304,-13.85736],[-43.47319,-13.85173],[-43.48256,-13.84998],[-43.48354,-13.84096],[-43.48026,-13.83124],[-43.48975,-13.82814],[-43.49888,-13.81722],[-43.51013,-13.81628],[-43.51069,-13.80843],[-43.52017,-13.79741],[-43.58536,-13.81432],[-43.58529,-13.80182],[-43.59264,-13.77814],[-43.58981,-13.76314],[-43.58351,-13.75584],[-43.55732,-13.74574],[-43.54975,-13.73898],[-43.54611,-13.72823],[-43.54888,-13.69241],[-43.39798,-13.72176],[-43.39242,-13.69518]]]}},{"type":"Feature","properties":{"nome_proje":"PA RESSUREIÇÃO"},"geometry":{"type":"Polygon","coordinates":[[[-43.39242,-13.69518],[-43.35204,-13.70281],[-43.36351,-13.73351],[-43.29253,-13.81377],[-43.29791,-13.82411],[-43.29955,-13.83626],[-43.3336,-13.85664],[-43.33778,-13.85077],[-43.45265,-13.86566],[-43.45031,-13.87165],[-43.4526,-13.87506],[-43.46733,-13.86568],[-43.46806,-13.8597],[-43.47304,-13.85736],[-43.47319,-13.85173],[-43.48256,-13.84998],[-43.48354,-13.84096],[-43.48026,-13.83124],[-43.48975,-13.82814],[-43.49888,-13.81722],[-43.51013,-13.81628],[-43.51069,-13.80843],[-43.52017,-13.79741],[-43.58536,-13.81432],[-43.58529,-13.80182],[-43.59264,-13.77814],[-43.58981,-13.76314],[-43.58351,-13.75584],[-43.55732,-13.74574],[-43.54975,-13.73898],[-43.54611,-13.72823],[-43.54888,-13.69241],[-43.39798,-13.72176],[-43.39242,-13.69518]]]}},{"type":"Feature","properties":{"nome_proje":"PAQ ESP QUILOMBOLA PITOMBEIRA"},"geometry":{"type":"Polygon","coordinates":[[[-43.55147,-13.66806],[-43.39242,-13.69518],[-43.39798,-13.72172],[-43.54778,-13.69263],[-43.54752,-13.68683],[-43.54414,-13.68566],[-43.54923,-13.68542],[-43.55147,-13.66806]]]}},{"type":"Feature","properties":{"nome_proje":"PA CONTENDAS"},"geometry":{"type":"Polygon","coordinates":[[[-43.06516,-13.65967],[-43.03519,-13.6716],[-43.03109,-13.68504],[-43.03273,-13.71264],[-43.04527,-13.71012],[-43.06125,-13.7178],[-43.06826,-13.70266],[-43.08402,-13.70436],[-43.08628,-13.66489],[-43.06878,-13.66346],[-43.06516,-13.65967]]]}},{"type":"Feature","properties":{"nome_proje":"PA CURRAL DAS VARGENS"},"geometry":{"type":"Polygon","coordinates":[[[-43.36365,-13.73358],[-43.35211,-13.70285],[-43.44466,-13.68458],[-43.44243,-13.67195],[-43.43768,-13.67278],[-43.43682,-13.66813],[-43.35164,-13.68341],[-43.35054,-13.62274],[-43.32069,-13.65105],[-43.32431,-13.65601],[-43.31135,-13.65928],[-43.31183,-13.71097],[-43.28204,-13.7173],[-43.27666,-13.68863],[-43.24306,-13.70573],[-43.24505,-13.71139],[-43.24928,-13.70954],[-43.26217,-13.74786],[-43.2849,-13.74298],[-43.28825,-13.75254],[-43.31456,-13.71887],[-43.35173,-13.74903],[-43.36365,-13.73358]]]}},{"type":"Feature","properties":{"nome_proje":"PA BATALHA"},"geometry":{"type":"Polygon","coordinates":[[[-43.44668,-13.59767],[-43.35052,-13.6098],[-43.35165,-13.68339],[-43.55065,-13.64645],[-43.51359,-13.58221],[-43.44668,-13.59767]]]}},{"type":"Feature","properties":{"nome_proje":"PA RESERVA OESTE"},"geometry":{"type":"Polygon","coordinates":[[[-43.80691,-13.41709],[-43.78901,-13.42135],[-43.79531,-13.44843],[-43.79115,-13.4681],[-43.79282,-13.50774],[-43.7871,-13.51324],[-43.79403,-13.51882],[-43.79004,-13.51926],[-43.79018,-13.52274],[-43.76866,-13.5275],[-43.77369,-13.53705],[-43.7608,-13.53827],[-43.75948,-13.52152],[-43.75111,-13.50921],[-43.7549,-13.49969],[-43.7509,-13.49352],[-43.75768,-13.48201],[-43.75326,-13.48143],[-43.74551,-13.48853],[-43.73829,-13.4888],[-43.74186,-13.5038],[-43.74542,-13.50742],[-43.74383,-13.51199],[-43.72572,-13.51578],[-43.72918,-13.52678],[-43.73937,-13.53067],[-43.75442,-13.59665],[-43.76818,-13.6295],[-43.76296,-13.6322],[-43.7705,-13.66287],[-43.77632,-13.6629],[-43.78154,-13.68432],[-43.77575,-13.68573],[-43.78199,-13.71256],[-43.81273,-13.70493],[-43.82186,-13.70893],[-43.81941,-13.71175],[-43.82355,-13.7159],[-43.82212,-13.72142],[-43.82514,-13.72058],[-43.82739,-13.724],[-43.83414,-13.72329],[-43.83954,-13.7176],[-43.83956,-13.713],[-43.84802,-13.70894],[-43.85366,-13.69538],[-43.86289,-13.6982],[-43.87349,-13.69697],[-43.80691,-13.41709]]]}},{"type":"Feature","properties":{"nome_proje":"PAE SÃO FRANCISCO"},"geometry":{"type":"Polygon","coordinates":[[[-43.43786,-13.25673],[-43.45751,-13.29567],[-43.46835,-13.328],[-43.46668,-13.3433],[-43.47068,-13.35664],[-43.46106,-13.38226],[-43.44577,-13.39988],[-43.4356,-13.4234],[-43.43496,-13.43922],[-43.4448,-13.47786],[-43.45081,-13.53195],[-43.46256,-13.54995],[-43.47875,-13.56559],[-43.4901,-13.57059],[-43.50992,-13.5721],[-43.5186,-13.57677],[-43.5327,-13.59456],[-43.54974,-13.62881],[-43.55705,-13.63741],[-43.56264,-13.65982],[-43.55071,-13.71352],[-43.56298,-13.73756],[-43.59465,-13.76019],[-43.59718,-13.78061],[-43.5886,-13.80726],[-43.59201,-13.81389],[-43.61385,-13.83387],[-43.61091,-13.76054],[-43.60472,-13.73411],[-43.58339,-13.73857],[-43.57022,-13.69439],[-43.57124,-13.68474],[-43.56719,-13.66674],[-43.57443,-13.66518],[-43.57132,-13.64707],[-43.5659,-13.64827],[-43.55001,-13.62361],[-43.54188,-13.59692],[-43.53702,-13.59805],[-43.53209,-13.58025],[-43.52668,-13.58147],[-43.51922,-13.57393],[-43.51705,-13.56474],[-43.52792,-13.56218],[-43.52168,-13.53589],[-43.52112,-13.51724],[-43.52319,-13.51692],[-43.51256,-13.48194],[-43.50533,-13.48361],[-43.50242,-13.4633],[-43.49878,-13.46396],[-43.49518,-13.4475],[-43.49877,-13.44664],[-43.48665,-13.40357],[-43.48637,-13.39389],[-43.48998,-13.3931],[-43.48368,-13.36647],[-43.4831,-13.34784],[-43.47719,-13.33028],[-43.4769,-13.32104],[-43.4823,-13.31986],[-43.46782,-13.25828],[-43.43786,-13.25673]]]}},{"type":"Feature","properties":{"nome_proje":"PA NOVA VOLTA"},"geometry":{"type":"Polygon","coordinates":[[[-43.36779,-13.42108],[-43.36526,-13.39853],[-43.27315,-13.40739],[-43.27537,-13.43006],[-43.2555,-13.43397],[-43.25751,-13.45183],[-43.42441,-13.43264],[-43.4313,-13.41729],[-43.43105,-13.41447],[-43.36779,-13.42108]]]}},{"type":"Feature","properties":{"nome_proje":"PA BREJO DE SÃO JOSÉ"},"geometry":{"type":"Polygon","coordinates":[[[-42.91382,-13.33425],[-42.92034,-13.33053],[-42.92588,-13.338],[-42.92709,-13.34418],[-42.92145,-13.34857],[-42.92024,-13.35597],[-42.93315,-13.3567],[-42.94171,-13.33799],[-42.95549,-13.33053],[-42.95732,-13.32491],[-42.97118,-13.31162],[-42.97162,-13.30405],[-42.97794,-13.29812],[-42.916,-13.28655],[-42.91382,-13.33425]]]}},{"type":"Feature","properties":{"nome_proje":"PA CSB"},"geometry":{"type":"Polygon","coordinates":[[[-43.61928,-13.26735],[-43.64097,-13.35898],[-43.69505,-13.34672],[-43.6799,-13.28221],[-43.61928,-13.26735]]]}},{"type":"Feature","properties":{"nome_proje":"PA BOA ESPERANÇA"},"geometry":{"type":"Polygon","coordinates":[[[-43.31739,-13.19064],[-43.32446,-13.21523],[-43.35271,-13.20642],[-43.35695,-13.21529],[-43.37874,-13.21559],[-43.37431,-13.20646],[-43.37769,-13.20464],[-43.37381,-13.20103],[-43.36251,-13.20345],[-43.36302,-13.1968],[-43.31739,-13.19064]]]}},{"type":"Feature","properties":{"nome_proje":"PA JACARANDÁ"},"geometry":{"type":"Polygon","coordinates":[[[-43.75801,-13.20606],[-43.77573,-13.21924],[-43.78879,-13.2202],[-43.81939,-13.13072],[-43.82941,-13.14889],[-43.81835,-13.17039],[-43.84351,-13.19813],[-43.85943,-13.17814],[-43.85778,-13.17687],[-43.87345,-13.17227],[-43.84316,-13.12315],[-43.82082,-13.12645],[-43.8247,-13.11347],[-43.79358,-13.10367],[-43.75801,-13.20606]]]}},{"type":"Feature","properties":{"nome_proje":"PA SANTA ROSA"},"geometry":{"type":"Polygon","coordinates":[[[-43.58616,-13.14599],[-43.59534,-13.14811],[-43.62683,-13.06041],[-43.61347,-13.06696],[-43.58721,-13.13982],[-43.58616,-13.14599]]]}},{"type":"Feature","properties":{"nome_proje":"PA CURICACA"},"geometry":{"type":"Polygon","coordinates":[[[-43.44834,-13.04034],[-43.34399,-13.05085],[-43.34331,-13.05487],[-43.29703,-13.05334],[-43.297,-13.05866],[-43.28317,-13.05856],[-43.27527,-13.04577],[-43.23164,-13.04334],[-43.17764,-13.04532],[-43.17555,-13.07123],[-43.38045,-13.06505],[-43.45567,-13.05334],[-43.44834,-13.04034]]]}},{"type":"Feature","properties":{"nome_proje":"PA SÃO JOSÉ/CAMPO GRANDE II"},"geometry":{"type":"Polygon","coordinates":[[[-43.33959,-12.98023],[-43.24267,-12.97893],[-43.2608,-13.01715],[-43.36038,-13.02153],[-43.4154,-13.01636],[-43.39759,-12.99467],[-43.39279,-12.9777],[-43.33959,-12.98023]]]}},{"type":"Feature","properties":{"nome_proje":"PA IMBORÉS, BELA VISTA"},"geometry":{"type":"Polygon","coordinates":[[[-43.57634,-13.01169],[-43.56774,-13.01442],[-43.57679,-13.02848],[-43.56882,-13.03722],[-43.58687,-13.03152],[-43.60711,-13.00542],[-43.61147,-13.01177],[-43.61866,-13.00024],[-43.65456,-12.98063],[-43.65727,-12.96356],[-43.66889,-12.95656],[-43.66793,-12.95422],[-43.56825,-12.99296],[-43.57634,-13.01169]]]}},{"type":"Feature","properties":{"nome_proje":"PA CAMPO GRANDE I"},"geometry":{"type":"Polygon","coordinates":[[[-43.24267,-12.97893],[-43.33959,-12.98023],[-43.39279,-12.9777],[-43.39872,-12.95994],[-43.33428,-12.96614],[-43.22077,-12.96623],[-43.22019,-13.01599],[-43.2608,-13.01715],[-43.24267,-12.97893]]]}},{"type":"Feature","properties":{"nome_proje":"PA MAROLÂNDIA"},"geometry":{"type":"Polygon","coordinates":[[[-43.47359,-12.97598],[-43.49192,-12.9718],[-43.49548,-12.96367],[-43.41176,-12.99087],[-43.41328,-13.0006],[-43.41772,-13.00704],[-43.44242,-12.99013],[-43.47359,-12.97598]]]}},{"type":"Feature","properties":{"nome_proje":"PA PONTA D'AGUA"},"geometry":{"type":"MultiPolygon","coordinates":[[[[-44.3652,-13.67351],[-44.35432,-13.66927],[-44.36104,-13.67409],[-44.3652,-13.67351]]],[[[-44.33902,-13.67168],[-44.3127,-13.67925],[-44.31286,-13.68608],[-44.30565,-13.70119],[-44.28447,-13.72229],[-44.28943,-13.72944],[-44.29728,-13.73202],[-44.30805,-13.73005],[-44.31265,-13.73508],[-44.32229,-13.73776],[-44.32516,-13.73471],[-44.32436,-13.72651],[-44.33529,-13.72293],[-44.33871,-13.71611],[-44.34776,-13.71431],[-44.35278,-13.69518],[-44.32872,-13.68756],[-44.32817,-13.67976],[-44.33902,-13.67168]]],[[[-44.37157,-13.67803],[-44.36971,-13.67669],[-44.37158,-13.67889],[-44.37157,-13.67803]]]]}},{"type":"Feature","properties":{"nome_proje":"PA RUMO NOVO"},"geometry":{"type":"Polygon","coordinates":[[[-43.88289,-13.73218],[-43.892,-13.73166],[-43.89059,-13.72937],[-43.8997,-13.71234],[-43.88066,-13.69586],[-43.86389,-13.6984],[-43.85365,-13.69529],[-43.84808,-13.70892],[-43.83977,-13.71312],[-43.83416,-13.72331],[-43.82673,-13.72405],[-43.82511,-13.72684],[-43.84314,-13.74477],[-43.8529,-13.73615],[-43.86128,-13.74375],[-43.86858,-13.74471],[-43.88289,-13.73218]]]}},{"type":"Feature","properties":{"nome_proje":"PA PEDRA BRANCA"},"geometry":{"type":"Polygon","coordinates":[[[-44.07436,-13.55546],[-44.05898,-13.56881],[-44.05946,-13.59088],[-44.05088,-13.59922],[-44.04385,-13.61552],[-44.09884,-13.61228],[-44.10378,-13.60185],[-44.10686,-13.59077],[-44.08535,-13.58501],[-44.08616,-13.56814],[-44.07436,-13.55546]]]}},{"type":"Feature","properties":{"nome_proje":"PA FAZ BOM SUCESSO E OUTRAS"},"geometry":{"type":"Polygon","coordinates":[[[-44.04186,-13.49341],[-44.03839,-13.50467],[-44.04348,-13.50499],[-44.04124,-13.51084],[-44.03781,-13.50977],[-44.04076,-13.53189],[-44.06367,-13.53854],[-44.07155,-13.52626],[-44.07102,-13.51908],[-44.07758,-13.50041],[-44.04186,-13.49341]]]}},{"type":"Feature","properties":{"nome_proje":"PA FAZ PORTO BONITO"},"geometry":{"type":"Polygon","coordinates":[[[-44.68345,-13.16803],[-44.68218,-13.17174],[-44.6841,-13.17443],[-44.68345,-13.16803]]]}},{"type":"Feature","properties":{"nome_proje":"PA SÃO CAETANO II"},"geometry":{"type":"Polygon","coordinates":[[[-43.51548,-12.96126],[-43.49715,-12.9482],[-43.49489,-12.96535],[-43.52331,-12.98603],[-43.52608,-12.99553],[-43.53998,-12.99028],[-43.53884,-12.98366],[-43.55587,-12.9616],[-43.55216,-12.9472],[-43.53564,-12.92604],[-43.51548,-12.96126]]]}},{"type":"Feature","properties":{"nome_proje":"PA SÃO FELIPE"},"geometry":{"type":"Polygon","coordinates":[[[-43.58706,-12.94678],[-43.58164,-12.95101],[-43.57425,-12.96948],[-43.58017,-12.96735],[-43.57939,-12.97569],[-43.63376,-12.95645],[-43.64274,-12.92501],[-43.61778,-12.93604],[-43.59156,-12.93333],[-43.58706,-12.94678]]]}},{"type":"Feature","properties":{"nome_proje":"PA SANTA RITA"},"geometry":{"type":"Polygon","coordinates":[[[-43.39872,-12.95994],[-43.39624,-12.92667],[-43.3992,-12.91883],[-43.32516,-12.92123],[-43.30786,-12.92552],[-43.21745,-12.92602],[-43.23691,-12.96616],[-43.33428,-12.96614],[-43.39872,-12.95994]]]}},{"type":"Feature","properties":{"nome_proje":"PA CONCEIÇÃO"},"geometry":{"type":"Polygon","coordinates":[[[-43.47904,-12.90234],[-43.47874,-12.90584],[-43.47139,-12.90371],[-43.46569,-12.90626],[-43.4684,-12.9134],[-43.48106,-12.91036],[-43.4908,-12.92295],[-43.4963,-12.92254],[-43.49458,-12.94812],[-43.51541,-12.96138],[-43.53536,-12.92606],[-43.52777,-12.91831],[-43.51023,-12.91252],[-43.50104,-12.90549],[-43.49947,-12.90808],[-43.49224,-12.9073],[-43.47904,-12.90234]]]}},{"type":"Feature","properties":{"nome_proje":"PA REUNIDAS JOSÉ ROSA"},"geometry":{"type":"Polygon","coordinates":[[[-43.50143,-12.90581],[-43.51068,-12.91278],[-43.52842,-12.9188],[-43.55071,-12.94514],[-43.55449,-12.95433],[-43.56605,-12.94619],[-43.58168,-12.95316],[-43.58512,-12.94888],[-43.57681,-12.93612],[-43.58439,-12.93259],[-43.58132,-12.92046],[-43.58397,-12.91473],[-43.56153,-12.90834],[-43.54465,-12.90968],[-43.53697,-12.89995],[-43.52162,-12.90327],[-43.51691,-12.89121],[-43.51169,-12.88912],[-43.50143,-12.90581]]]}},{"type":"Feature","properties":{"nome_proje":"PA SANTO ANTONIO"},"geometry":{"type":"Polygon","coordinates":[[[-43.18725,-12.86857],[-43.16919,-12.88191],[-43.16502,-12.87643],[-43.14385,-12.88543],[-43.14017,-12.88273],[-43.14251,-12.8963],[-43.18201,-12.89403],[-43.19479,-12.89766],[-43.20291,-12.89616],[-43.19084,-12.87517],[-43.1922,-12.87172],[-43.18725,-12.86857]]]}},{"type":"Feature","properties":{"nome_proje":"PA RIACHO DOS CAVALOS"},"geometry":{"type":"Polygon","coordinates":[[[-43.49005,-12.84739],[-43.4997,-12.88043],[-43.50469,-12.87958],[-43.50857,-12.8734],[-43.50925,-12.86148],[-43.52125,-12.86201],[-43.52101,-12.87026],[-43.51023,-12.87566],[-43.51117,-12.88861],[-43.53289,-12.90043],[-43.5363,-12.89956],[-43.53845,-12.90345],[-43.5314,-12.86555],[-43.54299,-12.86219],[-43.54365,-12.85021],[-43.53753,-12.84993],[-43.53705,-12.84665],[-43.52599,-12.84283],[-43.52224,-12.83076],[-43.49005,-12.84739]]]}},{"type":"Feature","properties":{"nome_proje":"PA NOVA ESPERANÇA"},"geometry":{"type":"Polygon","coordinates":[[[-43.44903,-12.77897],[-43.34406,-12.80489],[-43.36358,-12.85395],[-43.38716,-12.83752],[-43.39162,-12.84167],[-43.41407,-12.82702],[-43.41856,-12.83885],[-43.42272,-12.83632],[-43.41757,-12.82526],[-43.42003,-12.82298],[-43.42417,-12.83472],[-43.42632,-12.83078],[-43.43093,-12.83065],[-43.42895,-12.81659],[-43.44639,-12.81497],[-43.44757,-12.82633],[-43.45237,-12.82481],[-43.4526,-12.80986],[-43.47412,-12.81012],[-43.46575,-12.80386],[-43.4703,-12.80034],[-43.44903,-12.77897]]]}},{"type":"Feature","properties":{"nome_proje":"PA RIACHO DOS PORCOS"},"geometry":{"type":"Polygon","coordinates":[[[-43.07888,-12.74846],[-43.17817,-12.88129],[-43.32274,-12.77636],[-43.29638,-12.7469],[-43.28695,-12.74174],[-43.27078,-12.71388],[-43.25074,-12.69849],[-43.18411,-12.74732],[-43.13608,-12.68134],[-43.08055,-12.70465],[-43.08281,-12.71091],[-43.0772,-12.73106],[-43.07888,-12.74846]]]}},{"type":"Feature","properties":{"nome_proje":"PA LAGOA DA ONÇA"},"geometry":{"type":"Polygon","coordinates":[[[-43.57829,-12.76534],[-43.5939,-12.80249],[-43.609,-12.82167],[-43.63243,-12.81486],[-43.63873,-12.82053],[-43.66035,-12.80381],[-43.6583,-12.79446],[-43.65137,-12.79412],[-43.65309,-12.78236],[-43.66358,-12.7801],[-43.66382,-12.77167],[-43.65854,-12.77146],[-43.65839,-12.76454],[-43.63975,-12.76604],[-43.62633,-12.77338],[-43.61315,-12.78916],[-43.60772,-12.78559],[-43.5817,-12.72041],[-43.55767,-12.74465],[-43.57829,-12.76534]]]}},{"type":"Feature","properties":{"nome_proje":"PAQ QUILOMBOLA BARRO VERMELHO"},"geometry":{"type":"Polygon","coordinates":[[[-43.34939,-12.72566],[-43.31123,-12.7642],[-43.33949,-12.78461],[-43.3491,-12.80366],[-43.41343,-12.78797],[-43.3794,-12.69569],[-43.35508,-12.70842],[-43.33737,-12.71066],[-43.34939,-12.72566]]]}},{"type":"Feature","properties":{"nome_proje":"PA MANGAL I"},"geometry":{"type":"Polygon","coordinates":[[[-43.3794,-12.69569],[-43.41343,-12.78797],[-43.43721,-12.78246],[-43.40225,-12.68531],[-43.3794,-12.69569]]]}},{"type":"Feature","properties":{"nome_proje":"PA TALISMÃ"},"geometry":{"type":"Polygon","coordinates":[[[-43.2982,-12.74209],[-43.30665,-12.75891],[-43.32888,-12.74188],[-43.33048,-12.7435],[-43.34867,-12.7256],[-43.33676,-12.71093],[-43.33227,-12.71162],[-43.2982,-12.74209]]]}},{"type":"Feature","properties":{"nome_proje":"PA MANGAL II"},"geometry":{"type":"Polygon","coordinates":[[[-43.45862,-12.6591],[-43.40225,-12.68531],[-43.43721,-12.78246],[-43.49862,-12.76681],[-43.45862,-12.6591]]]}},{"type":"Feature","properties":{"nome_proje":"PA VALE VERDE"},"geometry":{"type":"Polygon","coordinates":[[[-43.2933,-12.62748],[-43.23923,-12.65418],[-43.22776,-12.68671],[-43.26074,-12.68363],[-43.27489,-12.67572],[-43.2823,-12.67719],[-43.28465,-12.67188],[-43.28277,-12.66679],[-43.29653,-12.66184],[-43.29344,-12.65056],[-43.30151,-12.64488],[-43.30613,-12.655],[-43.29843,-12.65837],[-43.30011,-12.66345],[-43.2928,-12.67045],[-43.29546,-12.67188],[-43.29152,-12.67703],[-43.29216,-12.68356],[-43.27383,-12.69699],[-43.29258,-12.7197],[-43.29941,-12.7407],[-43.33231,-12.71164],[-43.37933,-12.69616],[-43.44537,-12.66489],[-43.4438,-12.61681],[-43.43737,-12.57971],[-43.44383,-12.55146],[-43.40732,-12.54214],[-43.28883,-12.61818],[-43.2933,-12.62748]]]}},{"type":"Feature","properties":{"nome_proje":"PA JOVITA ROSA"},"geometry":{"type":"Polygon","coordinates":[[[-43.12812,-12.58087],[-43.11554,-12.58202],[-43.10696,-12.60114],[-43.0979,-12.63157],[-43.08807,-12.6518],[-43.1416,-12.64512],[-43.12698,-12.62553],[-43.12812,-12.58087]]]}},{"type":"Feature","properties":{"nome_proje":"PA LAGOA DOURADA"},"geometry":{"type":"Polygon","coordinates":[[[-43.19573,-12.43386],[-43.21313,-12.43643],[-43.21389,-12.43271],[-43.24541,-12.44086],[-43.24719,-12.43259],[-43.21348,-12.42207],[-43.21147,-12.42579],[-43.20443,-12.42624],[-43.15515,-12.40166],[-43.15719,-12.41969],[-43.19573,-12.43386]]]}},{"type":"Feature","properties":{"nome_proje":"PA SERRA BRANCA"},"geometry":{"type":"Polygon","coordinates":[[[-43.35084,-12.43963],[-43.35474,-12.40893],[-43.25911,-12.39197],[-43.26378,-12.42184],[-43.35084,-12.43963]]]}},{"type":"Feature","properties":{"nome_proje":"PA NOVA UNIÃO"},"geometry":{"type":"Polygon","coordinates":[[[-43.20443,-12.42624],[-43.21147,-12.42579],[-43.21348,-12.42207],[-43.24709,-12.43114],[-43.25211,-12.41494],[-43.25112,-12.39776],[-43.20412,-12.38684],[-43.13475,-12.35179],[-43.13072,-12.38855],[-43.20443,-12.42624]]]}},{"type":"Feature","properties":{"nome_proje":"PA SANTA BARBARA"},"geometry":{"type":"Polygon","coordinates":[[[-43.44084,-12.36235],[-43.44791,-12.37436],[-43.47984,-12.36118],[-43.47681,-12.34941],[-43.46609,-12.34911],[-43.45977,-12.33207],[-43.47069,-12.33208],[-43.46752,-12.3229],[-43.42741,-12.32109],[-43.41783,-12.3366],[-43.42444,-12.34563],[-43.44361,-12.35011],[-43.44084,-12.36235]]]}},{"type":"Feature","properties":{"nome_proje":"PA SÃO FRANCISCO DE ASSIS"},"geometry":{"type":"MultiPolygon","coordinates":[[[[-44.39198,-11.79329],[-44.39038,-11.80144],[-44.38617,-11.80432],[-44.39855,-11.8549],[-44.42038,-11.87079],[-44.40678,-11.79208],[-44.4043,-11.7925],[-44.40885,-11.81211],[-44.40313,-11.81265],[-44.39928,-11.79268],[-44.39198,-11.79329]]],[[[-44.36639,-11.80233],[-44.36773,-11.83478],[-44.37898,-11.84316],[-44.38356,-11.84197],[-44.38464,-11.84693],[-44.39284,-11.85242],[-44.37997,-11.79591],[-44.36639,-11.80233]]],[[[-44.36722,-11.86819],[-44.35261,-11.86739],[-44.35566,-11.8868],[-44.35134,-11.89217],[-44.35782,-11.89533],[-44.36104,-11.90695],[-44.34647,-11.9105],[-44.34668,-11.91589],[-44.35727,-11.92496],[-44.36015,-11.93184],[-44.35649,-11.95705],[-44.33177,-11.92772],[-44.33223,-11.92471],[-44.32133,-11.91878],[-44.31693,-11.92626],[-44.29846,-11.92458],[-44.28918,-11.9467],[-44.30513,-11.9507],[-44.30598,-11.9409],[-44.31811,-11.94011],[-44.32228,-11.94436],[-44.33369,-11.93806],[-44.33161,-11.9514],[-44.32651,-11.95712],[-44.33061,-11.96619],[-44.35062,-11.96199],[-44.371,-12.0005],[-44.38441,-12.00533],[-44.37996,-11.98185],[-44.39309,-11.97037],[-44.38622,-11.9571],[-44.3907,-11.93943],[-44.3743,-11.9138],[-44.36939,-11.91503],[-44.36448,-11.90363],[-44.36479,-11.89866],[-44.36736,-11.89871],[-44.36722,-11.86819]]]]}},{"type":"Feature","properties":{"nome_proje":"PA SÃO FRANCISCO DE ASSIS"},"geometry":{"type":"MultiPolygon","coordinates":[[[[-44.35323,-11.88698],[-44.35093,-11.89256],[-44.35693,-11.89598],[-44.36106,-11.90743],[-44.34631,-11.91075],[-44.34667,-11.91612],[-44.35746,-11.92523],[-44.3563,-11.9569],[-44.33192,-11.92526],[-44.32162,-11.91914],[-44.31615,-11.92665],[-44.29849,-11.92503],[-44.28957,-11.94241],[-44.29656,-11.94767],[-44.30616,-11.94108],[-44.31835,-11.94035],[-44.32249,-11.94483],[-44.3337,-11.93834],[-44.33176,-11.95139],[-44.32622,-11.95942],[-44.33086,-11.96696],[-44.35059,-11.96271],[-44.37144,-12.00023],[-44.38464,-12.00569],[-44.38045,-11.98201],[-44.3936,-11.97085],[-44.38611,-11.95718],[-44.39063,-11.93956],[-44.37378,-11.91413],[-44.36908,-11.91586],[-44.36419,-11.90467],[-44.36698,-11.8991],[-44.36747,-11.86824],[-44.35257,-11.86759],[-44.35574,-11.88722],[-44.35323,-11.88698]]],[[[-44.36636,-11.80278],[-44.36758,-11.83509],[-44.38381,-11.8433],[-44.39294,-11.85255],[-44.38034,-11.7958],[-44.36636,-11.80278]]],[[[-44.42011,-11.87061],[-44.416,-11.83022],[-44.40691,-11.79209],[-44.40391,-11.79262],[-44.40779,-11.80993],[-44.40232,-11.81052],[-44.39921,-11.79268],[-44.39121,-11.7935],[-44.39036,-11.80184],[-44.38627,-11.80517],[-44.3985,-11.85534],[-44.42011,-11.87061]]]]}},{"type":"Feature","properties":{"nome_proje":"PA ANGICAL I"},"geometry":{"type":"Polygon","coordinates":[[[-44.86863,-11.95307],[-44.8617,-11.94307],[-44.84938,-11.93656],[-44.84027,-11.94422],[-44.8176,-11.93239],[-44.81631,-11.92315],[-44.8247,-11.91456],[-44.82473,-11.91057],[-44.81714,-11.89423],[-44.80022,-11.88037],[-44.77839,-11.88152],[-44.7678,-11.87899],[-44.74859,-11.86267],[-44.72801,-11.85781],[-44.72434,-11.85201],[-44.72078,-11.8305],[-44.68429,-11.80831],[-44.6716,-11.78433],[-44.67227,-11.77261],[-44.63919,-11.73725],[-44.60949,-11.73274],[-44.58968,-11.72259],[-44.58197,-11.72806],[-44.55053,-11.73541],[-44.56206,-11.74698],[-44.56088,-11.76416],[-44.55643,-11.76921],[-44.56798,-11.77674],[-44.57596,-11.87972],[-44.59162,-11.89295],[-44.59364,-11.90589],[-44.60417,-11.91598],[-44.60492,-11.92623],[-44.61309,-11.93622],[-44.61345,-11.94669],[-44.69508,-11.94263],[-44.70402,-11.94471],[-44.70683,-11.94951],[-44.75653,-11.98322],[-44.75034,-12.02681],[-44.7587,-12.0357],[-44.77532,-12.03664],[-44.79355,-12.02875],[-44.82266,-12.02274],[-44.80839,-12.01273],[-44.87115,-11.96385],[-44.86863,-11.95307]]]}},{"type":"Feature","properties":{"nome_proje":"PA BEIRA RIO II"},"geometry":{"type":"Polygon","coordinates":[[[-44.43629,-11.88124],[-44.44068,-11.86954],[-44.4375,-11.82862],[-44.43172,-11.79877],[-44.42512,-11.78553],[-44.41717,-11.79283],[-44.42217,-11.82899],[-44.41523,-11.83],[-44.42016,-11.8707],[-44.43629,-11.88124]]]}},{"type":"Feature","properties":{"nome_proje":"PA RIO GRANDE II"},"geometry":{"type":"Polygon","coordinates":[[[-44.22313,-11.72343],[-44.16896,-11.84374],[-44.16116,-11.86906],[-44.2033,-11.88385],[-44.21915,-11.82138],[-44.22009,-11.79013],[-44.24375,-11.77587],[-44.23173,-11.7592],[-44.23256,-11.75314],[-44.22689,-11.74562],[-44.22922,-11.73259],[-44.22313,-11.72343]]]}},{"type":"Feature","properties":{"nome_proje":"PA ANICE"},"geometry":{"type":"Polygon","coordinates":[[[-43.67747,-12.22286],[-43.68613,-12.22154],[-43.68823,-12.226],[-43.69518,-12.22617],[-43.69723,-12.2301],[-43.72864,-12.22747],[-43.7092,-12.22042],[-43.70476,-12.22142],[-43.70513,-12.19674],[-43.6769,-12.19964],[-43.67747,-12.22286]]]}},{"type":"Feature","properties":{"nome_proje":"PA MANOEL DIAS"},"geometry":{"type":"Polygon","coordinates":[[[-43.47289,-12.13684],[-43.42166,-12.21424],[-43.45096,-12.2227],[-43.45746,-12.20322],[-43.47096,-12.21065],[-43.4729,-12.20556],[-43.48276,-12.21102],[-43.48064,-12.19396],[-43.48665,-12.18267],[-43.50274,-12.18147],[-43.50064,-12.15382],[-43.48509,-12.14935],[-43.47289,-12.13684]]]}},{"type":"Feature","properties":{"nome_proje":"PA FAZ SANTANA"},"geometry":{"type":"Polygon","coordinates":[[[-43.58839,-12.1285],[-43.57164,-12.1252],[-43.57092,-12.1384],[-43.56435,-12.15991],[-43.55011,-12.15623],[-43.54759,-12.17237],[-43.54044,-12.18107],[-43.54647,-12.20089],[-43.54485,-12.21506],[-43.5981,-12.20862],[-43.58703,-12.17876],[-43.62285,-12.09411],[-43.61064,-12.09205],[-43.60287,-12.08561],[-43.58839,-12.1285]]]}},{"type":"Feature","properties":{"nome_proje":"PA LAGOA DA SERRA"},"geometry":{"type":"MultiPolygon","coordinates":[[[[-42.90801,-12.01237],[-42.90255,-12.01874],[-42.90324,-12.01796],[-42.90444,-12.0194],[-42.90535,-12.01878],[-42.90541,-12.01817],[-42.9057,-12.01808],[-42.9075,-12.01858],[-42.90804,-12.01912],[-42.91318,-12.01649],[-42.92218,-12.02692],[-42.95136,-12.03706],[-42.95013,-12.04069],[-42.93981,-12.03587],[-42.93823,-12.03913],[-42.94864,-12.04519],[-42.93733,-12.0404],[-42.94016,-12.05368],[-42.93313,-12.05529],[-42.95453,-12.06976],[-42.97171,-12.04121],[-42.97755,-12.03854],[-42.96351,-12.02902],[-42.95591,-12.01976],[-42.95232,-12.02309],[-42.94191,-12.01554],[-42.93493,-12.01701],[-42.91836,-12.01366],[-42.91241,-12.00768],[-42.90755,-12.0081],[-42.90801,-12.01237]]],[[[-42.89493,-12.02122],[-42.89928,-12.02557],[-42.90836,-12.0199],[-42.90579,-12.01819],[-42.90541,-12.01886],[-42.90445,-12.0195],[-42.90251,-12.01882],[-42.89231,-12.01027],[-42.88652,-12.00172],[-42.88288,-11.97967],[-42.87252,-11.97681],[-42.85922,-11.98878],[-42.86704,-11.9978],[-42.87005,-11.99454],[-42.88665,-12.00506],[-42.89602,-12.01785],[-42.89493,-12.02122]]]]}},{"type":"Feature","properties":{"nome_proje":"PA NOVA CONQUISTA"},"geometry":{"type":"Polygon","coordinates":[[[-43.29341,-11.84826],[-43.19612,-11.84374],[-43.19503,-11.85837],[-43.24376,-11.8615],[-43.24324,-11.8513],[-43.28188,-11.85107],[-43.30775,-11.86014],[-43.31062,-11.85499],[-43.29341,-11.84826]]]}},{"type":"Feature","properties":{"nome_proje":"PA REUNIDAS SALVAÇÃO"},"geometry":{"type":"Polygon","coordinates":[[[-42.91478,-11.70602],[-42.90145,-11.7139],[-42.89968,-11.72967],[-42.92223,-11.74472],[-42.91981,-11.74571],[-42.92636,-11.7549],[-42.93349,-11.75333],[-42.94931,-11.74233],[-42.93827,-11.72264],[-42.94712,-11.71902],[-42.9511,-11.72606],[-42.96531,-11.72414],[-42.94075,-11.71219],[-42.91478,-11.70602]]]}},{"type":"Feature","properties":{"nome_proje":"PA FLORIDA"},"geometry":{"type":"Polygon","coordinates":[[[-43.05664,-11.68085],[-43.03885,-11.73342],[-43.07021,-11.74492],[-43.05704,-11.76114],[-43.0642,-11.76731],[-43.08816,-11.77877],[-43.12151,-11.77149],[-43.12847,-11.7597],[-43.13624,-11.76247],[-43.14324,-11.75098],[-43.13882,-11.74767],[-43.14036,-11.74364],[-43.11614,-11.72896],[-43.11791,-11.72539],[-43.18894,-11.76883],[-43.1811,-11.76156],[-43.17603,-11.74961],[-43.11977,-11.72139],[-43.12292,-11.71978],[-43.05664,-11.68085]]]}},{"type":"Feature","properties":{"nome_proje":"PA PICADA"},"geometry":{"type":"Polygon","coordinates":[[[-43.0069,-11.51993],[-43.02129,-11.63714],[-43.03381,-11.64598],[-43.10698,-11.61554],[-43.1976,-11.59461],[-43.20979,-11.59469],[-43.23387,-11.57809],[-43.26761,-11.56553],[-43.28306,-11.54803],[-43.27539,-11.53151],[-43.22775,-11.54788],[-43.22218,-11.53098],[-43.18671,-11.54125],[-43.16997,-11.48646],[-43.24038,-11.46604],[-43.23849,-11.46141],[-43.16856,-11.48169],[-43.16791,-11.47952],[-43.23802,-11.45919],[-43.23895,-11.44256],[-43.23465,-11.43174],[-42.98928,-11.43723],[-43.0069,-11.51993]]]}},{"type":"Feature","properties":{"nome_proje":"PA FAZENDA VALE DO BOQUEIRÃO"},"geometry":{"type":"Polygon","coordinates":[[[-43.70059,-11.54217],[-43.77648,-11.33401],[-43.76284,-11.32916],[-43.78633,-11.26293],[-43.77552,-11.26188],[-43.68054,-11.52212],[-43.70059,-11.54217]]]}},{"type":"Feature","properties":{"nome_proje":"PA FAZ ITACUTIARA"},"geometry":{"type":"Polygon","coordinates":[[[-43.24404,-11.41369],[-43.29348,-11.40902],[-43.42122,-11.33496],[-43.33724,-11.27667],[-43.19141,-11.33292],[-43.24404,-11.41369]]]}},{"type":"Feature","properties":{"nome_proje":"PA BEIRA RIO"},"geometry":{"type":"Polygon","coordinates":[[[-40.57545,-12.83762],[-40.56866,-12.84408],[-40.55552,-12.83998],[-40.55719,-12.84991],[-40.55418,-12.85152],[-40.53922,-12.84441],[-40.54024,-12.8812],[-40.54775,-12.88685],[-40.55387,-12.87378],[-40.56342,-12.87713],[-40.55549,-12.89218],[-40.56163,-12.89726],[-40.56344,-12.90686],[-40.54699,-12.91965],[-40.54645,-12.98815],[-40.54866,-12.9916],[-40.56433,-12.99541],[-40.57566,-13.0032],[-40.60368,-13.00416],[-40.59912,-12.94799],[-40.61201,-12.94774],[-40.61233,-12.84097],[-40.60236,-12.83686],[-40.58784,-12.84506],[-40.58397,-12.8363],[-40.57545,-12.83762]]]}},{"type":"Feature","properties":{"nome_proje":"PA BEIRA RIO"},"geometry":{"type":"Polygon","coordinates":[[[-40.56865,-12.84407],[-40.55551,-12.83998],[-40.55718,-12.84991],[-40.55418,-12.85152],[-40.53921,-12.84441],[-40.54023,-12.8812],[-40.54774,-12.88685],[-40.55386,-12.87378],[-40.56341,-12.87713],[-40.55548,-12.89218],[-40.56162,-12.89726],[-40.56343,-12.90688],[-40.54698,-12.91965],[-40.54644,-12.98815],[-40.54865,-12.9916],[-40.56431,-12.99541],[-40.57565,-13.0032],[-40.60367,-13.00416],[-40.5991,-12.94799],[-40.612,-12.94773],[-40.61232,-12.84097],[-40.60235,-12.83686],[-40.58783,-12.84506],[-40.58396,-12.8363],[-40.57544,-12.83762],[-40.56865,-12.84407]]]}},{"type":"Feature","properties":{"nome_proje":"PA FAZENDA CRISPIM"},"geometry":{"type":"Polygon","coordinates":[[[-40.50115,-12.82591],[-40.49901,-12.84093],[-40.50885,-12.85293],[-40.5092,-12.86725],[-40.49659,-12.88735],[-40.4964,-12.94971],[-40.506,-12.94469],[-40.50877,-12.94597],[-40.51323,-12.95373],[-40.5102,-12.96519],[-40.51852,-12.95817],[-40.52477,-12.96046],[-40.53886,-12.98246],[-40.53932,-12.83544],[-40.50115,-12.82591]]]}},{"type":"Feature","properties":{"nome_proje":"PA ALIANÇA"},"geometry":{"type":"Polygon","coordinates":[[[-40.68211,-12.84813],[-40.69199,-12.88279],[-40.71238,-12.88234],[-40.719,-12.87937],[-40.71983,-12.82692],[-40.71421,-12.81772],[-40.70421,-12.81863],[-40.68921,-12.82542],[-40.68909,-12.84754],[-40.68211,-12.84813]]]}},{"type":"Feature","properties":{"nome_proje":"PA CHE GUEVARA"},"geometry":{"type":"Polygon","coordinates":[[[-40.50687,-12.80809],[-40.50139,-12.82589],[-40.51682,-12.8386],[-40.53275,-12.83462],[-40.55303,-12.79739],[-40.5415,-12.79358],[-40.53962,-12.79836],[-40.51741,-12.79144],[-40.50687,-12.80809]]]}},{"type":"Feature","properties":{"nome_proje":"PA BARRA VERDE"},"geometry":{"type":"Polygon","coordinates":[[[-40.78934,-12.72687],[-40.79052,-12.7333],[-40.80584,-12.73612],[-40.80887,-12.73354],[-40.81514,-12.73783],[-40.80539,-12.74621],[-40.80434,-12.75255],[-40.80088,-12.75244],[-40.80016,-12.77698],[-40.79385,-12.79229],[-40.81028,-12.79728],[-40.84071,-12.74891],[-40.83803,-12.74733],[-40.84125,-12.73314],[-40.83416,-12.73326],[-40.83346,-12.73634],[-40.80897,-12.72698],[-40.78934,-12.72687]]]}},{"type":"Feature","properties":{"nome_proje":"PA REUNIDAS CAMBUI"},"geometry":{"type":"Polygon","coordinates":[[[-40.78336,-12.72456],[-40.7689,-12.74178],[-40.77323,-12.7431],[-40.76857,-12.75912],[-40.77292,-12.76002],[-40.77228,-12.77111],[-40.79312,-12.77881],[-40.7956,-12.77329],[-40.79015,-12.77129],[-40.78583,-12.75648],[-40.80432,-12.75254],[-40.80537,-12.74621],[-40.81528,-12.73799],[-40.80887,-12.73354],[-40.80586,-12.73614],[-40.79051,-12.73331],[-40.78892,-12.72395],[-40.78336,-12.72456]]]}},{"type":"Feature","properties":{"nome_proje":"PA FAZENDA POLINÉSIA"},"geometry":{"type":"Polygon","coordinates":[[[-40.69343,-12.58885],[-40.70159,-12.60666],[-40.72726,-12.62689],[-40.7481,-12.60254],[-40.74131,-12.59504],[-40.73545,-12.59615],[-40.73051,-12.59301],[-40.72452,-12.59914],[-40.71604,-12.59673],[-40.71926,-12.58923],[-40.71617,-12.58612],[-40.71447,-12.57307],[-40.70862,-12.57651],[-40.70528,-12.56498],[-40.68538,-12.57093],[-40.67883,-12.56553],[-40.67413,-12.57178],[-40.68018,-12.57643],[-40.67939,-12.58292],[-40.68412,-12.5824],[-40.68983,-12.59178],[-40.69343,-12.58885]]]}},{"type":"Feature","properties":{"nome_proje":"PA SANTO APOLÔNIO/GROTÃO"},"geometry":{"type":"Polygon","coordinates":[[[-40.67453,-12.47729],[-40.67801,-12.47708],[-40.67656,-12.48481],[-40.66345,-12.48643],[-40.65966,-12.50039],[-40.66753,-12.50613],[-40.67531,-12.50562],[-40.67726,-12.5019],[-40.67773,-12.50929],[-40.68034,-12.50996],[-40.68054,-12.51564],[-40.68498,-12.51564],[-40.68473,-12.52088],[-40.69433,-12.52622],[-40.6942,-12.52312],[-40.70243,-12.52423],[-40.70218,-12.52762],[-40.72314,-12.50229],[-40.72356,-12.4844],[-40.72594,-12.48243],[-40.7212,-12.47791],[-40.69213,-12.48637],[-40.69293,-12.48001],[-40.68614,-12.47886],[-40.68611,-12.47138],[-40.68336,-12.46997],[-40.67438,-12.4728],[-40.67453,-12.47729]]]}},{"type":"Feature","properties":{"nome_proje":"PA REUNIDAS VAZANTE"},"geometry":{"type":"Polygon","coordinates":[[[-40.37236,-12.43418],[-40.36909,-12.43965],[-40.35824,-12.43968],[-40.3641,-12.44737],[-40.34833,-12.46286],[-40.34816,-12.47115],[-40.36549,-12.4795],[-40.37276,-12.47589],[-40.38623,-12.48115],[-40.40101,-12.49461],[-40.39911,-12.49824],[-40.41697,-12.49922],[-40.42262,-12.46716],[-40.42874,-12.46951],[-40.43116,-12.46709],[-40.42554,-12.46062],[-40.43149,-12.45248],[-40.41958,-12.44877],[-40.40535,-12.435],[-40.39861,-12.44182],[-40.39246,-12.43729],[-40.37236,-12.43418]]]}},{"type":"Feature","properties":{"nome_proje":"PA REUNIDAS STA FÉ"},"geometry":{"type":"Polygon","coordinates":[[[-40.87039,-12.78878],[-40.84247,-12.83518],[-40.84526,-12.83694],[-40.83921,-12.84739],[-40.84057,-12.8539],[-40.84387,-12.85123],[-40.84561,-12.85299],[-40.84173,-12.87959],[-40.83796,-12.87903],[-40.83485,-12.883],[-40.83488,-12.88979],[-40.82883,-12.89079],[-40.82867,-12.90317],[-40.83473,-12.90316],[-40.83612,-12.91097],[-40.8458,-12.90714],[-40.84645,-12.90002],[-40.85248,-12.89812],[-40.8533,-12.85388],[-40.87463,-12.84668],[-40.87456,-12.85017],[-40.89284,-12.841],[-40.89548,-12.83682],[-40.90092,-12.83753],[-40.89493,-12.82756],[-40.90193,-12.82546],[-40.90197,-12.8166],[-40.89265,-12.81819],[-40.89258,-12.8134],[-40.88077,-12.81059],[-40.8797,-12.80736],[-40.87528,-12.80834],[-40.87567,-12.79596],[-40.87039,-12.78878]]]}},{"type":"Feature","properties":{"nome_proje":"PA SANTA CRUZ E BOM JESUS"},"geometry":{"type":"Polygon","coordinates":[[[-41.00825,-12.87316],[-41.00606,-12.8429],[-40.99941,-12.8398],[-40.99847,-12.83489],[-40.99863,-12.8203],[-41.00107,-12.82037],[-40.99945,-12.79519],[-40.9712,-12.79521],[-40.96733,-12.80617],[-40.96236,-12.81053],[-40.97279,-12.83508],[-40.97299,-12.85205],[-40.96681,-12.85076],[-40.96115,-12.8386],[-40.94949,-12.84533],[-40.95225,-12.85045],[-40.94709,-12.85275],[-40.9491,-12.86891],[-40.94495,-12.87802],[-40.97246,-12.87284],[-41.00825,-12.87316]]]}},{"type":"Feature","properties":{"nome_proje":"PA MORENO"},"geometry":{"type":"Polygon","coordinates":[[[-41.16082,-12.80969],[-41.19995,-12.86631],[-41.23583,-12.84263],[-41.22196,-12.82328],[-41.22705,-12.81983],[-41.22532,-12.80822],[-41.20745,-12.78512],[-41.19338,-12.78011],[-41.18579,-12.78604],[-41.18152,-12.7843],[-41.17857,-12.77527],[-41.18661,-12.77136],[-41.18646,-12.76751],[-41.17838,-12.7656],[-41.17079,-12.77392],[-41.16593,-12.77272],[-41.1628,-12.76738],[-41.16013,-12.77179],[-41.16638,-12.78184],[-41.17383,-12.78903],[-41.17606,-12.78753],[-41.18191,-12.79591],[-41.16207,-12.806],[-41.16082,-12.80969]]]}},{"type":"Feature","properties":{"nome_proje":"PA CAMPO FORMOSO"},"geometry":{"type":"Polygon","coordinates":[[[-41.0492,-12.77398],[-41.03499,-12.77415],[-41.01886,-12.795],[-41.01965,-12.80256],[-41.04121,-12.80069],[-41.04928,-12.78447],[-41.0492,-12.77398]]]}},{"type":"Feature","properties":{"nome_proje":"PA FAZ MUNDURI"},"geometry":{"type":"Polygon","coordinates":[[[-40.84815,-12.60249],[-40.82984,-12.60524],[-40.82885,-12.59974],[-40.82077,-12.6031],[-40.81825,-12.62125],[-40.83037,-12.62398],[-40.83465,-12.63238],[-40.82927,-12.63859],[-40.83084,-12.67131],[-40.85442,-12.67738],[-40.85544,-12.67264],[-40.86144,-12.67526],[-40.86597,-12.6636],[-40.85843,-12.65772],[-40.8601,-12.64715],[-40.87067,-12.6467],[-40.88157,-12.63678],[-40.85869,-12.60944],[-40.84815,-12.60249]]]}},{"type":"Feature","properties":{"nome_proje":"PA ANDARAI I"},"geometry":{"type":"Polygon","coordinates":[[[-41.1474,-12.45242],[-41.14673,-12.48856],[-41.1542,-12.61664],[-41.15127,-12.7178],[-41.15265,-12.79731],[-41.15293,-12.80066],[-41.16059,-12.80255],[-41.16145,-12.79579],[-41.15363,-12.77543],[-41.16455,-12.76498],[-41.17206,-12.76792],[-41.17808,-12.76346],[-41.18527,-12.66295],[-41.18279,-12.46011],[-41.18095,-12.45528],[-41.1758,-12.45576],[-41.16958,-12.44864],[-41.16509,-12.44824],[-41.1673,-12.44381],[-41.16502,-12.43791],[-41.1474,-12.45242]]]}},{"type":"Feature","properties":{"nome_proje":"PA SANTA CLARA"},"geometry":{"type":"Polygon","coordinates":[[[-40.97073,-12.49114],[-40.96507,-12.49035],[-40.95988,-12.50406],[-40.95119,-12.49976],[-40.94911,-12.51518],[-40.95426,-12.52125],[-40.94534,-12.53178],[-40.92594,-12.53759],[-40.9282,-12.54355],[-40.94485,-12.54697],[-40.94987,-12.54267],[-40.95471,-12.54574],[-40.95314,-12.554],[-40.96248,-12.55352],[-40.96376,-12.5615],[-40.94989,-12.56755],[-40.9437,-12.56767],[-40.93802,-12.56225],[-40.95601,-12.59031],[-40.97815,-12.58059],[-40.98945,-12.5604],[-40.99463,-12.55683],[-40.99775,-12.55085],[-40.99529,-12.54598],[-41.00628,-12.51375],[-41.00532,-12.50355],[-41.00029,-12.50373],[-41.00303,-12.49486],[-40.98697,-12.49639],[-40.98646,-12.48585],[-40.97049,-12.48623],[-40.97073,-12.49114]]]}},{"type":"Feature","properties":{"nome_proje":"PA NOVA VIDA I"},"geometry":{"type":"Polygon","coordinates":[[[-41.14773,-12.42144],[-41.11941,-12.41932],[-41.10997,-12.42203],[-41.10934,-12.45405],[-41.1374,-12.45403],[-41.14271,-12.43481],[-41.13169,-12.43159],[-41.1586,-12.42601],[-41.16333,-12.41606],[-41.14773,-12.42144]]]}},{"type":"Feature","properties":{"nome_proje":"PA SANTO ANTONIO E SAO JOSE"},"geometry":{"type":"Polygon","coordinates":[[[-41.03235,-12.41812],[-41.03205,-12.42761],[-41.03964,-12.42797],[-41.04243,-12.4214],[-41.07435,-12.42933],[-41.07685,-12.45071],[-41.08673,-12.44006],[-41.09289,-12.44511],[-41.09108,-12.44688],[-41.09639,-12.45464],[-41.09166,-12.45501],[-41.08969,-12.46072],[-41.09493,-12.46545],[-41.10727,-12.45329],[-41.09896,-12.43316],[-41.08674,-12.44004],[-41.07729,-12.43264],[-41.0867,-12.42606],[-41.08751,-12.41378],[-41.06509,-12.41147],[-41.06468,-12.41642],[-41.06072,-12.41616],[-41.06165,-12.4044],[-41.05593,-12.40385],[-41.03235,-12.41812]]]}},{"type":"Feature","properties":{"nome_proje":"PA BELA FLOR"},"geometry":{"type":"Polygon","coordinates":[[[-41.16477,-12.41637],[-41.15871,-12.42565],[-41.16506,-12.42292],[-41.16614,-12.42965],[-41.2228,-12.42921],[-41.22122,-12.42268],[-41.17513,-12.42155],[-41.16541,-12.41973],[-41.16477,-12.41637]]]}},{"type":"Feature","properties":{"nome_proje":"PA NOVO HORIZONTE"},"geometry":{"type":"Polygon","coordinates":[[[-41.15616,-12.39009],[-41.1526,-12.38929],[-41.14487,-12.3965],[-41.15509,-12.40163],[-41.20163,-12.4005],[-41.19485,-12.39005],[-41.15908,-12.38588],[-41.15616,-12.39009]]]}},{"type":"Feature","properties":{"nome_proje":"PA PIABAS"},"geometry":{"type":"Polygon","coordinates":[[[-41.09172,-12.38283],[-41.09558,-12.4012],[-41.09815,-12.40183],[-41.10835,-12.39745],[-41.14187,-12.40105],[-41.14436,-12.3933],[-41.15014,-12.3927],[-41.15162,-12.38892],[-41.15808,-12.38926],[-41.15832,-12.38423],[-41.09451,-12.3717],[-41.09172,-12.38283]]]}},{"type":"Feature","properties":{"nome_proje":"PA RIO BONITO"},"geometry":{"type":"Polygon","coordinates":[[[-41.15734,-12.36538],[-41.15941,-12.38],[-41.17493,-12.38064],[-41.17125,-12.37367],[-41.18609,-12.37132],[-41.21098,-12.38346],[-41.21432,-12.37239],[-41.19591,-12.36454],[-41.18201,-12.36544],[-41.16135,-12.35894],[-41.15734,-12.36538]]]}},{"type":"Feature","properties":{"nome_proje":"PA SÃO SEBASTIÃO DE UTINGA"},"geometry":{"type":"Polygon","coordinates":[[[-41.10884,-12.32869],[-41.10437,-12.35126],[-41.1559,-12.36209],[-41.16857,-12.35061],[-41.19569,-12.35296],[-41.19911,-12.33774],[-41.16744,-12.34242],[-41.10884,-12.32869]]]}},{"type":"Feature","properties":{"nome_proje":"PA CONJ. PALESTINA"},"geometry":{"type":"Polygon","coordinates":[[[-41.21581,-12.25725],[-41.20552,-12.27517],[-41.19747,-12.27704],[-41.19766,-12.27992],[-41.20948,-12.28158],[-41.20066,-12.30655],[-41.21395,-12.31249],[-41.21779,-12.30909],[-41.21592,-12.30669],[-41.21852,-12.29971],[-41.20868,-12.29961],[-41.20845,-12.29483],[-41.24106,-12.29861],[-41.24959,-12.29772],[-41.25171,-12.29411],[-41.24358,-12.29112],[-41.24303,-12.28772],[-41.22286,-12.28306],[-41.2258,-12.27656],[-41.21873,-12.27089],[-41.22436,-12.26298],[-41.22073,-12.26053],[-41.22016,-12.24848],[-41.21579,-12.24934],[-41.21581,-12.25725]]]}},{"type":"Feature","properties":{"nome_proje":"PA ARARUNA"},"geometry":{"type":"Polygon","coordinates":[[[-41.2921,-12.2637],[-41.28467,-12.2651],[-41.28583,-12.27534],[-41.27953,-12.28668],[-41.29427,-12.29595],[-41.29165,-12.29238],[-41.29645,-12.28867],[-41.2921,-12.2637]]]}},{"type":"Feature","properties":{"nome_proje":"PA BOQUEIRAO"},"geometry":{"type":"Polygon","coordinates":[[[-41.2485,-12.24492],[-41.25174,-12.24557],[-41.24276,-12.25103],[-41.24739,-12.25164],[-41.26696,-12.26793],[-41.2598,-12.28068],[-41.26737,-12.28451],[-41.2726,-12.28378],[-41.2684,-12.28106],[-41.27248,-12.27149],[-41.26705,-12.26793],[-41.27899,-12.2693],[-41.29517,-12.26191],[-41.31865,-12.25992],[-41.31844,-12.25151],[-41.30523,-12.24878],[-41.2879,-12.24025],[-41.28735,-12.23374],[-41.28057,-12.23368],[-41.27965,-12.23683],[-41.28389,-12.24727],[-41.27082,-12.2449],[-41.26424,-12.23392],[-41.25442,-12.23016],[-41.2485,-12.24492]]]}},{"type":"Feature","properties":{"nome_proje":"PA LARANJEIRA E RIO BONITO"},"geometry":{"type":"Polygon","coordinates":[[[-41.23117,-12.23922],[-41.24309,-12.2463],[-41.24857,-12.24456],[-41.25189,-12.23166],[-41.23684,-12.22758],[-41.23117,-12.23922]]]}},{"type":"Feature","properties":{"nome_proje":"PA SANTA HELENA"},"geometry":{"type":"Polygon","coordinates":[[[-41.30082,-12.13705],[-41.29397,-12.15205],[-41.30606,-12.15964],[-41.31587,-12.15347],[-41.31375,-12.14863],[-41.3209,-12.14656],[-41.31681,-12.13878],[-41.30082,-12.13705]]]}},{"type":"Feature","properties":{"nome_proje":"PA SANTA TEREZINHA"},"geometry":{"type":"Polygon","coordinates":[[[-41.3299,-12.08551],[-41.32544,-12.10984],[-41.35734,-12.10384],[-41.35411,-12.09541],[-41.3682,-12.09024],[-41.3299,-12.08551]]]}},{"type":"Feature","properties":{"nome_proje":"PA SÃO FRANCISCO Nº 05"},"geometry":{"type":"Polygon","coordinates":[[[-41.15733,-12.06082],[-41.15795,-12.07025],[-41.18437,-12.08592],[-41.18006,-12.09021],[-41.19976,-12.09538],[-41.20225,-12.09289],[-41.20362,-12.06624],[-41.20072,-12.05813],[-41.1938,-12.06239],[-41.17243,-12.05054],[-41.15733,-12.06082]]]}},{"type":"Feature","properties":{"nome_proje":"PA PIRATINI"},"geometry":{"type":"Polygon","coordinates":[[[-41.33824,-12.06895],[-41.3231,-12.08193],[-41.32726,-12.0831],[-41.33555,-12.07512],[-41.33794,-12.0799],[-41.34239,-12.07742],[-41.33942,-12.07137],[-41.35391,-12.0585],[-41.35449,-12.0535],[-41.33093,-12.05523],[-41.33234,-12.06258],[-41.33475,-12.06201],[-41.33824,-12.06895]]]}},{"type":"Feature","properties":{"nome_proje":"PA CENTRAL"},"geometry":{"type":"Polygon","coordinates":[[[-41.37566,-11.99886],[-41.36624,-12.02333],[-41.3681,-12.02543],[-41.34862,-12.03357],[-41.35609,-12.04499],[-41.35515,-12.06065],[-41.36604,-12.07339],[-41.36896,-12.08313],[-41.37397,-12.07857],[-41.39233,-12.0771],[-41.39591,-12.05911],[-41.40061,-12.05168],[-41.40457,-12.05333],[-41.40762,-12.0489],[-41.40235,-12.04418],[-41.40879,-12.04023],[-41.39783,-12.03605],[-41.39441,-12.02901],[-41.3984,-12.026],[-41.39693,-12.02181],[-41.39219,-12.02384],[-41.39318,-12.02086],[-41.38335,-12.01676],[-41.37829,-12.02047],[-41.374,-12.01935],[-41.38121,-11.99892],[-41.37566,-11.99886]]]}},{"type":"Feature","properties":{"nome_proje":"PA EUGENIO LYRA"},"geometry":{"type":"Polygon","coordinates":[[[-41.3792,-11.97999],[-41.35482,-11.9847],[-41.356,-11.98682],[-41.34866,-11.99093],[-41.35929,-11.99867],[-41.34186,-11.99725],[-41.33588,-12.00091],[-41.33696,-12.00395],[-41.35087,-12.00211],[-41.35235,-12.01131],[-41.33796,-12.01139],[-41.34379,-12.02082],[-41.33478,-12.02792],[-41.33571,-12.03142],[-41.34762,-12.03372],[-41.36804,-12.0255],[-41.36616,-12.02348],[-41.37796,-11.99859],[-41.37768,-11.99047],[-41.38402,-11.98737],[-41.3792,-11.97999]]]}},{"type":"Feature","properties":{"nome_proje":"PA DORCINA PAULA DE OLIVEIRA"},"geometry":{"type":"Polygon","coordinates":[[[-41.31766,-11.99411],[-41.30821,-11.99603],[-41.31252,-12.01381],[-41.33647,-12.01185],[-41.33378,-12.00147],[-41.32416,-12.00567],[-41.31766,-11.99411]]]}},{"type":"Feature","properties":{"nome_proje":"PA PAU PEBA"},"geometry":{"type":"Polygon","coordinates":[[[-41.17462,-11.98937],[-41.16818,-11.98695],[-41.167,-11.98223],[-41.17602,-11.96881],[-41.15925,-11.95513],[-41.15138,-11.95911],[-41.14407,-11.97057],[-41.13926,-11.97206],[-41.13967,-11.9752],[-41.12802,-11.976],[-41.12787,-11.97921],[-41.13997,-11.9776],[-41.14643,-12.01106],[-41.16491,-12.02309],[-41.17541,-12.0123],[-41.17462,-11.98937]]]}},{"type":"Feature","properties":{"nome_proje":"PA SOHEM"},"geometry":{"type":"Polygon","coordinates":[[[-41.18909,-11.83716],[-41.1653,-11.83811],[-41.16084,-11.83585],[-41.15696,-11.85762],[-41.13396,-11.86933],[-41.13515,-11.86415],[-41.11212,-11.87309],[-41.12645,-11.89531],[-41.11734,-11.90533],[-41.11813,-11.91046],[-41.1135,-11.91151],[-41.11414,-11.92217],[-41.10587,-11.92109],[-41.10139,-11.92404],[-41.11471,-11.92561],[-41.10397,-11.96274],[-41.10741,-11.96872],[-41.11287,-11.95754],[-41.13711,-11.93926],[-41.13788,-11.93477],[-41.15448,-11.93088],[-41.13456,-11.89562],[-41.16399,-11.88693],[-41.18264,-11.90506],[-41.1801,-11.96167],[-41.19174,-11.9586],[-41.19039,-11.95149],[-41.20219,-11.93928],[-41.20865,-11.9419],[-41.21642,-11.93831],[-41.21709,-11.92534],[-41.22987,-11.92392],[-41.24245,-11.93067],[-41.24558,-11.91284],[-41.21443,-11.88947],[-41.20126,-11.8917],[-41.21747,-11.85658],[-41.19553,-11.85285],[-41.20011,-11.84532],[-41.20144,-11.83109],[-41.18925,-11.83069],[-41.18909,-11.83716]]]}},{"type":"Feature","properties":{"nome_proje":"PA LAMEIRO"},"geometry":{"type":"Polygon","coordinates":[[[-40.90849,-11.88623],[-40.89943,-11.88544],[-40.89451,-11.88243],[-40.89586,-11.8793],[-40.88862,-11.87678],[-40.88544,-11.88528],[-40.89142,-11.88696],[-40.88764,-11.89494],[-40.89067,-11.89826],[-40.89854,-11.89466],[-40.90049,-11.89976],[-40.90606,-11.89414],[-40.90865,-11.89597],[-40.91125,-11.88959],[-40.90849,-11.88623]]]}},{"type":"Feature","properties":{"nome_proje":"PA 19 DE MARCO"},"geometry":{"type":"Polygon","coordinates":[[[-40.86431,-11.87454],[-40.87445,-11.86539],[-40.8627,-11.85709],[-40.88078,-11.84896],[-40.86838,-11.83287],[-40.85937,-11.83442],[-40.85567,-11.85445],[-40.86245,-11.85992],[-40.85802,-11.86873],[-40.86431,-11.87454]]]}},{"type":"Feature","properties":{"nome_proje":"PA NASCENCA E CONQUISTA"},"geometry":{"type":"Polygon","coordinates":[[[-40.95517,-11.82688],[-40.95019,-11.84218],[-40.94364,-11.83979],[-40.9435,-11.85726],[-40.96938,-11.85938],[-40.96951,-11.85639],[-40.97302,-11.85729],[-40.97451,-11.84593],[-40.99243,-11.84689],[-41.00585,-11.8422],[-40.97334,-11.83764],[-40.95517,-11.82688]]]}},{"type":"Feature","properties":{"nome_proje":"PA ESROM JR."},"geometry":{"type":"Polygon","coordinates":[[[-41.21747,-11.85658],[-41.21986,-11.85428],[-41.21655,-11.83252],[-41.20216,-11.82475],[-41.19898,-11.82664],[-41.20043,-11.82267],[-41.18539,-11.80621],[-41.18066,-11.81453],[-41.19094,-11.82216],[-41.19184,-11.82522],[-41.18772,-11.82483],[-41.18932,-11.82998],[-41.20146,-11.8311],[-41.20011,-11.84534],[-41.19553,-11.85285],[-41.21747,-11.85658]]]}},{"type":"Feature","properties":{"nome_proje":"PA MORRINHOS"},"geometry":{"type":"Polygon","coordinates":[[[-41.27954,-11.77406],[-41.25536,-11.77331],[-41.24905,-11.78072],[-41.26176,-11.79499],[-41.26914,-11.78741],[-41.27964,-11.80159],[-41.28301,-11.81412],[-41.30836,-11.81528],[-41.3035,-11.79113],[-41.29304,-11.79104],[-41.29294,-11.78598],[-41.30762,-11.7884],[-41.31193,-11.77771],[-41.29289,-11.77933],[-41.29293,-11.7733],[-41.27975,-11.77156],[-41.27954,-11.77406]]]}},{"type":"Feature","properties":{"nome_proje":"PA BAIXA GRANDE"},"geometry":{"type":"Polygon","coordinates":[[[-41.05612,-11.78092],[-41.05295,-11.79866],[-41.07118,-11.80775],[-41.07369,-11.81243],[-41.09237,-11.79539],[-41.09789,-11.77293],[-41.0885,-11.76885],[-41.05612,-11.78092]]]}},{"type":"Feature","properties":{"nome_proje":"PA LAGOINHA E BOA VISTA"},"geometry":{"type":"Polygon","coordinates":[[[-41.28516,-11.64897],[-41.30353,-11.66475],[-41.31233,-11.64827],[-41.32225,-11.64963],[-41.33179,-11.63453],[-41.33707,-11.63348],[-41.33793,-11.62547],[-41.31118,-11.60777],[-41.28516,-11.64897]]]}},{"type":"Feature","properties":{"nome_proje":"PA PACHOLA"},"geometry":{"type":"Polygon","coordinates":[[[-41.39805,-11.61911],[-41.37708,-11.62587],[-41.37852,-11.63868],[-41.40446,-11.63429],[-41.39805,-11.61911]]]}},{"type":"Feature","properties":{"nome_proje":"PA SANTANA"},"geometry":{"type":"Polygon","coordinates":[[[-41.07079,-11.58157],[-41.08284,-11.55619],[-41.07155,-11.55141],[-41.06871,-11.55497],[-41.05965,-11.55522],[-41.04231,-11.56264],[-41.04696,-11.56595],[-41.0461,-11.56826],[-41.038,-11.56822],[-41.03997,-11.58235],[-41.04412,-11.58644],[-41.07079,-11.58157]]]}},{"type":"Feature","properties":{"nome_proje":"PA FAZ SANTA ERNESTINA"},"geometry":{"type":"Polygon","coordinates":[[[-41.17459,-11.08096],[-41.15029,-11.0629],[-41.14954,-11.1352],[-41.24926,-11.17614],[-41.26671,-11.16622],[-41.27564,-11.15476],[-41.27772,-11.14319],[-41.2952,-11.10939],[-41.19681,-11.09239],[-41.17459,-11.08096]]]}},{"type":"Feature","properties":{"nome_proje":"PA SANTA LUZIA"},"geometry":{"type":"Polygon","coordinates":[[[-41.00687,-10.98455],[-40.9846,-10.99772],[-40.96546,-11.0601],[-40.9794,-11.05475],[-40.97855,-11.05959],[-40.98233,-11.06131],[-40.98476,-11.05812],[-40.99171,-11.0576],[-40.99418,-11.06769],[-41.01538,-11.05549],[-41.02488,-11.06219],[-41.03552,-11.04791],[-41.02688,-10.99253],[-41.01602,-10.9834],[-41.00687,-10.98455]]]}},{"type":"Feature","properties":{"nome_proje":"PA PAU DE COLHER"},"geometry":{"type":"Polygon","coordinates":[[[-40.82373,-10.95994],[-40.86496,-11.00979],[-40.88985,-11.0022],[-40.87693,-10.98519],[-40.86585,-10.97849],[-40.85181,-10.9584],[-40.83378,-10.95085],[-40.82966,-10.95137],[-40.82373,-10.95994]]]}},{"type":"Feature","properties":{"nome_proje":"PA LAGOA DE DENTRO I E II"},"geometry":{"type":"Polygon","coordinates":[[[-40.97732,-10.97537],[-40.97034,-10.94704],[-40.97502,-10.944],[-40.98646,-10.92348],[-40.9926,-10.9245],[-40.99261,-10.9179],[-40.95387,-10.91022],[-40.94715,-10.9847],[-40.97732,-10.97537]]]}},{"type":"Feature","properties":{"nome_proje":"PA CHAPADA BONITA"},"geometry":{"type":"Polygon","coordinates":[[[-41.53307,-12.04744],[-41.5333,-12.06538],[-41.54499,-12.06401],[-41.55155,-12.06695],[-41.55993,-12.05793],[-41.55781,-12.05694],[-41.56305,-12.04634],[-41.55699,-12.04201],[-41.54852,-12.04741],[-41.53307,-12.04744]]]}},{"type":"Feature","properties":{"nome_proje":"PA RECREIO"},"geometry":{"type":"Polygon","coordinates":[[[-41.40956,-11.4454],[-41.40155,-11.45542],[-41.40402,-11.47093],[-41.40163,-11.4704],[-41.39865,-11.48477],[-41.40971,-11.47311],[-41.41513,-11.4713],[-41.41517,-11.46816],[-41.4193,-11.46774],[-41.41932,-11.45269],[-41.41435,-11.45273],[-41.40956,-11.4454]]]}},{"type":"Feature","properties":{"nome_proje":"PA BORA"},"geometry":{"type":"Polygon","coordinates":[[[-42.25976,-11.06565],[-42.23773,-11.07205],[-42.213,-11.0889],[-42.22642,-11.10698],[-42.23135,-11.10382],[-42.23332,-11.11118],[-42.24689,-11.10719],[-42.24393,-11.09995],[-42.26152,-11.09801],[-42.25976,-11.06565]]]}},{"type":"Feature","properties":{"nome_proje":"PA FAZ ALMAS"},"geometry":{"type":"Polygon","coordinates":[[[-42.20028,-10.8442],[-42.23212,-10.89967],[-42.2549,-10.91669],[-42.30847,-10.90258],[-42.29984,-10.89744],[-42.28008,-10.82627],[-42.2715,-10.81746],[-42.2546,-10.81436],[-42.22307,-10.8179],[-42.22896,-10.82818],[-42.22551,-10.83403],[-42.20028,-10.8442]]]}},{"type":"Feature","properties":{"nome_proje":"PA CALIFORNIA II"},"geometry":{"type":"Polygon","coordinates":[[[-41.9981,-10.70256],[-41.96285,-10.71202],[-41.95841,-10.75334],[-41.99754,-10.75946],[-41.9981,-10.70256]]]}},{"type":"Feature","properties":{"nome_proje":"PA FAZ CALIFORNIA"},"geometry":{"type":"Polygon","coordinates":[[[-42.07266,-10.7149],[-42.07269,-10.73724],[-42.12364,-10.74639],[-42.11165,-10.71407],[-42.07266,-10.7149]]]}},{"type":"Feature","properties":{"nome_proje":"PA APARECIDA DO NORTE"},"geometry":{"type":"Polygon","coordinates":[[[-41.90556,-10.71142],[-41.90387,-10.70794],[-41.86415,-10.7278],[-41.86681,-10.75597],[-41.92692,-10.73195],[-41.92928,-10.70235],[-41.90556,-10.71142]]]}},{"type":"Feature","properties":{"nome_proje":"PA SÃO CAETANO"},"geometry":{"type":"Polygon","coordinates":[[[-41.88625,-10.7157],[-41.91305,-10.70334],[-41.91688,-10.67433],[-41.87841,-10.68202],[-41.87737,-10.70232],[-41.88625,-10.7157]]]}},{"type":"Feature","properties":{"nome_proje":"PA SERTÃO BONITO"},"geometry":{"type":"Polygon","coordinates":[[[-42.05324,-10.71431],[-42.12277,-10.71429],[-42.12352,-10.69353],[-42.06929,-10.68572],[-42.0602,-10.64886],[-42.03794,-10.65106],[-42.05324,-10.71431]]]}},{"type":"Feature","properties":{"nome_proje":"PA GUIMARÃES"},"geometry":{"type":"Polygon","coordinates":[[[-41.86682,-10.65249],[-41.8959,-10.64996],[-41.86952,-10.61137],[-41.7794,-10.61708],[-41.77244,-10.619],[-41.77023,-10.62766],[-41.76485,-10.61791],[-41.76254,-10.62162],[-41.75818,-10.61873],[-41.75621,-10.6209],[-41.75904,-10.62779],[-41.75045,-10.63684],[-41.75715,-10.6387],[-41.7554,-10.64618],[-41.76244,-10.64979],[-41.76427,-10.65911],[-41.81627,-10.66797],[-41.82456,-10.72444],[-41.83447,-10.72188],[-41.83214,-10.71135],[-41.85088,-10.70913],[-41.84704,-10.68831],[-41.87039,-10.68363],[-41.86682,-10.65249]]]}},{"type":"Feature","properties":{"nome_proje":"PA FLORESTA E OUTRAS"},"geometry":{"type":"Polygon","coordinates":[[[-40.56799,-12.43372],[-40.57937,-12.44949],[-40.57656,-12.45359],[-40.58189,-12.4535],[-40.58011,-12.45871],[-40.59611,-12.45254],[-40.59825,-12.44793],[-40.59721,-12.44216],[-40.58172,-12.4285],[-40.56795,-12.42587],[-40.56799,-12.43372]]]}},{"type":"Feature","properties":{"nome_proje":"PA POÇO LONGE"},"geometry":{"type":"Polygon","coordinates":[[[-40.5708,-12.14612],[-40.58522,-12.14679],[-40.59566,-12.13422],[-40.5926,-12.12394],[-40.60156,-12.12212],[-40.60764,-12.11713],[-40.58047,-12.09084],[-40.58617,-12.08257],[-40.57886,-12.08009],[-40.57498,-12.08483],[-40.56834,-12.07458],[-40.5691,-12.06944],[-40.56109,-12.06783],[-40.56254,-12.06517],[-40.55638,-12.05841],[-40.54008,-12.06757],[-40.54242,-12.0685],[-40.54523,-12.0866],[-40.54282,-12.09373],[-40.53971,-12.09419],[-40.5392,-12.12716],[-40.54688,-12.12506],[-40.55187,-12.1534],[-40.56113,-12.1536],[-40.5708,-12.14612]]]}},{"type":"Feature","properties":{"nome_proje":"PA SÃO JOAQUIM"},"geometry":{"type":"Polygon","coordinates":[[[-40.39532,-12.03289],[-40.38907,-12.03299],[-40.38501,-12.04608],[-40.39332,-12.05506],[-40.39866,-12.05449],[-40.39896,-12.05065],[-40.41041,-12.05246],[-40.4122,-12.04249],[-40.42546,-12.04454],[-40.42707,-12.03741],[-40.44244,-12.03959],[-40.44372,-12.03145],[-40.41789,-12.02376],[-40.41695,-12.01395],[-40.40565,-12.01043],[-40.40473,-12.00649],[-40.40136,-12.00682],[-40.40206,-12.00261],[-40.39143,-12.00258],[-40.3908,-12.01945],[-40.40264,-12.02157],[-40.40475,-12.01834],[-40.41003,-12.02537],[-40.39977,-12.02694],[-40.39532,-12.03289]]]}},{"type":"Feature","properties":{"nome_proje":"PA SANTA CRUZ"},"geometry":{"type":"Polygon","coordinates":[[[-40.81588,-11.82796],[-40.8087,-11.8175],[-40.79185,-11.81469],[-40.79111,-11.81968],[-40.80484,-11.82792],[-40.80001,-11.83667],[-40.81431,-11.84774],[-40.81963,-11.84531],[-40.81588,-11.82796]]]}},{"type":"Feature","properties":{"nome_proje":"PA SERTAO BONITO"},"geometry":{"type":"Polygon","coordinates":[[[-40.77354,-11.66903],[-40.76191,-11.67522],[-40.76006,-11.68167],[-40.75513,-11.68065],[-40.75375,-11.68897],[-40.7642,-11.70076],[-40.7636,-11.70883],[-40.79915,-11.69154],[-40.797,-11.67825],[-40.78917,-11.68189],[-40.78997,-11.67553],[-40.77873,-11.672],[-40.77631,-11.67422],[-40.77354,-11.66903]]]}},{"type":"Feature","properties":{"nome_proje":"PA MUCUNAN"},"geometry":{"type":"Polygon","coordinates":[[[-40.74895,-11.11609],[-40.75572,-11.15296],[-40.77627,-11.13936],[-40.77337,-11.1345],[-40.78227,-11.13501],[-40.78178,-11.13241],[-40.77694,-11.13216],[-40.77788,-11.12682],[-40.77455,-11.12164],[-40.77184,-11.12388],[-40.76806,-11.11722],[-40.76365,-11.11966],[-40.75998,-11.10965],[-40.74895,-11.11609]]]}},{"type":"Feature","properties":{"nome_proje":"PA VARZEA DO CURRAL"},"geometry":{"type":"Polygon","coordinates":[[[-40.81821,-11.13694],[-40.83321,-11.15062],[-40.85111,-11.12712],[-40.84943,-11.1206],[-40.83263,-11.10495],[-40.82481,-11.11107],[-40.82379,-11.12525],[-40.81821,-11.13694]]]}},{"type":"Feature","properties":{"nome_proje":"PA ALAGOINHA"},"geometry":{"type":"Polygon","coordinates":[[[-40.72996,-11.04619],[-40.70244,-11.06447],[-40.7105,-11.08178],[-40.74918,-11.0714],[-40.74253,-11.05681],[-40.75879,-11.04707],[-40.7561,-11.00801],[-40.74758,-11.00697],[-40.72996,-11.04619]]]}},{"type":"Feature","properties":{"nome_proje":"PA NOVA CANAÃ"},"geometry":{"type":"Polygon","coordinates":[[[-40.28799,-10.73655],[-40.28034,-10.73584],[-40.27419,-10.75029],[-40.2698,-10.75038],[-40.26763,-10.75399],[-40.25938,-10.75042],[-40.26296,-10.76012],[-40.28466,-10.76394],[-40.28522,-10.75761],[-40.29066,-10.75614],[-40.28822,-10.75354],[-40.29066,-10.75288],[-40.31686,-10.77426],[-40.31854,-10.78105],[-40.32081,-10.77232],[-40.29823,-10.75301],[-40.29951,-10.75042],[-40.30766,-10.75064],[-40.32015,-10.75858],[-40.32157,-10.76261],[-40.33002,-10.75829],[-40.32939,-10.75353],[-40.34423,-10.74841],[-40.34328,-10.74138],[-40.35274,-10.74422],[-40.35801,-10.74132],[-40.35439,-10.73949],[-40.35755,-10.73509],[-40.35491,-10.73465],[-40.35761,-10.73291],[-40.3554,-10.72953],[-40.34624,-10.72787],[-40.34299,-10.72368],[-40.32995,-10.72494],[-40.32998,-10.73015],[-40.32361,-10.73205],[-40.29469,-10.72767],[-40.29354,-10.73109],[-40.28777,-10.73123],[-40.28799,-10.73655]]]}},{"type":"Feature","properties":{"nome_proje":"PA MOKA"},"geometry":{"type":"Polygon","coordinates":[[[-40.64494,-9.94796],[-40.61949,-9.93804],[-40.61435,-9.94231],[-40.61413,-9.94993],[-40.64313,-9.95798],[-40.67109,-9.93819],[-40.66566,-9.93592],[-40.64494,-9.94796]]]}},{"type":"Feature","properties":{"nome_proje":"PA VILA NOVA"},"geometry":{"type":"Polygon","coordinates":[[[-41.1416,-10.84299],[-41.14397,-10.83117],[-41.05227,-10.84999],[-40.96988,-10.85979],[-40.97279,-10.87328],[-41.1416,-10.84299]]]}},{"type":"Feature","properties":{"nome_proje":"PA PEDRA VERMELHA"},"geometry":{"type":"Polygon","coordinates":[[[-41.09259,-10.69968],[-41.03493,-10.73063],[-41.01113,-10.73944],[-40.95979,-10.76877],[-40.96375,-10.78325],[-40.96645,-10.78608],[-41.02228,-10.74081],[-41.09087,-10.71525],[-41.1147,-10.71055],[-41.11193,-10.70539],[-41.10402,-10.70677],[-41.09259,-10.69968]]]}},{"type":"Feature","properties":{"nome_proje":"PA FAZ QUEIMADAS"},"geometry":{"type":"Polygon","coordinates":[[[-41.32613,-10.59707],[-41.31214,-10.58497],[-41.30888,-10.57742],[-41.3039,-10.5754],[-41.29446,-10.58985],[-41.30363,-10.60513],[-41.32613,-10.59707]]]}},{"type":"Feature","properties":{"nome_proje":"PA BOA VISTA"},"geometry":{"type":"Polygon","coordinates":[[[-40.88531,-9.56012],[-40.88243,-9.56071],[-40.89262,-9.58482],[-40.86674,-9.59744],[-40.87316,-9.60922],[-40.89851,-9.59689],[-40.89525,-9.59087],[-40.90085,-9.58816],[-40.88531,-9.56012]]]}},{"type":"Feature","properties":{"nome_proje":"PA FAZENDA DO VALLE"},"geometry":{"type":"Polygon","coordinates":[[[-40.95687,-9.50454],[-40.95051,-9.50522],[-40.95233,-9.5146],[-40.94359,-9.52074],[-40.94147,-9.51435],[-40.93754,-9.51582],[-40.93379,-9.50961],[-40.93033,-9.53987],[-40.93556,-9.53874],[-40.93766,-9.53334],[-40.94148,-9.53594],[-40.94334,-9.54599],[-40.94892,-9.5458],[-40.95429,-9.5357],[-40.9533,-9.51921],[-40.95687,-9.50454]]]}},{"type":"Feature","properties":{"nome_proje":"PA SÃO JOSÉ"},"geometry":{"type":"Polygon","coordinates":[[[-41.07461,-9.25821],[-41.06063,-9.26695],[-41.06362,-9.27184],[-41.07517,-9.27799],[-41.08487,-9.30508],[-41.09364,-9.30329],[-41.09521,-9.31748],[-41.0999,-9.31597],[-41.09444,-9.29791],[-41.08828,-9.29719],[-41.0879,-9.28102],[-41.09531,-9.26117],[-41.09265,-9.25717],[-41.07461,-9.25821]]]}},{"type":"Feature","properties":{"nome_proje":"PA LUIZ NUNES"},"geometry":{"type":"Polygon","coordinates":[[[-40.91761,-9.18842],[-40.92076,-9.18765],[-40.92252,-9.19374],[-40.92667,-9.19504],[-40.92395,-9.1768],[-40.93568,-9.17541],[-40.93379,-9.15935],[-40.91718,-9.16204],[-40.91093,-9.17338],[-40.91761,-9.18842]]]}},{"type":"Feature","properties":{"nome_proje":"PA NOVA ESPERANÇA I"},"geometry":{"type":"Polygon","coordinates":[[[-40.8849,-8.43901],[-40.88078,-8.44742],[-40.87219,-8.4511],[-40.86983,-8.44633],[-40.86269,-8.44741],[-40.86512,-8.4572],[-40.87268,-8.46578],[-40.87884,-8.46762],[-40.88246,-8.47562],[-40.89552,-8.4722],[-40.89276,-8.46982],[-40.89637,-8.46597],[-40.88726,-8.45791],[-40.8929,-8.44411],[-40.8849,-8.43901]]]}},{"type":"Feature","properties":{"nome_proje":"PA CACHOEIRA"},"geometry":{"type":"MultiPolygon","coordinates":[[[[-41.26716,-8.06651],[-41.30448,-8.07932],[-41.30743,-8.07491],[-41.3044,-8.0637],[-41.28557,-8.06918],[-41.27327,-8.06215],[-41.26716,-8.06651]]],[[[-41.26622,-8.06725],[-41.25451,-8.07512],[-41.25399,-8.08444],[-41.26249,-8.0884],[-41.26414,-8.09388],[-41.2599,-8.09449],[-41.25988,-8.10316],[-41.24137,-8.11292],[-41.24815,-8.13418],[-41.24447,-8.13844],[-41.25757,-8.13469],[-41.27506,-8.13829],[-41.27627,-8.1433],[-41.2843,-8.13617],[-41.26743,-8.12144],[-41.28996,-8.10732],[-41.28905,-8.10153],[-41.29368,-8.09152],[-41.30388,-8.07995],[-41.26622,-8.06725]]]]}},{"type":"Feature","properties":{"nome_proje":"PA MALHETE"},"geometry":{"type":"Polygon","coordinates":[[[-41.24457,-8.07053],[-41.22675,-8.08515],[-41.23315,-8.10214],[-41.24137,-8.11292],[-41.25988,-8.10316],[-41.2599,-8.09449],[-41.26414,-8.09388],[-41.26249,-8.0884],[-41.25399,-8.08444],[-41.25451,-8.07512],[-41.24457,-8.07053]]]}},{"type":"Feature","properties":{"nome_proje":"PA VALE DA CONQUISTA"},"geometry":{"type":"Polygon","coordinates":[[[-40.79789,-9.49669],[-40.80111,-9.51354],[-40.77589,-9.52473],[-40.77251,-9.5363],[-40.73497,-9.54525],[-40.73272,-9.54894],[-40.73483,-9.55376],[-40.73886,-9.55291],[-40.74097,-9.56318],[-40.74838,-9.56303],[-40.7527,-9.56896],[-40.78734,-9.55864],[-40.80243,-9.59142],[-40.82358,-9.57349],[-40.81623,-9.55389],[-40.82718,-9.5468],[-40.8222,-9.53171],[-40.80972,-9.53643],[-40.80823,-9.53244],[-40.812,-9.53168],[-40.80609,-9.51233],[-40.81021,-9.51239],[-40.81138,-9.50071],[-40.80032,-9.50239],[-40.79789,-9.49669]]]}},{"type":"Feature","properties":{"nome_proje":"PA SÃO FRANCISCO"},"geometry":{"type":"Polygon","coordinates":[[[-40.73161,-9.52467],[-40.7301,-9.51797],[-40.74502,-9.51535],[-40.74142,-9.50846],[-40.74663,-9.50543],[-40.74103,-9.49557],[-40.73714,-9.47542],[-40.72783,-9.47757],[-40.72023,-9.44847],[-40.71489,-9.45302],[-40.72316,-9.46814],[-40.72484,-9.47933],[-40.71446,-9.48693],[-40.72721,-9.52523],[-40.73161,-9.52467]]]}},{"type":"Feature","properties":{"nome_proje":"PA JOSE ALMEIDA"},"geometry":{"type":"Polygon","coordinates":[[[-40.67724,-9.37326],[-40.67718,-9.38943],[-40.65859,-9.38935],[-40.67696,-9.42331],[-40.68174,-9.42898],[-40.69533,-9.42325],[-40.70114,-9.43788],[-40.70472,-9.44413],[-40.69589,-9.42223],[-40.69906,-9.42239],[-40.70579,-9.43926],[-40.70788,-9.44254],[-40.69131,-9.39741],[-40.72114,-9.39798],[-40.72113,-9.39189],[-40.68715,-9.39168],[-40.68759,-9.37322],[-40.67724,-9.37326]]]}},{"type":"Feature","properties":{"nome_proje":"PA SÃO PAULO"},"geometry":{"type":"Polygon","coordinates":[[[-40.57498,-9.41087],[-40.60013,-9.39269],[-40.57294,-9.39257],[-40.56982,-9.40869],[-40.57498,-9.41087]]]}},{"type":"Feature","properties":{"nome_proje":"PA BELA VISTA II"},"geometry":{"type":"Polygon","coordinates":[[[-40.79407,-9.34102],[-40.78726,-9.34926],[-40.79095,-9.36019],[-40.79747,-9.35884],[-40.7961,-9.35216],[-40.80152,-9.35],[-40.80311,-9.34561],[-40.79407,-9.34102]]]}},{"type":"Feature","properties":{"nome_proje":"PA 1º DE MAIO"},"geometry":{"type":"Polygon","coordinates":[[[-40.60231,-9.35987],[-40.60386,-9.34996],[-40.61195,-9.34987],[-40.61196,-9.35716],[-40.61955,-9.35499],[-40.6182,-9.34924],[-40.62335,-9.34459],[-40.62123,-9.33675],[-40.61139,-9.34181],[-40.59528,-9.34359],[-40.59053,-9.36317],[-40.60231,-9.35987]]]}},{"type":"Feature","properties":{"nome_proje":"PA ÁGUA VIVA"},"geometry":{"type":"Polygon","coordinates":[[[-40.65517,-9.27448],[-40.66211,-9.30281],[-40.67345,-9.30083],[-40.6865,-9.32883],[-40.68367,-9.33057],[-40.68518,-9.33539],[-40.69704,-9.32734],[-40.69954,-9.33113],[-40.71705,-9.32582],[-40.71691,-9.31021],[-40.69209,-9.28227],[-40.66732,-9.27958],[-40.65517,-9.27448]]]}},{"type":"Feature","properties":{"nome_proje":"PA TERRAS DA LIBERDADE"},"geometry":{"type":"Polygon","coordinates":[[[-40.6344,-9.26062],[-40.61011,-9.26578],[-40.60742,-9.26984],[-40.60123,-9.26777],[-40.59331,-9.28131],[-40.59804,-9.28111],[-40.60714,-9.28918],[-40.60978,-9.2861],[-40.60846,-9.27806],[-40.61964,-9.27169],[-40.63077,-9.27824],[-40.63255,-9.28493],[-40.64094,-9.28559],[-40.64079,-9.31749],[-40.66216,-9.30287],[-40.65377,-9.2713],[-40.63584,-9.26556],[-40.6344,-9.26062]]]}},{"type":"Feature","properties":{"nome_proje":"PA MANDACARU"},"geometry":{"type":"Polygon","coordinates":[[[-40.57906,-9.25714],[-40.56618,-9.2553],[-40.56676,-9.26301],[-40.57519,-9.26953],[-40.57362,-9.27131],[-40.59145,-9.28304],[-40.59955,-9.26916],[-40.58692,-9.26496],[-40.57906,-9.25714]]]}},{"type":"Feature","properties":{"nome_proje":"PA SERRA DA SANTA"},"geometry":{"type":"Polygon","coordinates":[[[-40.40325,-9.19798],[-40.3947,-9.19197],[-40.39031,-9.19637],[-40.40372,-9.21282],[-40.41457,-9.20525],[-40.41173,-9.19911],[-40.40325,-9.19798]]]}},{"type":"Feature","properties":{"nome_proje":"PA UNIÃO NOVA ESPERANÇA"},"geometry":{"type":"Polygon","coordinates":[[[-41.78176,-10.29543],[-41.80943,-10.33953],[-41.81691,-10.34438],[-41.81858,-10.33223],[-41.79001,-10.29501],[-41.78176,-10.29543]]]}},{"type":"Feature","properties":{"nome_proje":"PA FAZENDA BARRA"},"geometry":{"type":"Polygon","coordinates":[[[-41.91079,-10.2777],[-41.88877,-10.27273],[-41.87888,-10.27945],[-41.89408,-10.28249],[-41.91023,-10.30421],[-41.91354,-10.2967],[-41.92207,-10.29392],[-41.93387,-10.29264],[-41.96133,-10.29709],[-41.98417,-10.29135],[-41.98382,-10.28382],[-41.91079,-10.2777]]]}},{"type":"Feature","properties":{"nome_proje":"PA POÇÃO"},"geometry":{"type":"Polygon","coordinates":[[[-42.02482,-10.21226],[-42.02048,-10.23323],[-42.03326,-10.24439],[-42.04062,-10.24057],[-42.06918,-10.25595],[-42.0706,-10.34101],[-42.09744,-10.32576],[-42.11131,-10.3559],[-42.12461,-10.34012],[-42.11836,-10.33609],[-42.15929,-10.29701],[-42.16896,-10.2646],[-42.14992,-10.24161],[-42.11122,-10.24199],[-42.1002,-10.20802],[-42.05993,-10.21485],[-42.0477,-10.17187],[-42.02145,-10.18119],[-42.02482,-10.21226]]]}},{"type":"Feature","properties":{"nome_proje":"PA BEIRA RIO SENTO SÉ"},"geometry":{"type":"Polygon","coordinates":[[[-41.94226,-10.1935],[-41.92342,-10.2139],[-41.92512,-10.2158],[-41.93143,-10.20729],[-41.94834,-10.20159],[-41.94226,-10.1935]]]}},{"type":"Feature","properties":{"nome_proje":"PA BEIRA RIO SENTO SÉ"},"geometry":{"type":"MultiPolygon","coordinates":[[[[-41.84412,-10.12525],[-41.92334,-10.21382],[-41.94219,-10.19341],[-41.92101,-10.16518],[-41.91801,-10.16722],[-41.86686,-10.0943],[-41.84412,-10.12525]]],[[[-41.94226,-10.1935],[-41.92342,-10.2139],[-41.92512,-10.2158],[-41.93143,-10.20729],[-41.94834,-10.20159],[-41.94226,-10.1935]]]]}},{"type":"Feature","properties":{"nome_proje":"PA BEIRA RIO SENTO SÉ"},"geometry":{"type":"Polygon","coordinates":[[[-41.84412,-10.12525],[-41.92334,-10.21382],[-41.94219,-10.19341],[-41.92101,-10.16518],[-41.91801,-10.16722],[-41.86686,-10.0943],[-41.84412,-10.12525]]]}},{"type":"Feature","properties":{"nome_proje":"PA PONTA D ÁGUA"},"geometry":{"type":"Polygon","coordinates":[[[-41.98792,-10.08317],[-41.99453,-10.17656],[-42.01558,-10.18125],[-42.01797,-10.15355],[-42.07106,-10.1346],[-42.05852,-10.10048],[-42.06177,-10.08819],[-42.06564,-10.08551],[-42.05482,-10.06014],[-41.98792,-10.08317]]]}},{"type":"Feature","properties":{"nome_proje":"PA POTIGUAR"},"geometry":{"type":"Polygon","coordinates":[[[-42.10626,-10.01929],[-42.14954,-9.98234],[-42.14742,-9.97994],[-42.1447,-9.98365],[-42.14633,-9.98051],[-42.14236,-9.98109],[-42.1497,-9.97553],[-42.14608,-9.96916],[-42.14316,-9.96887],[-42.1401,-9.97492],[-42.13513,-9.97716],[-42.13866,-9.97142],[-42.13499,-9.96759],[-42.14256,-9.96267],[-42.14031,-9.96138],[-42.08114,-10.00759],[-42.10626,-10.01929]]]}},{"type":"Feature","properties":{"nome_proje":"PA CANAÃ"},"geometry":{"type":"Polygon","coordinates":[[[-41.94543,-9.62523],[-41.96083,-9.6147],[-41.96368,-9.61941],[-41.97131,-9.61955],[-41.9731,-9.61501],[-41.97996,-9.62391],[-41.98873,-9.62432],[-41.99092,-9.61821],[-41.98872,-9.61009],[-41.97949,-9.60822],[-41.97687,-9.60229],[-41.98948,-9.59979],[-41.98673,-9.58935],[-41.9499,-9.58246],[-41.9357,-9.5744],[-41.8857,-9.6062],[-41.88608,-9.63206],[-41.89257,-9.63223],[-41.897,-9.6373],[-41.9156,-9.63822],[-41.9144,-9.62995],[-41.91946,-9.63818],[-41.93825,-9.62505],[-41.94543,-9.62523]]]}},{"type":"Feature","properties":{"nome_proje":"PA FAZENDA EUGÊNIO"},"geometry":{"type":"MultiPolygon","coordinates":[[[[-42.01462,-8.38433],[-42.00372,-8.38486],[-42.00429,-8.40203],[-42.01666,-8.41909],[-42.02831,-8.41749],[-42.02402,-8.39653],[-42.01785,-8.39204],[-42.01462,-8.38433]]],[[[-42.02602,-8.33895],[-42.02147,-8.33138],[-42.00571,-8.33267],[-42.00003,-8.34438],[-42.0116,-8.34447],[-42.01429,-8.34767],[-42.01272,-8.35593],[-42.022,-8.35773],[-42.02791,-8.34943],[-42.02726,-8.34171],[-42.0403,-8.33709],[-42.04114,-8.32912],[-42.03148,-8.33023],[-42.02602,-8.33895]]]]}},{"type":"Feature","properties":{"nome_proje":"PA CAMPO ALEGRE"},"geometry":{"type":"Polygon","coordinates":[[[-43.91512,-11.6239],[-43.90834,-11.64326],[-43.88514,-11.68363],[-43.89234,-11.69002],[-43.88484,-11.69476],[-43.8809,-11.71422],[-43.90281,-11.74879],[-43.91851,-11.75312],[-43.96216,-11.639],[-43.91512,-11.6239]]]}},{"type":"Feature","properties":{"nome_proje":"PA NOVA ESPLANADA I"},"geometry":{"type":"Polygon","coordinates":[[[-43.95471,-11.05781],[-43.94682,-11.11448],[-43.95924,-11.12193],[-44.01713,-11.10039],[-44.01942,-11.09525],[-44.01739,-11.07894],[-43.99945,-11.07461],[-43.99686,-11.06659],[-43.99878,-11.06165],[-44.01245,-11.06157],[-44.02713,-11.06744],[-44.03641,-11.05652],[-44.05312,-11.04697],[-43.95471,-11.05781]]]}},{"type":"Feature","properties":{"nome_proje":"PA BEIRA RIO"},"geometry":{"type":"Polygon","coordinates":[[[-44.70752,-11.02667],[-44.71113,-11.06664],[-44.6878,-11.069],[-44.68263,-11.01757],[-44.67984,-11.01223],[-44.6674,-11.01998],[-44.66286,-11.01682],[-44.65248,-11.01782],[-44.65165,-11.04221],[-44.64802,-11.04463],[-44.65824,-11.075],[-44.65574,-11.0898],[-44.67976,-11.09585],[-44.68387,-11.08345],[-44.68789,-11.08126],[-44.70128,-11.0895],[-44.72302,-11.09125],[-44.73695,-11.08629],[-44.75259,-11.07138],[-44.73572,-11.06655],[-44.72963,-11.0387],[-44.72951,-11.01703],[-44.7214,-11.01243],[-44.71328,-11.01888],[-44.70966,-11.00836],[-44.70752,-11.02667]]]}},{"type":"Feature","properties":{"nome_proje":"PA NOVA ESPLANADA CAPEFE"},"geometry":{"type":"MultiPolygon","coordinates":[[[[-43.98184,-11.02173],[-43.95471,-11.05781],[-44.05312,-11.04697],[-44.05653,-11.03612],[-44.05548,-11.02879],[-44.04868,-11.03035],[-44.04324,-11.01334],[-44.01524,-10.99679],[-43.98184,-11.02173]]],[[[-44.18887,-10.99477],[-44.18914,-10.98911],[-44.1809,-10.98825],[-44.18887,-10.99477]]]]}},{"type":"Feature","properties":{"nome_proje":"PA FAZENDA REUNIDAS ESPLANADA"},"geometry":{"type":"Polygon","coordinates":[[[-44.35181,-10.9983],[-44.3427,-10.98397],[-44.33692,-10.9632],[-44.33598,-10.97669],[-44.33976,-10.98755],[-44.35181,-10.9983]]]}},{"type":"Feature","properties":{"nome_proje":"PA FERRADURA"},"geometry":{"type":"Polygon","coordinates":[[[-43.57068,-11.19259],[-43.5045,-11.37916],[-43.51957,-11.39108],[-43.58813,-11.19818],[-43.57068,-11.19259]]]}},{"type":"Feature","properties":{"nome_proje":"PA FERRADURA"},"geometry":{"type":"MultiPolygon","coordinates":[[[[-43.58322,-11.15763],[-43.57077,-11.19236],[-43.58818,-11.19805],[-43.60145,-11.16091],[-43.58966,-11.16083],[-43.58322,-11.15763]]],[[[-43.57068,-11.19259],[-43.5045,-11.37916],[-43.51957,-11.39108],[-43.58813,-11.19818],[-43.57068,-11.19259]]]]}},{"type":"Feature","properties":{"nome_proje":"PA FERRADURA"},"geometry":{"type":"Polygon","coordinates":[[[-43.58322,-11.15763],[-43.57077,-11.19236],[-43.58818,-11.19805],[-43.60145,-11.16091],[-43.58966,-11.16083],[-43.58322,-11.15763]]]}},{"type":"Feature","properties":{"nome_proje":"PA FAZENDA PERIPERI"},"geometry":{"type":"Polygon","coordinates":[[[-43.27438,-11.19005],[-43.26685,-11.13122],[-43.24474,-11.13386],[-43.25793,-11.18793],[-43.27438,-11.19005]]]}},{"type":"Feature","properties":{"nome_proje":"PA ANTÔNIO CONSELHEIRO"},"geometry":{"type":"Polygon","coordinates":[[[-43.49454,-11.08861],[-43.48923,-11.13251],[-43.48518,-11.16196],[-43.51184,-11.14705],[-43.51928,-11.09259],[-43.49454,-11.08861]]]}},{"type":"Feature","properties":{"nome_proje":"PA ANGICO"},"geometry":{"type":"Polygon","coordinates":[[[-43.6502,-11.19066],[-43.67636,-11.04007],[-43.66547,-11.0393],[-43.64039,-11.1847],[-43.6502,-11.19066]]]}},{"type":"Feature","properties":{"nome_proje":"PA UIRAPURU"},"geometry":{"type":"Polygon","coordinates":[[[-43.63387,-11.03714],[-43.60998,-11.16183],[-43.61943,-11.16679],[-43.62797,-11.1771],[-43.63216,-11.172],[-43.65513,-11.03861],[-43.63387,-11.03714]]]}},{"type":"Feature","properties":{"nome_proje":"PA SAO FRANCISCO"},"geometry":{"type":"Polygon","coordinates":[[[-43.70558,-11.11207],[-43.71882,-11.11445],[-43.70357,-11.20061],[-43.71636,-11.1936],[-43.72885,-11.19715],[-43.75798,-11.03153],[-43.73076,-11.00422],[-43.70558,-11.11207]]]}},{"type":"Feature","properties":{"nome_proje":"PA FAZ CAJUEIRO II"},"geometry":{"type":"Polygon","coordinates":[[[-42.88949,-11.07043],[-43.00252,-11.00598],[-43.03504,-10.96739],[-43.00429,-10.95849],[-42.966,-11.00892],[-42.90366,-11.05296],[-42.88949,-11.07043]]]}},{"type":"Feature","properties":{"nome_proje":"PA FAZ CAJUEIRO I"},"geometry":{"type":"Polygon","coordinates":[[[-42.94812,-10.98872],[-42.88066,-11.06452],[-42.88283,-11.06714],[-42.966,-11.00892],[-43.00439,-10.95836],[-42.99769,-10.95073],[-42.981,-10.9406],[-42.94812,-10.98872]]]}},{"type":"Feature","properties":{"nome_proje":"PA ANTÔNIO CONSELHEIRO II"},"geometry":{"type":"Polygon","coordinates":[[[-44.67929,-10.91123],[-44.67349,-10.93574],[-44.68299,-10.93892],[-44.67893,-10.94566],[-44.63952,-10.9373],[-44.64357,-10.91118],[-44.6148,-10.91665],[-44.60451,-10.92423],[-44.60862,-10.93274],[-44.60135,-10.94833],[-44.60239,-10.95802],[-44.58595,-10.97788],[-44.58784,-10.99323],[-44.58532,-11.00205],[-44.59318,-11.0147],[-44.60087,-11.01651],[-44.60784,-11.00035],[-44.61292,-10.99964],[-44.61478,-10.99177],[-44.64806,-10.99086],[-44.65316,-10.97045],[-44.65792,-10.96445],[-44.6647,-10.96911],[-44.65818,-10.99081],[-44.65742,-11.01678],[-44.66465,-11.0159],[-44.6686,-11.01877],[-44.68152,-11.00999],[-44.69452,-11.0085],[-44.70017,-10.99768],[-44.70517,-10.99688],[-44.70729,-10.98964],[-44.72697,-10.98975],[-44.74999,-10.92995],[-44.73086,-10.91186],[-44.72782,-10.91668],[-44.72314,-10.9158],[-44.715,-10.90502],[-44.72199,-10.90106],[-44.71839,-10.8978],[-44.69414,-10.9058],[-44.71513,-10.91979],[-44.71592,-10.91763],[-44.7238,-10.92123],[-44.71189,-10.93624],[-44.68641,-10.90869],[-44.67929,-10.91123]]]}},{"type":"Feature","properties":{"nome_proje":"PA PRIMAVERA CAPEFE"},"geometry":{"type":"Polygon","coordinates":[[[-44.24739,-10.77509],[-44.21608,-10.79267],[-44.21515,-10.82982],[-44.21724,-10.83088],[-44.20662,-10.85909],[-44.15348,-10.86375],[-44.15361,-10.8852],[-44.19724,-10.88364],[-44.20056,-10.90312],[-44.14164,-10.9076],[-44.13866,-10.91136],[-44.14212,-10.9183],[-44.1858,-10.91526],[-44.18773,-10.92362],[-44.24111,-10.94041],[-44.24927,-10.93061],[-44.23635,-10.92614],[-44.2425,-10.89894],[-44.23432,-10.90013],[-44.22505,-10.88852],[-44.22216,-10.89012],[-44.22317,-10.88289],[-44.23228,-10.88362],[-44.22813,-10.87695],[-44.23585,-10.86239],[-44.25315,-10.86306],[-44.26204,-10.8156],[-44.25416,-10.80437],[-44.24338,-10.81494],[-44.23327,-10.80113],[-44.24042,-10.79732],[-44.23594,-10.7937],[-44.23945,-10.78652],[-44.24951,-10.78265],[-44.24739,-10.77509]]]}},{"type":"Feature","properties":{"nome_proje":"PA PORTEIRAS"},"geometry":{"type":"Polygon","coordinates":[[[-44.44472,-10.00725],[-44.43397,-10.03532],[-44.43917,-10.05012],[-44.43554,-10.05979],[-44.45143,-10.07527],[-44.50527,-10.06491],[-44.49989,-10.05888],[-44.48705,-10.06097],[-44.48273,-10.05715],[-44.52182,-10.0271],[-44.52638,-10.01075],[-44.51841,-10.00417],[-44.49802,-10.02915],[-44.49442,-10.02989],[-44.50015,-10.01909],[-44.50293,-10.01929],[-44.51617,-10.00273],[-44.49836,-10.00044],[-44.48591,-9.98701],[-44.47452,-9.989],[-44.47488,-10.00359],[-44.44325,-10.00228],[-44.44472,-10.00725]]]}},{"type":"Feature","properties":{"nome_proje":"PA UTINGA"},"geometry":{"type":"Polygon","coordinates":[[[-42.97131,-10.90562],[-42.87219,-11.02422],[-42.89674,-11.04652],[-42.96524,-10.96961],[-42.96988,-10.96091],[-42.98305,-10.93508],[-42.98768,-10.91135],[-42.97936,-10.90284],[-42.97131,-10.90562]]]}},{"type":"Feature","properties":{"nome_proje":"PA SITIO NOVO"},"geometry":{"type":"Polygon","coordinates":[[[-43.13503,-10.90643],[-43.12742,-10.91047],[-43.12112,-10.92345],[-43.12879,-10.9401],[-43.14745,-10.92316],[-43.15735,-10.90715],[-43.13503,-10.90643]]]}},{"type":"Feature","properties":{"nome_proje":"PA BARRO VERMELHO/CANUDOS"},"geometry":{"type":"Polygon","coordinates":[[[-43.06712,-10.8733],[-43.06307,-10.86858],[-43.03006,-10.8924],[-42.99273,-10.91011],[-42.99885,-10.93517],[-43.00551,-10.94762],[-43.02004,-10.95077],[-43.023,-10.94853],[-43.06146,-10.90851],[-43.09098,-10.86553],[-43.08808,-10.8622],[-43.06712,-10.8733]]]}},{"type":"Feature","properties":{"nome_proje":"PA SITIO NOVO"},"geometry":{"type":"MultiPolygon","coordinates":[[[[-43.11464,-10.86824],[-43.10245,-10.88388],[-43.12106,-10.92332],[-43.12329,-10.91825],[-43.12734,-10.9104],[-43.12856,-10.90922],[-43.1319,-10.90757],[-43.13515,-10.90626],[-43.15733,-10.90704],[-43.11464,-10.86824]]],[[[-43.13503,-10.90643],[-43.12742,-10.91047],[-43.12112,-10.92345],[-43.12879,-10.9401],[-43.14745,-10.92316],[-43.15735,-10.90715],[-43.13503,-10.90643]]]]}},{"type":"Feature","properties":{"nome_proje":"PA SITIO NOVO"},"geometry":{"type":"Polygon","coordinates":[[[-43.11464,-10.86824],[-43.10245,-10.88388],[-43.12106,-10.92332],[-43.12734,-10.9104],[-43.1319,-10.90757],[-43.15733,-10.90704],[-43.11464,-10.86824]]]}},{"type":"Feature","properties":{"nome_proje":"PA ESPIRITO SANTO"},"geometry":{"type":"MultiPolygon","coordinates":[[[[-43.22359,-9.24235],[-43.20493,-9.24474],[-43.1997,-9.24375],[-43.2003,-9.26221],[-43.21993,-9.2685],[-43.23187,-9.27767],[-43.25425,-9.28724],[-43.22424,-9.25717],[-43.22796,-9.24265],[-43.22359,-9.24235]]],[[[-43.24444,-9.15283],[-43.23513,-9.15366],[-43.20564,-9.19788],[-43.20116,-9.19859],[-43.19968,-9.24346],[-43.218,-9.24098],[-43.22803,-9.24238],[-43.23719,-9.20192],[-43.24376,-9.19741],[-43.26737,-9.15876],[-43.24444,-9.15283]]]]}},{"type":"Feature","properties":{"nome_proje":"PA SACO"},"geometry":{"type":"MultiPolygon","coordinates":[[[[-43.27353,-9.14867],[-43.24376,-9.19741],[-43.23719,-9.20192],[-43.22811,-9.24225],[-43.24159,-9.24331],[-43.25351,-9.25261],[-43.25701,-9.25634],[-43.27554,-9.26465],[-43.27448,-9.24798],[-43.31555,-9.23118],[-43.33573,-9.21493],[-43.34424,-9.17793],[-43.27353,-9.14867]]],[[[-43.22766,-9.24384],[-43.22424,-9.25717],[-43.25429,-9.28718],[-43.2773,-9.27753],[-43.2756,-9.26524],[-43.25672,-9.25681],[-43.24131,-9.24378],[-43.22766,-9.24384]]]]}},{"type":"Feature","properties":{"nome_proje":"PA FAZENDA CASCAVEL"},"geometry":{"type":"MultiPolygon","coordinates":[[[[-43.81974,-8.31695],[-43.79741,-8.33033],[-43.79058,-8.31814],[-43.71661,-8.3744],[-43.74559,-8.4138],[-43.77788,-8.36551],[-43.77483,-8.3604],[-43.82432,-8.33032],[-43.81974,-8.31695]]],[[[-43.82334,-8.31412],[-43.82,-8.31675],[-43.82461,-8.33016],[-43.82874,-8.32757],[-43.82742,-8.32253],[-43.83119,-8.31938],[-43.82334,-8.31412]]]]}},{"type":"Feature","properties":{"nome_proje":"PA OITIS"},"geometry":{"type":"Polygon","coordinates":[[[-43.68251,-8.35057],[-43.66511,-8.34972],[-43.66497,-8.37315],[-43.67347,-8.36789],[-43.68251,-8.35057]]]}},{"type":"Feature","properties":{"nome_proje":"PA BELO HORIZONTE"},"geometry":{"type":"Polygon","coordinates":[[[-43.72144,-8.33814],[-43.74622,-8.27465],[-43.74421,-8.27253],[-43.74868,-8.26825],[-43.74356,-8.26443],[-43.75339,-8.25635],[-43.7685,-8.2604],[-43.76794,-8.24972],[-43.7727,-8.24863],[-43.77923,-8.22481],[-43.70056,-8.23574],[-43.70951,-8.25553],[-43.70763,-8.26402],[-43.71429,-8.28434],[-43.69675,-8.31903],[-43.72144,-8.33814]]]}},{"type":"Feature","properties":{"nome_proje":"PA VALE DO GURGUEIA"},"geometry":{"type":"Polygon","coordinates":[[[-43.89568,-8.46734],[-43.87856,-8.47707],[-43.89731,-8.51374],[-43.91508,-8.50079],[-43.89568,-8.46734]]]}},{"type":"Feature","properties":{"nome_proje":"PA ANGICO CAPITÃO DE CAMPOS"},"geometry":{"type":"Polygon","coordinates":[[[-43.83431,-8.3346],[-43.83468,-8.34544],[-43.84224,-8.35009],[-43.84355,-8.35593],[-43.88419,-8.34885],[-43.8729,-8.33419],[-43.85618,-8.3402],[-43.84803,-8.33219],[-43.83431,-8.3346]]]}},{"type":"Feature","properties":{"nome_proje":"PA - AGUA BRANCA-II/REMANSO"},"geometry":{"type":"Polygon","coordinates":[[[-43.85028,-8.1688],[-43.84091,-8.17237],[-43.84039,-8.2098],[-43.82685,-8.20871],[-43.82563,-8.21626],[-43.88902,-8.22782],[-43.90275,-8.22029],[-43.89757,-8.19574],[-43.8889,-8.19596],[-43.88149,-8.20111],[-43.85942,-8.18277],[-43.8587,-8.17263],[-43.85028,-8.1688]]]}},{"type":"Feature","properties":{"nome_proje":"PA  RECREIO"},"geometry":{"type":"Polygon","coordinates":[[[-44.01113,-8.18851],[-44.06244,-8.19135],[-44.09415,-8.20111],[-44.09462,-8.19843],[-44.09348,-8.19409],[-44.0773,-8.18583],[-44.06436,-8.19085],[-44.05683,-8.18325],[-44.03432,-8.17997],[-44.02804,-8.18229],[-44.01827,-8.17435],[-44.01275,-8.17634],[-44.01061,-8.18435],[-44.00296,-8.18458],[-44.01113,-8.18851]]]}},{"type":"Feature","properties":{"nome_proje":"PA ESTREITO"},"geometry":{"type":"Polygon","coordinates":[[[-43.73379,-8.17461],[-43.71324,-8.21597],[-43.70768,-8.22006],[-43.70444,-8.23503],[-43.76993,-8.22608],[-43.7696,-8.22205],[-43.77862,-8.22089],[-43.73379,-8.17461]]]}},{"type":"Feature","properties":{"nome_proje":"PA OLHO DÁGUA DO MATO"},"geometry":{"type":"Polygon","coordinates":[[[-43.68701,-8.17768],[-43.6881,-8.18668],[-43.67314,-8.18012],[-43.66869,-8.19002],[-43.68189,-8.19587],[-43.67563,-8.20985],[-43.65369,-8.20977],[-43.65351,-8.21442],[-43.70703,-8.22261],[-43.71324,-8.21597],[-43.73379,-8.17461],[-43.72246,-8.16282],[-43.68701,-8.17768]]]}},{"type":"Feature","properties":{"nome_proje":"PA ANGICO BRANCO I e II"},"geometry":{"type":"Polygon","coordinates":[[[-43.54916,-8.17188],[-43.55305,-8.16175],[-43.57559,-8.16714],[-43.58825,-8.16641],[-43.63065,-8.15728],[-43.62753,-8.14726],[-43.63063,-8.14495],[-43.6243,-8.13906],[-43.63878,-8.13254],[-43.64073,-8.1218],[-43.6486,-8.1144],[-43.64917,-8.08888],[-43.6526,-8.07598],[-43.6481,-8.07359],[-43.64721,-8.06861],[-43.65377,-8.06918],[-43.65577,-8.06365],[-43.65862,-8.06405],[-43.66542,-8.04251],[-43.58063,-8.03974],[-43.55855,-8.12216],[-43.49673,-8.1122],[-43.51131,-8.12611],[-43.5143,-8.13637],[-43.51316,-8.14516],[-43.49316,-8.16294],[-43.54916,-8.17188]]]}},{"type":"Feature","properties":{"nome_proje":"PA 13 DE ABRIL/ PADRE CÍCERO"},"geometry":{"type":"Polygon","coordinates":[[[-42.90094,-8.05704],[-42.9045,-8.06475],[-42.91392,-8.0688],[-42.93059,-8.07413],[-42.93725,-8.07278],[-42.93481,-8.05656],[-42.92656,-8.05502],[-42.91939,-8.04935],[-42.9044,-8.05051],[-42.90094,-8.05704]]]}},{"type":"Feature","properties":{"nome_proje":"PA FAZENDA MALHADA"},"geometry":{"type":"Polygon","coordinates":[[[-43.0114,-7.98224],[-43.00659,-8.00165],[-42.99762,-8.00437],[-42.98784,-8.01544],[-42.99064,-8.02078],[-42.9891,-8.02866],[-43.00153,-8.02921],[-43.00411,-8.01902],[-43.01397,-8.01413],[-43.01769,-8.01334],[-43.03074,-8.02231],[-43.04407,-8.01517],[-43.04317,-8.00824],[-43.04896,-7.99558],[-43.0114,-7.98224]]]}},{"type":"Feature","properties":{"nome_proje":"PA CHUPEIRO PUÇA"},"geometry":{"type":"Polygon","coordinates":[[[-43.53525,-7.95799],[-43.5083,-7.98503],[-43.54416,-7.98641],[-43.55229,-8.01054],[-43.57572,-8.01831],[-43.578,-7.99693],[-43.56383,-7.98833],[-43.56494,-7.98349],[-43.57824,-7.98557],[-43.57556,-7.98168],[-43.55038,-7.96959],[-43.53525,-7.95799]]]}},{"type":"Feature","properties":{"nome_proje":"PA MACAUBEIRA"},"geometry":{"type":"Polygon","coordinates":[[[-43.43948,-7.88599],[-43.4535,-7.85838],[-43.44666,-7.85301],[-43.40338,-7.89065],[-43.40591,-7.90105],[-43.43948,-7.88599]]]}},{"type":"Feature","properties":{"nome_proje":"PA SÃO MATEUS"},"geometry":{"type":"Polygon","coordinates":[[[-43.4661,-7.86715],[-43.522,-7.90289],[-43.59444,-7.85246],[-43.59849,-7.83096],[-43.58729,-7.83355],[-43.58736,-7.82547],[-43.5807,-7.825],[-43.57394,-7.82073],[-43.57498,-7.81847],[-43.56662,-7.83019],[-43.56361,-7.81432],[-43.551,-7.81466],[-43.54894,-7.80885],[-43.56961,-7.80028],[-43.57478,-7.80368],[-43.57746,-7.75727],[-43.4661,-7.86715]]]}},{"type":"Feature","properties":{"nome_proje":"PA BAIXA DA PINICADA"},"geometry":{"type":"Polygon","coordinates":[[[-42.99978,-7.73321],[-42.99687,-7.74371],[-42.98814,-7.74405],[-42.9728,-7.73626],[-42.96882,-7.74362],[-42.97097,-7.75326],[-42.96882,-7.76121],[-42.97655,-7.76034],[-42.97582,-7.74977],[-42.98752,-7.75334],[-42.98479,-7.76309],[-42.99942,-7.76738],[-42.99106,-7.78672],[-43.00367,-7.79712],[-43.0091,-7.79503],[-43.02275,-7.79693],[-43.02067,-7.79939],[-43.00276,-7.80018],[-43.00124,-7.80516],[-42.99419,-7.80308],[-42.99477,-7.79858],[-42.99099,-7.79821],[-42.9717,-7.81992],[-42.96994,-7.81674],[-42.95494,-7.82213],[-42.95306,-7.81491],[-42.9329,-7.8017],[-42.93096,-7.8078],[-42.92845,-7.8078],[-42.92847,-7.81511],[-42.93836,-7.81966],[-42.94512,-7.83851],[-42.94385,-7.84777],[-42.956,-7.85524],[-42.96967,-7.85634],[-42.97056,-7.87206],[-42.98806,-7.87415],[-42.98626,-7.88463],[-42.97195,-7.88207],[-42.95004,-7.89228],[-43.0201,-7.90184],[-43.03929,-7.90134],[-43.05339,-7.856],[-43.03729,-7.85859],[-43.04667,-7.75626],[-43.04689,-7.72311],[-43.03504,-7.72207],[-43.03334,-7.73295],[-43.02729,-7.73462],[-43.01817,-7.73401],[-43.01599,-7.7212],[-42.98696,-7.71908],[-42.98245,-7.72187],[-42.98123,-7.72991],[-42.99978,-7.73321]]]}},{"type":"Feature","properties":{"nome_proje":"PA SANTANA"},"geometry":{"type":"Polygon","coordinates":[[[-43.10596,-7.72402],[-43.09322,-7.73362],[-43.08538,-7.77774],[-43.07918,-7.78466],[-43.08032,-7.80176],[-43.08589,-7.80447],[-43.08063,-7.80854],[-43.04167,-7.81011],[-43.03729,-7.85859],[-43.10046,-7.84834],[-43.10567,-7.82661],[-43.12109,-7.83029],[-43.12372,-7.82521],[-43.11971,-7.81239],[-43.12187,-7.80495],[-43.12949,-7.80097],[-43.14523,-7.80373],[-43.14709,-7.79226],[-43.13287,-7.79194],[-43.13275,-7.78536],[-43.11507,-7.79791],[-43.10297,-7.80039],[-43.10073,-7.78788],[-43.10261,-7.78053],[-43.11683,-7.78342],[-43.12928,-7.77527],[-43.12765,-7.7712],[-43.1226,-7.77311],[-43.1205,-7.76012],[-43.12892,-7.75972],[-43.12513,-7.75215],[-43.13325,-7.74977],[-43.13776,-7.75208],[-43.13589,-7.75937],[-43.14316,-7.75401],[-43.15274,-7.75792],[-43.16184,-7.75698],[-43.16178,-7.7704],[-43.16916,-7.77091],[-43.16882,-7.75616],[-43.16272,-7.75692],[-43.15974,-7.74693],[-43.14567,-7.74217],[-43.14297,-7.74773],[-43.13171,-7.74611],[-43.1225,-7.73536],[-43.12485,-7.73284],[-43.11309,-7.72634],[-43.10694,-7.72812],[-43.10596,-7.72402]]]}},{"type":"Feature","properties":{"nome_proje":"PA SÃO GONÇALO"},"geometry":{"type":"Polygon","coordinates":[[[-42.79833,-8.25791],[-42.78326,-8.26238],[-42.78061,-8.26847],[-42.77596,-8.26884],[-42.77249,-8.27356],[-42.77803,-8.28181],[-42.77607,-8.31116],[-42.80642,-8.28128],[-42.80253,-8.27835],[-42.79833,-8.25791]]]}},{"type":"Feature","properties":{"nome_proje":"PA MARRECAS/ZEBULÂNDIA"},"geometry":{"type":"MultiPolygon","coordinates":[[[[-42.4933,-8.20865],[-42.49685,-8.2154],[-42.50166,-8.22827],[-42.50204,-8.23175],[-42.53124,-8.21286],[-42.52471,-8.18823],[-42.4933,-8.20865]]],[[[-42.5355,-8.15696],[-42.51548,-8.17807],[-42.52471,-8.18823],[-42.54751,-8.17358],[-42.5355,-8.15696]]],[[[-42.41813,-8.22711],[-42.39975,-8.23904],[-42.41447,-8.25946],[-42.43461,-8.2464],[-42.42344,-8.23154],[-42.42007,-8.23382],[-42.41813,-8.22711]]],[[[-42.43295,-8.12737],[-42.4046,-8.14582],[-42.40685,-8.1548],[-42.39318,-8.16426],[-42.41833,-8.18525],[-42.41782,-8.19099],[-42.4293,-8.18762],[-42.43009,-8.18175],[-42.43268,-8.18487],[-42.44045,-8.17996],[-42.44588,-8.19161],[-42.43458,-8.20014],[-42.44642,-8.23868],[-42.44172,-8.24212],[-42.44467,-8.24253],[-42.45993,-8.24906],[-42.46478,-8.24905],[-42.48403,-8.24328],[-42.50179,-8.2319],[-42.49301,-8.20886],[-42.48554,-8.21367],[-42.46699,-8.18386],[-42.46443,-8.18788],[-42.45792,-8.18566],[-42.45969,-8.19056],[-42.4515,-8.18946],[-42.45324,-8.18312],[-42.44752,-8.17607],[-42.45074,-8.17189],[-42.43836,-8.1454],[-42.44207,-8.14367],[-42.43295,-8.12737]]],[[[-42.44213,-8.24243],[-42.39476,-8.27288],[-42.4078,-8.29225],[-42.483,-8.24396],[-42.46485,-8.2494],[-42.46055,-8.24952],[-42.44213,-8.24243]]]]}},{"type":"Feature","properties":{"nome_proje":"PA LISBOA"},"geometry":{"type":"Polygon","coordinates":[[[-42.28164,-8.12935],[-42.28644,-8.13325],[-42.27823,-8.14284],[-42.31724,-8.2024],[-42.3257,-8.22555],[-42.37185,-8.28759],[-42.41447,-8.25946],[-42.37974,-8.21117],[-42.37739,-8.22104],[-42.37207,-8.2219],[-42.37266,-8.2245],[-42.37004,-8.22219],[-42.3661,-8.22376],[-42.34496,-8.1938],[-42.34711,-8.19248],[-42.34301,-8.1867],[-42.35357,-8.17638],[-42.3417,-8.16895],[-42.32158,-8.14681],[-42.32019,-8.13929],[-42.29948,-8.11368],[-42.28164,-8.12935]]]}},{"type":"Feature","properties":{"nome_proje":"PA CANSANÇÃO"},"geometry":{"type":"Polygon","coordinates":[[[-42.75606,-8.02958],[-42.72012,-8.04556],[-42.68266,-8.07121],[-42.64232,-8.08666],[-42.63715,-8.07932],[-42.62807,-8.08675],[-42.63024,-8.11442],[-42.66923,-8.10901],[-42.66928,-8.11941],[-42.67721,-8.13438],[-42.67118,-8.14008],[-42.69695,-8.15504],[-42.71605,-8.12808],[-42.71207,-8.11678],[-42.69283,-8.11854],[-42.68248,-8.1144],[-42.71318,-8.08821],[-42.7137,-8.06938],[-42.72003,-8.06568],[-42.72241,-8.07096],[-42.73597,-8.07297],[-42.73941,-8.06258],[-42.74832,-8.06769],[-42.76398,-8.05441],[-42.75606,-8.02958]]]}},{"type":"Feature","properties":{"nome_proje":"PA LUANDA"},"geometry":{"type":"Polygon","coordinates":[[[-42.78434,-8.04008],[-42.80576,-8.04222],[-42.81909,-8.01885],[-42.78489,-8.01577],[-42.78434,-8.04008]]]}},{"type":"Feature","properties":{"nome_proje":"PA SANTA VIRGEM"},"geometry":{"type":"Polygon","coordinates":[[[-42.75016,-8.01264],[-42.7589,-8.03754],[-42.78434,-8.04008],[-42.78489,-8.01577],[-42.75016,-8.01264]]]}},{"type":"Feature","properties":{"nome_proje":"PA PORCOS"},"geometry":{"type":"Polygon","coordinates":[[[-42.82134,-7.7141],[-42.84634,-7.75078],[-42.86518,-7.74957],[-42.90162,-7.76985],[-42.90407,-7.76249],[-42.90721,-7.76398],[-42.92088,-7.75574],[-42.94293,-7.75245],[-42.94079,-7.7431],[-42.93093,-7.73937],[-42.93073,-7.72841],[-42.92615,-7.72245],[-42.91806,-7.72217],[-42.90158,-7.72948],[-42.8948,-7.71586],[-42.8794,-7.72405],[-42.8605,-7.72682],[-42.84399,-7.71931],[-42.82134,-7.7141]]]}},{"type":"Feature","properties":{"nome_proje":"PA OLHO DÁGUA DO CANTO"},"geometry":{"type":"Polygon","coordinates":[[[-42.8996,-7.5757],[-42.88674,-7.58001],[-42.87975,-7.57517],[-42.87516,-7.58136],[-42.87643,-7.58558],[-42.88833,-7.59157],[-42.89073,-7.59601],[-42.87873,-7.62589],[-42.88576,-7.639],[-42.88916,-7.62518],[-42.89912,-7.61675],[-42.89517,-7.60031],[-42.8996,-7.5757]]]}},{"type":"Feature","properties":{"nome_proje":"PIC ANGICOS"},"geometry":{"type":"Polygon","coordinates":[[[-42.74101,-7.66585],[-42.82511,-7.64651],[-42.81856,-7.64315],[-42.81584,-7.62961],[-42.80163,-7.62175],[-42.79348,-7.62574],[-42.79151,-7.6402],[-42.7835,-7.64663],[-42.77288,-7.64625],[-42.7547,-7.63376],[-42.73297,-7.63898],[-42.72971,-7.64575],[-42.73058,-7.65367],[-42.73991,-7.66123],[-42.74101,-7.66585]]]}},{"type":"Feature","properties":{"nome_proje":"PA TABULEIRO REDONDO"},"geometry":{"type":"Polygon","coordinates":[[[-42.90212,-7.53803],[-42.89694,-7.53672],[-42.89775,-7.5437],[-42.8868,-7.54368],[-42.87739,-7.55334],[-42.87847,-7.56202],[-42.87538,-7.56582],[-42.8807,-7.57092],[-42.87975,-7.57518],[-42.88668,-7.58],[-42.89281,-7.55407],[-42.93257,-7.55856],[-42.93555,-7.55211],[-42.93204,-7.55146],[-42.93228,-7.53726],[-42.90774,-7.54262],[-42.90926,-7.5347],[-42.90212,-7.53803]]]}},{"type":"Feature","properties":{"nome_proje":"PA CALUMBI"},"geometry":{"type":"MultiPolygon","coordinates":[[[[-42.87537,-7.56578],[-42.87847,-7.56202],[-42.87705,-7.5602],[-42.87491,-7.56344],[-42.87537,-7.56578]]],[[[-42.87737,-7.55324],[-42.88536,-7.54542],[-42.8868,-7.54368],[-42.87833,-7.55035],[-42.87737,-7.55324]]],[[[-42.83333,-7.50499],[-42.82049,-7.4907],[-42.81077,-7.47995],[-42.80285,-7.51208],[-42.83089,-7.50961],[-42.83333,-7.50499]]]]}},{"type":"Feature","properties":{"nome_proje":"PA MUCAITÁ"},"geometry":{"type":"Polygon","coordinates":[[[-42.73326,-7.29654],[-42.7234,-7.29753],[-42.71978,-7.3014],[-42.7039,-7.2985],[-42.69202,-7.31602],[-42.68039,-7.31933],[-42.66858,-7.33193],[-42.66498,-7.34046],[-42.66721,-7.34396],[-42.65985,-7.35031],[-42.67169,-7.34877],[-42.67438,-7.35163],[-42.67206,-7.36611],[-42.66598,-7.37765],[-42.66845,-7.38816],[-42.68259,-7.38805],[-42.68684,-7.39298],[-42.67101,-7.41453],[-42.67782,-7.42509],[-42.67669,-7.43218],[-42.68037,-7.44358],[-42.68606,-7.4485],[-42.70005,-7.44068],[-42.70006,-7.43078],[-42.71324,-7.41957],[-42.70764,-7.41674],[-42.71015,-7.41244],[-42.73071,-7.3958],[-42.73527,-7.39567],[-42.73551,-7.3828],[-42.7264,-7.38142],[-42.72615,-7.3769],[-42.72951,-7.37747],[-42.7326,-7.37252],[-42.7308,-7.36876],[-42.72098,-7.37084],[-42.71872,-7.36708],[-42.71052,-7.36852],[-42.71903,-7.3582],[-42.71809,-7.35381],[-42.72446,-7.35338],[-42.72504,-7.35242],[-42.72365,-7.34129],[-42.71614,-7.34299],[-42.71533,-7.33788],[-42.72054,-7.33579],[-42.7298,-7.33789],[-42.73458,-7.33519],[-42.7372,-7.3286],[-42.73612,-7.32136],[-42.72744,-7.31398],[-42.73326,-7.29654]]]}},{"type":"Feature","properties":{"nome_proje":"PA ORIENTE"},"geometry":{"type":"Polygon","coordinates":[[[-42.6473,-6.99248],[-42.65122,-6.98474],[-42.66329,-6.97651],[-42.66079,-6.96747],[-42.65596,-6.9675],[-42.65508,-6.97014],[-42.63433,-6.96366],[-42.6272,-6.98107],[-42.6473,-6.99248]]]}},{"type":"Feature","properties":{"nome_proje":"PA CATARÉM"},"geometry":{"type":"Polygon","coordinates":[[[-42.6501,-6.90499],[-42.6486,-6.90979],[-42.65552,-6.91388],[-42.64974,-6.92949],[-42.65971,-6.93376],[-42.66224,-6.9254],[-42.67159,-6.92014],[-42.67001,-6.91448],[-42.67291,-6.90618],[-42.6501,-6.90499]]]}},{"type":"Feature","properties":{"nome_proje":"PA ALDEIA"},"geometry":{"type":"Polygon","coordinates":[[[-42.64971,-6.91141],[-42.65051,-6.90379],[-42.62974,-6.90238],[-42.61864,-6.89445],[-42.60251,-6.88927],[-42.5815,-6.888],[-42.58144,-6.89221],[-42.64971,-6.91141]]]}},{"type":"Feature","properties":{"nome_proje":"PA RODEADOR"},"geometry":{"type":"Polygon","coordinates":[[[-42.57598,-6.85619],[-42.5712,-6.8887],[-42.60247,-6.88926],[-42.6187,-6.89447],[-42.62978,-6.90239],[-42.67032,-6.90625],[-42.67282,-6.90617],[-42.67172,-6.90069],[-42.68758,-6.89634],[-42.69186,-6.88572],[-42.67084,-6.87956],[-42.65368,-6.87934],[-42.57598,-6.85619]]]}},{"type":"Feature","properties":{"nome_proje":"PA CHAPADA DAS FLORES"},"geometry":{"type":"MultiPolygon","coordinates":[[[[-43.07044,-7.73949],[-43.04837,-7.74292],[-43.04661,-7.79329],[-43.0541,-7.79408],[-43.05424,-7.79959],[-43.06962,-7.79957],[-43.08045,-7.80166],[-43.07929,-7.78468],[-43.08548,-7.77776],[-43.09187,-7.74044],[-43.0816,-7.74773],[-43.07421,-7.74563],[-43.07044,-7.73949]]],[[[-43.04539,-7.77025],[-43.04513,-7.77262],[-43.04328,-7.79432],[-43.04635,-7.79327],[-43.04539,-7.77025]]],[[[-43.04192,-7.8101],[-43.08073,-7.80856],[-43.08601,-7.80348],[-43.06996,-7.79987],[-43.06143,-7.80101],[-43.04694,-7.79869],[-43.04192,-7.8101]]]]}},{"type":"Feature","properties":{"nome_proje":"PA CHAPADA DA BOA VISTA"},"geometry":{"type":"Polygon","coordinates":[[[-43.22897,-7.69467],[-43.17265,-7.69748],[-43.1754,-7.70846],[-43.16865,-7.70925],[-43.17059,-7.71587],[-43.17604,-7.71656],[-43.16058,-7.73316],[-43.16998,-7.73666],[-43.17041,-7.77106],[-43.1746,-7.76847],[-43.19621,-7.7736],[-43.19787,-7.75746],[-43.21328,-7.75422],[-43.21973,-7.728],[-43.23006,-7.70351],[-43.22897,-7.69467]]]}},{"type":"Feature","properties":{"nome_proje":"PA MOBRASA"},"geometry":{"type":"Polygon","coordinates":[[[-43.51912,-7.36004],[-43.5259,-7.35508],[-43.53313,-7.35437],[-43.54569,-7.36185],[-43.54834,-7.35833],[-43.56094,-7.35864],[-43.56278,-7.34788],[-43.57013,-7.34174],[-43.5734,-7.35994],[-43.57006,-7.37464],[-43.58522,-7.3797],[-43.58412,-7.36594],[-43.5747,-7.34716],[-43.57454,-7.33337],[-43.56071,-7.33758],[-43.55968,-7.3207],[-43.56297,-7.3197],[-43.55921,-7.31563],[-43.55608,-7.32469],[-43.5484,-7.3243],[-43.56004,-7.34167],[-43.55844,-7.34936],[-43.54377,-7.35339],[-43.54054,-7.34959],[-43.54122,-7.3445],[-43.51032,-7.34803],[-43.50448,-7.35285],[-43.50594,-7.35722],[-43.51912,-7.36004]]]}},{"type":"Feature","properties":{"nome_proje":"PA RIACHO FUNDO"},"geometry":{"type":"Polygon","coordinates":[[[-40.11204,-9.02267],[-40.09357,-9.05941],[-40.0859,-9.07392],[-40.08977,-9.07564],[-40.12222,-9.02249],[-40.11204,-9.02267]]]}},{"type":"Feature","properties":{"nome_proje":"PA CRUZ DO PONTAL"},"geometry":{"type":"Polygon","coordinates":[[[-40.16574,-9.00989],[-40.15979,-9.01798],[-40.18733,-9.06878],[-40.19444,-9.0653],[-40.16574,-9.00989]]]}},{"type":"Feature","properties":{"nome_proje":"PA JOSÉ RAMOS"},"geometry":{"type":"Polygon","coordinates":[[[-40.23527,-9.02942],[-40.2229,-9.03898],[-40.22091,-9.04503],[-40.19464,-8.99106],[-40.19209,-8.99285],[-40.21969,-9.04825],[-40.21039,-9.0548],[-40.21213,-9.05816],[-40.2248,-9.051],[-40.23767,-9.04853],[-40.24023,-9.03017],[-40.23527,-9.02942]],[[-40.21969,-9.04825],[-40.21969,-9.04825],[-40.21969,-9.04825],[-40.21969,-9.04825]]]}},{"type":"Feature","properties":{"nome_proje":"PA EDIMILSON DE ARAUJO"},"geometry":{"type":"MultiPolygon","coordinates":[[[[-40.19997,-8.98776],[-40.19463,-8.99106],[-40.20454,-9.01433],[-40.21504,-9.00755],[-40.19997,-8.98776]]],[[[-40.2085,-9.0122],[-40.20467,-9.0147],[-40.22065,-9.04466],[-40.22232,-9.04116],[-40.2085,-9.0122]]]]}},{"type":"Feature","properties":{"nome_proje":"PA ABREU E LIMA I"},"geometry":{"type":"Polygon","coordinates":[[[-40.12229,-8.97699],[-40.09381,-9.04006],[-40.10117,-9.04383],[-40.11254,-9.02169],[-40.15039,-9.02762],[-40.15153,-9.01833],[-40.13307,-9.00372],[-40.14093,-8.98897],[-40.13207,-8.98249],[-40.13626,-8.97959],[-40.12229,-8.97699]]]}},{"type":"Feature","properties":{"nome_proje":"PA MADRE PAULINA"},"geometry":{"type":"Polygon","coordinates":[[[-40.12215,-8.95743],[-40.11658,-8.95667],[-40.06673,-9.05114],[-40.07228,-9.0619],[-40.08204,-9.04735],[-40.08427,-9.04856],[-40.12149,-8.97696],[-40.11328,-8.97633],[-40.12215,-8.95743]]]}},{"type":"Feature","properties":{"nome_proje":"PA ALTO DA AREIA"},"geometry":{"type":"Polygon","coordinates":[[[-40.24835,-9.01209],[-40.22141,-8.97215],[-40.20047,-8.98738],[-40.21504,-9.00752],[-40.21809,-9.00556],[-40.23125,-9.01741],[-40.23326,-9.03106],[-40.24016,-9.03013],[-40.24142,-9.02201],[-40.24701,-9.02287],[-40.24835,-9.01209]]]}},{"type":"Feature","properties":{"nome_proje":"PA JATOBÁ"},"geometry":{"type":"Polygon","coordinates":[[[-40.08752,-8.9209],[-40.03156,-9.03975],[-40.02993,-9.05133],[-40.09284,-8.92273],[-40.08752,-8.9209]]]}},{"type":"Feature","properties":{"nome_proje":"PA CATALUNHA"},"geometry":{"type":"Polygon","coordinates":[[[-40.06373,-8.89542],[-40.03857,-8.94267],[-40.0347,-8.9561],[-39.98682,-9.0102],[-40.02034,-9.02574],[-40.02258,-9.05285],[-40.02961,-9.05162],[-40.03121,-9.03961],[-40.08751,-8.92078],[-40.09061,-8.90792],[-40.08092,-8.89911],[-40.06373,-8.89542]]]}},{"type":"Feature","properties":{"nome_proje":"PA TRES CONQUISTAS"},"geometry":{"type":"MultiPolygon","coordinates":[[[[-40.11918,-8.97636],[-40.12672,-8.97786],[-40.12997,-8.97168],[-40.13066,-8.97085],[-40.16169,-8.94655],[-40.14199,-8.96054],[-40.14227,-8.9501],[-40.13071,-8.95879],[-40.12957,-8.95542],[-40.12216,-8.95744],[-40.11918,-8.97636]]],[[[-40.13008,-8.97176],[-40.12689,-8.9779],[-40.13586,-8.97954],[-40.17267,-8.95034],[-40.1618,-8.94659],[-40.13008,-8.97176]]]]}},{"type":"Feature","properties":{"nome_proje":"PA BARRO ALTO"},"geometry":{"type":"Polygon","coordinates":[[[-40.007,-8.92021],[-39.9206,-8.98519],[-40.00748,-8.92082],[-40.007,-8.92021]]]}},{"type":"Feature","properties":{"nome_proje":"PA SAFRA"},"geometry":{"type":"MultiPolygon","coordinates":[[[[-39.92238,-8.98676],[-39.93079,-9.00499],[-39.94888,-8.99138],[-39.94334,-8.9866],[-39.93881,-8.97994],[-39.93502,-8.97727],[-39.92238,-8.98676]]],[[[-40.04702,-8.90019],[-40.03412,-8.90228],[-40.01848,-8.91425],[-40.02063,-8.91694],[-40.01712,-8.91999],[-40.01482,-8.91707],[-39.93532,-8.97704],[-39.93907,-8.97969],[-39.94917,-8.99115],[-40.0206,-8.93776],[-40.02184,-8.93937],[-40.029,-8.93139],[-40.02634,-8.92408],[-40.04038,-8.91274],[-40.04246,-8.91616],[-40.05217,-8.90537],[-40.04702,-8.90019]]]]}},{"type":"Feature","properties":{"nome_proje":"PA VITORIA"},"geometry":{"type":"Polygon","coordinates":[[[-40.01633,-8.87235],[-39.97113,-8.89838],[-39.97464,-8.90347],[-39.89869,-8.95641],[-39.90592,-8.96864],[-39.9146,-8.96487],[-39.908,-8.97208],[-39.91624,-8.96607],[-39.91827,-8.96751],[-39.90985,-8.97481],[-39.91995,-8.96885],[-39.91058,-8.97724],[-39.987,-8.92138],[-39.99254,-8.92941],[-40.0213,-8.90614],[-40.02596,-8.89614],[-40.0129,-8.87468],[-40.01633,-8.87235]]]}},{"type":"Feature","properties":{"nome_proje":"PA BRILHANTE"},"geometry":{"type":"MultiPolygon","coordinates":[[[[-40.01634,-8.87237],[-39.89848,-8.93919],[-39.90054,-8.94154],[-39.90321,-8.94782],[-39.97114,-8.8984],[-40.01634,-8.87237]]],[[[-39.88561,-8.94693],[-39.88723,-8.95048],[-39.89576,-8.95316],[-39.9029,-8.94802],[-39.89817,-8.93938],[-39.88561,-8.94693]]]]}},{"type":"Feature","properties":{"nome_proje":"PA VERA LÚCIA"},"geometry":{"type":"Polygon","coordinates":[[[-40.1128,-8.86831],[-40.11046,-8.86466],[-40.09242,-8.85943],[-40.08014,-8.89894],[-40.09055,-8.90787],[-40.1128,-8.86831]]]}},{"type":"Feature","properties":{"nome_proje":"PA AQUARIUS"},"geometry":{"type":"Polygon","coordinates":[[[-39.98541,-8.86102],[-39.9059,-8.90525],[-39.89357,-8.90027],[-39.88329,-8.92101],[-39.89823,-8.92378],[-40.00534,-8.86592],[-40.07239,-8.83716],[-40.07349,-8.82883],[-40.0054,-8.86526],[-39.99659,-8.86004],[-40.01063,-8.85124],[-40.07394,-8.82508],[-40.07433,-8.82193],[-39.98541,-8.86102]]]}},{"type":"Feature","properties":{"nome_proje":"PA JOSÉ IVALDO"},"geometry":{"type":"MultiPolygon","coordinates":[[[[-39.91491,-8.89157],[-39.90999,-8.89164],[-39.91403,-8.89268],[-39.9828,-8.85265],[-39.91491,-8.89157]]],[[[-40.0985,-8.79673],[-40.03052,-8.82797],[-39.98194,-8.85141],[-40.0985,-8.79673]]],[[[-39.89867,-8.88727],[-39.90954,-8.89153],[-39.9107,-8.89045],[-39.89867,-8.88727]]]]}},{"type":"Feature","properties":{"nome_proje":"PA JOSE IVALDO I"},"geometry":{"type":"MultiPolygon","coordinates":[[[[-39.92058,-8.88578],[-39.91378,-8.88477],[-39.9126,-8.88869],[-39.91616,-8.8901],[-39.97899,-8.85041],[-39.97576,-8.84851],[-39.92058,-8.88578]]],[[[-39.89906,-8.88093],[-39.89843,-8.88348],[-39.91226,-8.88856],[-39.91344,-8.88465],[-39.89906,-8.88093]]],[[[-40.09379,-8.7913],[-40.02285,-8.82575],[-39.97653,-8.84823],[-39.97938,-8.84991],[-40.09605,-8.79391],[-40.09379,-8.7913]]]]}},{"type":"Feature","properties":{"nome_proje":"PA BOQUEIRÃO"},"geometry":{"type":"Polygon","coordinates":[[[-40.00859,-8.80552],[-39.90658,-8.83955],[-39.90947,-8.84931],[-40.03187,-8.81019],[-40.02999,-8.80319],[-40.00859,-8.80552]]]}},{"type":"Feature","properties":{"nome_proje":"PA NOSSA SENHORA DA CONCEIÇÃO"},"geometry":{"type":"Polygon","coordinates":[[[-39.9049,-8.83538],[-39.9317,-8.82249],[-40.02062,-8.77631],[-39.99343,-8.77659],[-39.99554,-8.76274],[-39.97551,-8.76536],[-39.91018,-8.80986],[-39.89556,-8.82469],[-39.9049,-8.83538]]]}},{"type":"Feature","properties":{"nome_proje":"PA MANGA NOVA"},"geometry":{"type":"Polygon","coordinates":[[[-40.382,-8.93189],[-40.36093,-8.94087],[-40.3279,-8.95047],[-40.33607,-8.9641],[-40.34736,-8.96823],[-40.35369,-8.97417],[-40.36915,-8.96848],[-40.36891,-8.96007],[-40.38379,-8.95465],[-40.382,-8.93189]]]}},{"type":"Feature","properties":{"nome_proje":"PA SANTA MARTA"},"geometry":{"type":"Polygon","coordinates":[[[-40.26564,-8.90534],[-40.24,-8.91296],[-40.24422,-8.9231],[-40.23778,-8.92565],[-40.23391,-8.93816],[-40.23594,-8.94164],[-40.28905,-8.92095],[-40.28845,-8.91539],[-40.26731,-8.9099],[-40.26564,-8.90534]]]}},{"type":"Feature","properties":{"nome_proje":"PA FEDERAÇÃO"},"geometry":{"type":"Polygon","coordinates":[[[-40.35884,-8.89523],[-40.34488,-8.9188],[-40.33536,-8.92109],[-40.34275,-8.92647],[-40.33565,-8.94612],[-40.32802,-8.94555],[-40.3279,-8.95047],[-40.382,-8.93189],[-40.37259,-8.89867],[-40.37078,-8.90074],[-40.36348,-8.89767],[-40.36208,-8.90143],[-40.35884,-8.89523]]]}},{"type":"Feature","properties":{"nome_proje":"PA POÇO DO ANGICO"},"geometry":{"type":"Polygon","coordinates":[[[-40.30353,-8.89779],[-40.3014,-8.91148],[-40.28923,-8.91219],[-40.28972,-8.92571],[-40.31345,-8.93779],[-40.33857,-8.93559],[-40.34275,-8.92647],[-40.31463,-8.90637],[-40.31295,-8.89797],[-40.30353,-8.89779]]]}},{"type":"Feature","properties":{"nome_proje":"PA ESPERANÇA"},"geometry":{"type":"Polygon","coordinates":[[[-40.72188,-8.87895],[-40.69457,-8.91252],[-40.71173,-8.91848],[-40.70842,-8.92711],[-40.71997,-8.93262],[-40.73056,-8.92752],[-40.7335,-8.9189],[-40.71506,-8.91244],[-40.72533,-8.88142],[-40.72188,-8.87895]]]}},{"type":"Feature","properties":{"nome_proje":"PA CURIMATÁ"},"geometry":{"type":"Polygon","coordinates":[[[-40.72511,-8.88198],[-40.71506,-8.91244],[-40.72687,-8.91558],[-40.73092,-8.88529],[-40.72511,-8.88198]]]}},{"type":"Feature","properties":{"nome_proje":"PA SANTA MARIA"},"geometry":{"type":"Polygon","coordinates":[[[-40.34709,-8.91506],[-40.33092,-8.89531],[-40.32545,-8.89615],[-40.31043,-8.86124],[-40.30685,-8.86186],[-40.30523,-8.86821],[-40.30024,-8.8692],[-40.31463,-8.90637],[-40.33536,-8.92109],[-40.34488,-8.9188],[-40.34709,-8.91506]]]}},{"type":"Feature","properties":{"nome_proje":"PA LAGOA DAS CARAIBAS"},"geometry":{"type":"Polygon","coordinates":[[[-40.2949,-8.77489],[-40.27202,-8.78141],[-40.27351,-8.78509],[-40.2838,-8.78744],[-40.28695,-8.79478],[-40.28025,-8.79873],[-40.28468,-8.80484],[-40.28193,-8.80951],[-40.2839,-8.81749],[-40.29158,-8.81417],[-40.28519,-8.81213],[-40.29723,-8.79815],[-40.31144,-8.80406],[-40.31598,-8.80007],[-40.32338,-8.80744],[-40.33207,-8.8033],[-40.32088,-8.78944],[-40.30904,-8.79274],[-40.30702,-8.78802],[-40.31217,-8.78394],[-40.31086,-8.78142],[-40.2949,-8.77489]]]}},{"type":"Feature","properties":{"nome_proje":"PA BAIXA DO JUAZEIRO"},"geometry":{"type":"Polygon","coordinates":[[[-40.21823,-8.77707],[-40.22634,-8.81368],[-40.22845,-8.81422],[-40.23143,-8.8022],[-40.2426,-8.79934],[-40.24277,-8.80252],[-40.25269,-8.80553],[-40.259,-8.81133],[-40.25721,-8.80516],[-40.24857,-8.79644],[-40.25474,-8.79173],[-40.24877,-8.78235],[-40.24115,-8.78387],[-40.23724,-8.77841],[-40.23923,-8.77188],[-40.23697,-8.76207],[-40.21831,-8.75514],[-40.21823,-8.77707]]]}},{"type":"Feature","properties":{"nome_proje":"PA DEUSDETE RAMOS"},"geometry":{"type":"Polygon","coordinates":[[[-40.31772,-8.76028],[-40.3293,-8.77667],[-40.34122,-8.76515],[-40.33834,-8.76233],[-40.34105,-8.75784],[-40.3363,-8.75346],[-40.32799,-8.75687],[-40.32292,-8.75466],[-40.31772,-8.76028]]]}},{"type":"Feature","properties":{"nome_proje":"PA JATUBARANA"},"geometry":{"type":"Polygon","coordinates":[[[-40.1158,-8.81076],[-40.041,-8.72296],[-40.0377,-8.72456],[-40.11389,-8.81301],[-40.1158,-8.81076]]]}},{"type":"Feature","properties":{"nome_proje":"PA PANELAS"},"geometry":{"type":"Polygon","coordinates":[[[-40.19321,-8.73975],[-40.19739,-8.73195],[-40.20982,-8.72972],[-40.21374,-8.72027],[-40.18852,-8.69934],[-40.16395,-8.717],[-40.1504,-8.74793],[-40.15784,-8.7611],[-40.19321,-8.73975]]]}},{"type":"Feature","properties":{"nome_proje":"PA BATALHA"},"geometry":{"type":"Polygon","coordinates":[[[-40.02372,-8.61665],[-40.02131,-8.64218],[-40.0312,-8.68207],[-40.1264,-8.79719],[-40.12949,-8.79363],[-40.03527,-8.6779],[-40.02614,-8.64095],[-40.02372,-8.61665]]]}},{"type":"Feature","properties":{"nome_proje":"PA CAIÇARA"},"geometry":{"type":"Polygon","coordinates":[[[-40.02497,-8.61428],[-40.02614,-8.64095],[-40.03527,-8.6779],[-40.12949,-8.79363],[-40.13259,-8.79007],[-40.03933,-8.67373],[-40.02497,-8.61428]]]}},{"type":"Feature","properties":{"nome_proje":"PA NOSSA SENHORA DO CARMO"},"geometry":{"type":"Polygon","coordinates":[[[-40.04159,-8.66215],[-40.02653,-8.61135],[-40.03933,-8.67373],[-40.13259,-8.79007],[-40.13568,-8.78651],[-40.10361,-8.74256],[-40.05235,-8.67776],[-40.03968,-8.66897],[-40.03862,-8.66103],[-40.04159,-8.66215]]]}},{"type":"Feature","properties":{"nome_proje":"PA SÃO MIGUEL"},"geometry":{"type":"Polygon","coordinates":[[[-39.96275,-8.7336],[-39.96538,-8.76673],[-39.96859,-8.76631],[-39.96746,-8.73646],[-39.98056,-8.72388],[-39.97437,-8.70409],[-39.97911,-8.68595],[-39.94154,-8.62861],[-39.93933,-8.62902],[-39.97059,-8.68128],[-39.9771,-8.72305],[-39.96275,-8.7336]]]}},{"type":"Feature","properties":{"nome_proje":"PA SÍTIO NOVO"},"geometry":{"type":"Polygon","coordinates":[[[-40.13876,-8.78293],[-40.05663,-8.67336],[-40.04746,-8.6654],[-40.04066,-8.63728],[-40.02812,-8.60835],[-40.02653,-8.61135],[-40.0434,-8.66957],[-40.10361,-8.74256],[-40.13568,-8.78651],[-40.13876,-8.78293]]]}},{"type":"Feature","properties":{"nome_proje":"PA ASA BRANCA"},"geometry":{"type":"Polygon","coordinates":[[[-40.03094,-8.60151],[-40.02981,-8.60509],[-40.04549,-8.63605],[-40.05153,-8.66123],[-40.06092,-8.66897],[-40.11185,-8.73544],[-40.14184,-8.77936],[-40.14493,-8.77578],[-40.11597,-8.73189],[-40.0652,-8.66457],[-40.05559,-8.65706],[-40.05033,-8.63483],[-40.03094,-8.60151]]]}},{"type":"Feature","properties":{"nome_proje":"PA SÃO JOAQUIM"},"geometry":{"type":"Polygon","coordinates":[[[-40.05966,-8.65289],[-40.05517,-8.6336],[-40.03231,-8.59691],[-40.03115,-8.60107],[-40.05033,-8.63483],[-40.05559,-8.65706],[-40.0652,-8.66457],[-40.11597,-8.73189],[-40.14493,-8.77578],[-40.14802,-8.77221],[-40.12009,-8.72833],[-40.06949,-8.66018],[-40.05966,-8.65289]]]}},{"type":"Feature","properties":{"nome_proje":"PA MELANCIA II"},"geometry":{"type":"Polygon","coordinates":[[[-40.03271,-8.59414],[-40.05517,-8.6336],[-40.05966,-8.65289],[-40.06949,-8.66018],[-40.12009,-8.72833],[-40.14802,-8.77221],[-40.1511,-8.76864],[-40.12422,-8.72478],[-40.07377,-8.65578],[-40.06373,-8.64873],[-40.06001,-8.63238],[-40.03271,-8.59414]]]}},{"type":"Feature","properties":{"nome_proje":"PA PORTELINHA"},"geometry":{"type":"Polygon","coordinates":[[[-39.8361,-8.66591],[-39.83125,-8.73717],[-39.81111,-8.7622],[-39.8327,-8.73728],[-39.8361,-8.66591]]]}},{"type":"Feature","properties":{"nome_proje":"PA MARISTELA MEDRADO"},"geometry":{"type":"Polygon","coordinates":[[[-39.74362,-8.69755],[-39.74589,-8.69336],[-39.75104,-8.69351],[-39.75,-8.70114],[-39.75554,-8.70819],[-39.76442,-8.69345],[-39.75215,-8.68269],[-39.74278,-8.68506],[-39.74362,-8.69755]]]}},{"type":"Feature","properties":{"nome_proje":"PA CHAPADA DO PEBA"},"geometry":{"type":"Polygon","coordinates":[[[-39.73356,-8.65845],[-39.73502,-8.69127],[-39.74023,-8.70289],[-39.73646,-8.66113],[-39.73356,-8.65845]]]}},{"type":"Feature","properties":{"nome_proje":"PA JUNCO"},"geometry":{"type":"Polygon","coordinates":[[[-39.72784,-8.57756],[-39.72168,-8.58238],[-39.76359,-8.62345],[-39.76668,-8.62174],[-39.77447,-8.63062],[-39.79026,-8.62488],[-39.81669,-8.60398],[-39.81037,-8.5961],[-39.76917,-8.60479],[-39.80928,-8.60974],[-39.80609,-8.61186],[-39.7614,-8.60604],[-39.72784,-8.57756]]]}},{"type":"Feature","properties":{"nome_proje":"PA ALEGRE"},"geometry":{"type":"Polygon","coordinates":[[[-39.67352,-8.5805],[-39.67323,-8.54762],[-39.66341,-8.54213],[-39.65476,-8.54138],[-39.64979,-8.54974],[-39.65843,-8.55439],[-39.65863,-8.55869],[-39.64409,-8.56017],[-39.64184,-8.57754],[-39.64367,-8.5906],[-39.62672,-8.62615],[-39.62859,-8.63023],[-39.64914,-8.6413],[-39.6664,-8.61307],[-39.66081,-8.61248],[-39.67352,-8.5805]]]}},{"type":"Feature","properties":{"nome_proje":"PA BOM JESUS"},"geometry":{"type":"Polygon","coordinates":[[[-39.55018,-8.55572],[-39.54117,-8.58373],[-39.54127,-8.5854],[-39.54268,-8.58545],[-39.54422,-8.58471],[-39.54761,-8.58146],[-39.5531,-8.58153],[-39.55994,-8.55964],[-39.55018,-8.55572]],[[-39.54268,-8.58544],[-39.54268,-8.58544],[-39.54268,-8.58544],[-39.54268,-8.58544]],[[-39.54652,-8.58208],[-39.54652,-8.58207],[-39.54652,-8.58208],[-39.54652,-8.58208]]]}},{"type":"Feature","properties":{"nome_proje":"PA MARIA CAROLINA"},"geometry":{"type":"Polygon","coordinates":[[[-39.55061,-8.55439],[-39.54796,-8.55295],[-39.53722,-8.58628],[-39.54129,-8.58572],[-39.55061,-8.55439]]]}},{"type":"Feature","properties":{"nome_proje":"PA DENIS SANTANA"},"geometry":{"type":"Polygon","coordinates":[[[-39.77859,-8.52669],[-39.77708,-8.52937],[-39.76548,-8.52465],[-39.81798,-8.60294],[-39.82536,-8.59773],[-39.77859,-8.52669]]]}},{"type":"Feature","properties":{"nome_proje":"PA VITORINO"},"geometry":{"type":"Polygon","coordinates":[[[-39.50848,-8.58494],[-39.52501,-8.5401],[-39.52328,-8.5391],[-39.50848,-8.58494]]]}},{"type":"Feature","properties":{"nome_proje":"PA OLHO D AGUA"},"geometry":{"type":"Polygon","coordinates":[[[-39.5099,-8.53152],[-39.50091,-8.52653],[-39.50578,-8.54139],[-39.51427,-8.54496],[-39.5099,-8.53152]]]}},{"type":"Feature","properties":{"nome_proje":"PA BEGARD"},"geometry":{"type":"Polygon","coordinates":[[[-40.03522,-8.59188],[-40.03362,-8.59331],[-40.06001,-8.63238],[-40.06373,-8.64873],[-40.07377,-8.65578],[-40.12422,-8.72478],[-40.1511,-8.76864],[-40.15419,-8.76506],[-40.12834,-8.72122],[-40.07806,-8.65138],[-40.06779,-8.64456],[-40.06484,-8.63115],[-40.03522,-8.59188]]]}},{"type":"Feature","properties":{"nome_proje":"PA ESTRELA DALVA"},"geometry":{"type":"Polygon","coordinates":[[[-40.15724,-8.76152],[-40.13206,-8.71661],[-40.08217,-8.6473],[-40.07185,-8.64039],[-40.06963,-8.62994],[-40.03848,-8.58765],[-40.03603,-8.59092],[-40.06484,-8.63115],[-40.06779,-8.64456],[-40.07806,-8.65138],[-40.12834,-8.72122],[-40.15419,-8.76506],[-40.15724,-8.76152]]]}},{"type":"Feature","properties":{"nome_proje":"PA JOSIAS BARROS"},"geometry":{"type":"MultiPolygon","coordinates":[[[[-39.92985,-8.63078],[-39.95537,-8.6263],[-39.95572,-8.62531],[-39.95099,-8.62445],[-39.92111,-8.61165],[-39.91467,-8.6131],[-39.90547,-8.61369],[-39.90526,-8.61516],[-39.89976,-8.62142],[-39.89911,-8.62157],[-39.8925,-8.6291],[-39.92985,-8.63078]]],[[[-39.93177,-8.57129],[-39.91236,-8.60777],[-39.90746,-8.60763],[-39.90677,-8.60504],[-39.90275,-8.61424],[-39.89399,-8.61104],[-39.88884,-8.61807],[-39.88806,-8.62751],[-39.89227,-8.62903],[-39.90536,-8.61358],[-39.92113,-8.61153],[-39.95576,-8.6252],[-39.96094,-8.61089],[-39.94807,-8.56976],[-39.93177,-8.57129]]]]}},{"type":"Feature","properties":{"nome_proje":"PA LUIZ GONZAGA"},"geometry":{"type":"Polygon","coordinates":[[[-39.93089,-8.5614],[-39.90073,-8.56805],[-39.89154,-8.57502],[-39.88202,-8.57543],[-39.88365,-8.6072],[-39.90275,-8.61424],[-39.90677,-8.60504],[-39.90746,-8.60763],[-39.91236,-8.60777],[-39.93177,-8.57129],[-39.9333,-8.56411],[-39.93089,-8.5614]]]}},{"type":"Feature","properties":{"nome_proje":"PA MARIA BONITA"},"geometry":{"type":"Polygon","coordinates":[[[-39.94806,-8.56974],[-39.94995,-8.57478],[-40.0352,-8.59188],[-40.03718,-8.58941],[-39.94806,-8.56974]]]}},{"type":"Feature","properties":{"nome_proje":"PA HAVAI"},"geometry":{"type":"Polygon","coordinates":[[[-40.04713,-8.45826],[-40.07174,-8.46139],[-40.08431,-8.4459],[-40.04968,-8.45073],[-40.04713,-8.45826]]]}},{"type":"Feature","properties":{"nome_proje":"PA BOA VISTA"},"geometry":{"type":"Polygon","coordinates":[[[-40.09574,-8.29494],[-40.08064,-8.30042],[-40.07175,-8.33215],[-40.08228,-8.33502],[-40.09129,-8.32232],[-40.11569,-8.32815],[-40.11793,-8.32124],[-40.12789,-8.32321],[-40.1284,-8.32067],[-40.11903,-8.3169],[-40.11971,-8.31439],[-40.10323,-8.30629],[-40.09563,-8.30891],[-40.09574,-8.29494]]]}},{"type":"Feature","properties":{"nome_proje":"PA ARAGUATI"},"geometry":{"type":"Polygon","coordinates":[[[-39.98492,-8.23657],[-39.97434,-8.2907],[-39.98827,-8.23886],[-39.98492,-8.23657]]]}},{"type":"Feature","properties":{"nome_proje":"PA MIGUEL BERNARDO"},"geometry":{"type":"Polygon","coordinates":[[[-39.98752,-8.22667],[-40.00527,-8.23912],[-40.01088,-8.23894],[-40.01098,-8.24315],[-40.01473,-8.24295],[-40.0173,-8.2454],[-40.01055,-8.2443],[-40.00772,-8.24157],[-40.00326,-8.24765],[-40.04349,-8.25207],[-40.04605,-8.23968],[-40.01332,-8.23884],[-40.02085,-8.21996],[-39.98752,-8.22667]]]}},{"type":"Feature","properties":{"nome_proje":"PA NÉ LARANJEIRA"},"geometry":{"type":"MultiPolygon","coordinates":[[[[-39.942,-8.23067],[-39.9411,-8.23404],[-39.94109,-8.23404],[-39.93906,-8.23293],[-39.93784,-8.23141],[-39.93393,-8.23458],[-39.95801,-8.23532],[-39.95398,-8.23301],[-39.95108,-8.22476],[-39.94475,-8.22636],[-39.9463,-8.23107],[-39.942,-8.23067]]],[[[-39.93339,-8.23455],[-39.93312,-8.23396],[-39.93232,-8.23449],[-39.93339,-8.23455]]],[[[-39.93176,-8.23446],[-39.93503,-8.22731],[-39.92744,-8.22215],[-39.9149,-8.2251],[-39.91117,-8.22219],[-39.90947,-8.22444],[-39.91231,-8.22713],[-39.90427,-8.2249],[-39.90609,-8.22929],[-39.89807,-8.22948],[-39.89801,-8.23592],[-39.92885,-8.2236],[-39.93341,-8.22632],[-39.92824,-8.23427],[-39.93176,-8.23446]]],[[[-40.0071,-8.24226],[-40.00414,-8.24375],[-40.00374,-8.23915],[-40.00002,-8.23966],[-39.99855,-8.23433],[-39.98562,-8.23233],[-39.98406,-8.2266],[-39.97761,-8.22655],[-39.97523,-8.22941],[-40.00326,-8.24765],[-40.0071,-8.24226]]],[[[-39.96131,-8.22238],[-39.96359,-8.23209],[-39.95928,-8.22939],[-39.96081,-8.23383],[-39.97092,-8.22843],[-39.96503,-8.22096],[-39.96131,-8.22238]]]]}},{"type":"Feature","properties":{"nome_proje":"PA SAMUEL BARBOSA I"},"geometry":{"type":"Polygon","coordinates":[[[-39.86712,-8.49808],[-39.86411,-8.50004],[-39.89529,-8.57165],[-39.89782,-8.56947],[-39.86712,-8.49808]]]}},{"type":"Feature","properties":{"nome_proje":"PA VÁRZEA GRANDE"},"geometry":{"type":"Polygon","coordinates":[[[-39.51984,-8.50303],[-39.52604,-8.51288],[-39.54338,-8.52982],[-39.54635,-8.52629],[-39.51984,-8.50303]]]}},{"type":"Feature","properties":{"nome_proje":"PA MARTIRES DA RESISTENCIA II"},"geometry":{"type":"Polygon","coordinates":[[[-39.8681,-8.49798],[-39.84153,-8.46414],[-39.83994,-8.46714],[-39.82279,-8.46981],[-39.84691,-8.51187],[-39.8681,-8.49798]]]}},{"type":"Feature","properties":{"nome_proje":"PA JUVENTUDE"},"geometry":{"type":"MultiPolygon","coordinates":[[[[-39.51527,-8.52665],[-39.52353,-8.51631],[-39.51848,-8.51007],[-39.51693,-8.51275],[-39.51505,-8.5148],[-39.51111,-8.5171],[-39.51527,-8.52665]]],[[[-39.51535,-8.52681],[-39.51898,-8.53591],[-39.52725,-8.54048],[-39.53814,-8.53434],[-39.52364,-8.51644],[-39.51535,-8.52681]]],[[[-39.48589,-8.43183],[-39.48153,-8.43539],[-39.51103,-8.51694],[-39.51674,-8.51269],[-39.51794,-8.50651],[-39.48589,-8.43183]]]]}},{"type":"Feature","properties":{"nome_proje":"PA TUCUTÚ/JIBOIA"},"geometry":{"type":"MultiPolygon","coordinates":[[[[-39.40792,-8.49061],[-39.42324,-8.48612],[-39.42196,-8.46978],[-39.42582,-8.46437],[-39.42758,-8.44597],[-39.42096,-8.44221],[-39.42509,-8.46033],[-39.42209,-8.4612],[-39.4193,-8.4576],[-39.41782,-8.44482],[-39.40701,-8.4498],[-39.40593,-8.48266],[-39.40792,-8.49061]]],[[[-39.41731,-8.4968],[-39.41752,-8.48861],[-39.41074,-8.49047],[-39.41086,-8.49886],[-39.41731,-8.4968]]]]}},{"type":"Feature","properties":{"nome_proje":"PA BARRO VERMELHO"},"geometry":{"type":"Polygon","coordinates":[[[-39.41267,-8.42552],[-39.4053,-8.41858],[-39.40258,-8.42267],[-39.39903,-8.41995],[-39.3977,-8.42815],[-39.40518,-8.44897],[-39.40379,-8.45202],[-39.4186,-8.44425],[-39.41267,-8.42552]]]}},{"type":"Feature","properties":{"nome_proje":"PA RIACHO DOS BOIS"},"geometry":{"type":"Polygon","coordinates":[[[-39.38632,-8.39469],[-39.38134,-8.39446],[-39.37104,-8.41463],[-39.39997,-8.45378],[-39.40476,-8.44936],[-39.39731,-8.42793],[-39.39868,-8.4188],[-39.38632,-8.39469]]]}},{"type":"Feature","properties":{"nome_proje":"PA GILDA GOMES"},"geometry":{"type":"Polygon","coordinates":[[[-39.60976,-8.42509],[-39.61556,-8.4075],[-39.57497,-8.40567],[-39.57389,-8.40339],[-39.56351,-8.40512],[-39.5643,-8.41605],[-39.56142,-8.42072],[-39.60976,-8.42509]]]}},{"type":"Feature","properties":{"nome_proje":"PA ELOITA PEREIRA"},"geometry":{"type":"Polygon","coordinates":[[[-39.38148,-8.37876],[-39.39582,-8.41117],[-39.40516,-8.41163],[-39.41915,-8.4238],[-39.40031,-8.379],[-39.38415,-8.37726],[-39.38148,-8.37876]]]}},{"type":"Feature","properties":{"nome_proje":"PA SALÃOZINHO"},"geometry":{"type":"Polygon","coordinates":[[[-39.4724,-8.3702],[-39.4817,-8.40482],[-39.48792,-8.43008],[-39.49056,-8.42845],[-39.48457,-8.40098],[-39.47494,-8.36824],[-39.4724,-8.3702]]]}},{"type":"Feature","properties":{"nome_proje":"PA MORRO DO MEL"},"geometry":{"type":"MultiPolygon","coordinates":[[[[-40.39632,-8.73885],[-40.39376,-8.74092],[-40.39292,-8.7421],[-40.39316,-8.74249],[-40.39632,-8.73885]]],[[[-40.35723,-8.71861],[-40.35907,-8.72321],[-40.36519,-8.7253],[-40.36658,-8.73611],[-40.37334,-8.74243],[-40.3768,-8.74141],[-40.38131,-8.74947],[-40.37784,-8.75753],[-40.37196,-8.7609],[-40.37708,-8.7698],[-40.38126,-8.7729],[-40.38518,-8.77166],[-40.38252,-8.76292],[-40.39432,-8.73808],[-40.3735,-8.71687],[-40.35723,-8.71861]]]]}},{"type":"Feature","properties":{"nome_proje":"PA POCINHOS"},"geometry":{"type":"Polygon","coordinates":[[[-40.27012,-8.74998],[-40.25947,-8.74006],[-40.25877,-8.74322],[-40.23752,-8.7179],[-40.22982,-8.71732],[-40.22842,-8.72274],[-40.23501,-8.73208],[-40.23633,-8.74085],[-40.2434,-8.74436],[-40.24754,-8.75183],[-40.26797,-8.75413],[-40.28165,-8.75965],[-40.29015,-8.75427],[-40.28792,-8.74224],[-40.29482,-8.74312],[-40.2966,-8.74912],[-40.29992,-8.74867],[-40.30104,-8.74222],[-40.30549,-8.74275],[-40.29845,-8.7344],[-40.29528,-8.73822],[-40.28727,-8.73658],[-40.28722,-8.73111],[-40.28103,-8.74716],[-40.27012,-8.74998]]]}},{"type":"Feature","properties":{"nome_proje":"PA LAGOA DA BARAÚNA"},"geometry":{"type":"Polygon","coordinates":[[[-40.33739,-8.739],[-40.34058,-8.72986],[-40.34712,-8.72661],[-40.34824,-8.72159],[-40.34002,-8.71415],[-40.33323,-8.71269],[-40.32407,-8.71767],[-40.32963,-8.72285],[-40.33309,-8.73949],[-40.33719,-8.74391],[-40.33646,-8.75361],[-40.34109,-8.75787],[-40.35017,-8.74186],[-40.33739,-8.739]]]}},{"type":"Feature","properties":{"nome_proje":"PA PEDRO PAULO"},"geometry":{"type":"Polygon","coordinates":[[[-40.59158,-8.64855],[-40.59233,-8.65431],[-40.60263,-8.65675],[-40.64959,-8.66226],[-40.64974,-8.65533],[-40.6283,-8.6506],[-40.59158,-8.64855]]]}},{"type":"Feature","properties":{"nome_proje":"PA SANTA TEREZA"},"geometry":{"type":"Polygon","coordinates":[[[-40.61393,-8.57423],[-40.60984,-8.57972],[-40.60217,-8.58117],[-40.58216,-8.57822],[-40.56846,-8.58118],[-40.56398,-8.57496],[-40.55085,-8.57471],[-40.55242,-8.5989],[-40.60035,-8.59337],[-40.62037,-8.60216],[-40.62488,-8.61694],[-40.63033,-8.61519],[-40.63978,-8.61987],[-40.64095,-8.60699],[-40.6443,-8.60518],[-40.61393,-8.57423]]]}},{"type":"Feature","properties":{"nome_proje":"PA UMBURANA BRAVA"},"geometry":{"type":"Polygon","coordinates":[[[-40.53122,-8.46799],[-40.51854,-8.48477],[-40.52191,-8.48864],[-40.53508,-8.46869],[-40.53122,-8.46799]]]}},{"type":"Feature","properties":{"nome_proje":"PA BAIXA DA FAVARIA"},"geometry":{"type":"Polygon","coordinates":[[[-40.38474,-8.46489],[-40.38374,-8.47773],[-40.38997,-8.47847],[-40.39192,-8.46583],[-40.38474,-8.46489]]]}},{"type":"Feature","properties":{"nome_proje":"PA SITIO FORTALEZA"},"geometry":{"type":"Polygon","coordinates":[[[-40.5004,-8.46786],[-40.4959,-8.46559],[-40.49453,-8.47391],[-40.49948,-8.47622],[-40.5004,-8.46786]]]}},{"type":"Feature","properties":{"nome_proje":"PA MÃE MARIANA"},"geometry":{"type":"Polygon","coordinates":[[[-40.40068,-8.13678],[-40.40694,-8.15993],[-40.41234,-8.16526],[-40.42099,-8.16535],[-40.41854,-8.13305],[-40.42686,-8.13234],[-40.42728,-8.12272],[-40.41907,-8.12377],[-40.41984,-8.114],[-40.41467,-8.11316],[-40.41541,-8.10484],[-40.40466,-8.10492],[-40.40068,-8.13678]]]}},{"type":"Feature","properties":{"nome_proje":"PA PITOMBEIRA"},"geometry":{"type":"Polygon","coordinates":[[[-40.46536,-7.98798],[-40.45007,-7.98982],[-40.45094,-7.99597],[-40.47537,-7.9926],[-40.47066,-7.97111],[-40.46205,-7.97268],[-40.46536,-7.98798]]]}},{"type":"Feature","properties":{"nome_proje":"PA DEMÉTRIUS"},"geometry":{"type":"Polygon","coordinates":[[[-39.62449,-8.3805],[-39.56072,-8.38051],[-39.51917,-8.39507],[-39.52178,-8.40257],[-39.54868,-8.39325],[-39.61961,-8.39534],[-39.62449,-8.3805]]]}},{"type":"Feature","properties":{"nome_proje":"PA MARTIRES DA RESISTENCIA I"},"geometry":{"type":"Polygon","coordinates":[[[-39.78096,-8.3415],[-39.77502,-8.34475],[-39.74705,-8.34797],[-39.74469,-8.3453],[-39.74285,-8.34944],[-39.76353,-8.37224],[-39.76018,-8.37528],[-39.74486,-8.35637],[-39.74334,-8.36111],[-39.75123,-8.37174],[-39.74767,-8.37391],[-39.75216,-8.3812],[-39.81579,-8.38661],[-39.79859,-8.35865],[-39.80134,-8.34379],[-39.78342,-8.3453],[-39.78096,-8.3415]]]}},{"type":"Feature","properties":{"nome_proje":"PA CASA NOVA"},"geometry":{"type":"Polygon","coordinates":[[[-39.55441,-8.36027],[-39.63125,-8.35969],[-39.6317,-8.35842],[-39.55441,-8.36027]]]}},{"type":"Feature","properties":{"nome_proje":"PA POÇO DA UMBURANA"},"geometry":{"type":"Polygon","coordinates":[[[-39.53075,-8.33008],[-39.52554,-8.33288],[-39.50831,-8.31952],[-39.49942,-8.32791],[-39.52542,-8.35752],[-39.54176,-8.34813],[-39.53075,-8.33008]]]}},{"type":"Feature","properties":{"nome_proje":"PA SANTO ANTONIO DA MANDASSAIA"},"geometry":{"type":"Polygon","coordinates":[[[-39.60725,-8.3475],[-39.54457,-8.32742],[-39.53965,-8.32969],[-39.54163,-8.34584],[-39.54536,-8.34877],[-39.60725,-8.3475]]]}},{"type":"Feature","properties":{"nome_proje":"PA JUA"},"geometry":{"type":"Polygon","coordinates":[[[-39.39698,-8.31071],[-39.39969,-8.35884],[-39.40426,-8.35838],[-39.39698,-8.31071]]]}},{"type":"Feature","properties":{"nome_proje":"PA SÃO PEDRO"},"geometry":{"type":"Polygon","coordinates":[[[-39.78107,-8.34154],[-39.77756,-8.3345],[-39.78016,-8.33207],[-39.79649,-8.34266],[-39.80456,-8.33807],[-39.80185,-8.33372],[-39.78862,-8.32904],[-39.74562,-8.29996],[-39.73664,-8.31482],[-39.76841,-8.34133],[-39.77501,-8.34473],[-39.77715,-8.34122],[-39.78107,-8.34154]]]}},{"type":"Feature","properties":{"nome_proje":"PA SANTANA"},"geometry":{"type":"Polygon","coordinates":[[[-39.506,-8.27942],[-39.50844,-8.29624],[-39.51721,-8.29904],[-39.5126,-8.27955],[-39.506,-8.27942]]]}},{"type":"Feature","properties":{"nome_proje":"PA SENHORA SANTANA"},"geometry":{"type":"Polygon","coordinates":[[[-39.68023,-8.25393],[-39.713,-8.25946],[-39.72424,-8.27313],[-39.77119,-8.28058],[-39.77935,-8.27011],[-39.68023,-8.25393]]]}},{"type":"Feature","properties":{"nome_proje":"PA DEZINHO ÂNGELO"},"geometry":{"type":"Polygon","coordinates":[[[-39.73019,-8.2504],[-39.66335,-8.2379],[-39.66792,-8.24721],[-39.68046,-8.25243],[-39.73461,-8.26246],[-39.78676,-8.27154],[-39.79181,-8.26106],[-39.78694,-8.2509],[-39.78777,-8.24553],[-39.73019,-8.2504]]]}},{"type":"Feature","properties":{"nome_proje":"PA ABEL MOREIRA"},"geometry":{"type":"Polygon","coordinates":[[[-39.88615,-8.20398],[-39.86893,-8.20861],[-39.87497,-8.21502],[-39.88536,-8.21812],[-39.88838,-8.22738],[-39.88917,-8.22339],[-39.8963,-8.22217],[-39.90039,-8.21795],[-39.87595,-8.21221],[-39.87877,-8.20798],[-39.88654,-8.21049],[-39.89219,-8.20614],[-39.8887,-8.2038],[-39.89191,-8.1995],[-39.88262,-8.19325],[-39.89243,-8.19267],[-39.8859,-8.18821],[-39.88994,-8.18682],[-39.88675,-8.18625],[-39.89004,-8.18288],[-39.88545,-8.18239],[-39.87633,-8.19279],[-39.88615,-8.20398]]]}},{"type":"Feature","properties":{"nome_proje":"PA ENTREMONTES"},"geometry":{"type":"Polygon","coordinates":[[[-40.07506,-8.15875],[-40.07387,-8.16158],[-40.07029,-8.161],[-40.06986,-8.16783],[-40.05691,-8.16868],[-40.0535,-8.17357],[-40.04336,-8.16825],[-40.03465,-8.17276],[-40.03024,-8.16827],[-40.01453,-8.17557],[-40.00546,-8.17387],[-40.00213,-8.17797],[-40.00636,-8.19333],[-39.99857,-8.1957],[-39.99753,-8.19903],[-40.00108,-8.20471],[-39.99594,-8.20403],[-39.98977,-8.20997],[-39.98185,-8.20852],[-39.98492,-8.2121],[-39.97756,-8.21601],[-39.98131,-8.21601],[-39.98094,-8.22401],[-39.98752,-8.22667],[-40.02085,-8.21996],[-40.0165,-8.21178],[-40.00642,-8.20469],[-40.02709,-8.19342],[-40.00956,-8.1823],[-40.03013,-8.17604],[-40.04947,-8.17713],[-40.07209,-8.16825],[-40.07506,-8.15875]]]}},{"type":"Feature","properties":{"nome_proje":"PA MARIA VIEIRA DE MATOS"},"geometry":{"type":"MultiPolygon","coordinates":[[[[-39.94502,-8.1557],[-39.94901,-8.15236],[-39.965,-8.15414],[-39.96608,-8.15174],[-39.94521,-8.14684],[-39.94266,-8.14997],[-39.94502,-8.1557]]],[[[-39.93872,-8.17667],[-39.94384,-8.17542],[-39.94203,-8.17392],[-39.95366,-8.16059],[-39.9468,-8.15775],[-39.94475,-8.16066],[-39.94751,-8.16583],[-39.93635,-8.17194],[-39.93872,-8.17667]]],[[[-39.94586,-8.18477],[-39.94802,-8.18466],[-39.94841,-8.1792],[-39.94464,-8.17608],[-39.94586,-8.18477]]],[[[-39.98948,-8.19039],[-39.98534,-8.18482],[-39.96962,-8.18981],[-39.97227,-8.20501],[-39.97469,-8.20373],[-39.97232,-8.2017],[-39.97684,-8.20405],[-39.97797,-8.20338],[-39.97492,-8.20159],[-39.97808,-8.19988],[-39.97614,-8.19324],[-39.98067,-8.1966],[-39.98036,-8.20269],[-39.98567,-8.20425],[-39.98454,-8.1975],[-39.99234,-8.20008],[-39.98726,-8.19704],[-39.99075,-8.19332],[-39.98404,-8.18973],[-39.98948,-8.19039]]],[[[-39.96276,-8.20809],[-39.967,-8.20892],[-39.96957,-8.20814],[-39.96276,-8.20809]]],[[[-39.93072,-8.21823],[-39.93082,-8.21476],[-39.93713,-8.20789],[-39.92753,-8.20782],[-39.93797,-8.20051],[-39.94076,-8.18775],[-39.9367,-8.18547],[-39.93229,-8.18919],[-39.93637,-8.19325],[-39.93299,-8.19967],[-39.91874,-8.20511],[-39.91462,-8.21377],[-39.91655,-8.21602],[-39.92152,-8.2114],[-39.92968,-8.21217],[-39.93072,-8.21823]]],[[[-39.95184,-8.22078],[-39.95273,-8.21313],[-39.95794,-8.21357],[-39.96165,-8.20808],[-39.93764,-8.2079],[-39.94707,-8.21303],[-39.94039,-8.21406],[-39.94051,-8.21743],[-39.94414,-8.21878],[-39.94719,-8.21484],[-39.94686,-8.21866],[-39.95184,-8.22078]]],[[[-39.96971,-8.20814],[-39.97335,-8.21195],[-39.97217,-8.20816],[-39.96971,-8.20814]]]]}},{"type":"Feature","properties":{"nome_proje":"PA CLARA GOMES"},"geometry":{"type":"Polygon","coordinates":[[[-40.0036,-8.16045],[-40.00186,-8.1651],[-39.97999,-8.17087],[-39.99302,-8.18238],[-39.98534,-8.18482],[-39.99299,-8.18982],[-39.99901,-8.18212],[-39.99245,-8.17781],[-39.9937,-8.16995],[-40.00691,-8.16795],[-40.01369,-8.17224],[-40.02998,-8.16446],[-40.03486,-8.167],[-40.03854,-8.16207],[-40.02899,-8.16074],[-40.0308,-8.15204],[-40.02478,-8.1506],[-40.0213,-8.16454],[-40.0036,-8.16045]]]}},{"type":"Feature","properties":{"nome_proje":"PA VALERIANO DIAS"},"geometry":{"type":"Polygon","coordinates":[[[-39.9334,-8.1414],[-39.91885,-8.18504],[-39.90185,-8.18753],[-39.90645,-8.15303],[-39.89415,-8.16233],[-39.89146,-8.15869],[-39.88667,-8.16274],[-39.89006,-8.16686],[-39.8796,-8.17566],[-39.87233,-8.17308],[-39.87268,-8.17898],[-39.88839,-8.18271],[-39.88854,-8.17812],[-39.87982,-8.17618],[-39.8918,-8.17282],[-39.88989,-8.17034],[-39.89385,-8.16988],[-39.89259,-8.16516],[-39.896,-8.16964],[-39.9005,-8.16267],[-39.90268,-8.16795],[-39.90053,-8.17257],[-39.89081,-8.17721],[-39.89875,-8.18542],[-39.89582,-8.1896],[-39.90204,-8.19501],[-39.91308,-8.18767],[-39.9177,-8.18883],[-39.92669,-8.18031],[-39.93147,-8.16763],[-39.93674,-8.16555],[-39.92977,-8.16463],[-39.93672,-8.15503],[-39.93411,-8.14966],[-39.93939,-8.14739],[-39.94047,-8.142],[-39.9334,-8.1414]]]}},{"type":"Feature","properties":{"nome_proje":"PA SANTA MARTA I"},"geometry":{"type":"Polygon","coordinates":[[[-40.06053,-8.1677],[-40.03748,-8.16387],[-40.03387,-8.16823],[-40.04882,-8.16692],[-40.04595,-8.16879],[-40.05241,-8.17191],[-40.07045,-8.16755],[-40.07031,-8.1612],[-40.07707,-8.16042],[-40.07929,-8.14936],[-40.08681,-8.14348],[-40.08766,-8.12733],[-40.07054,-8.14355],[-40.07421,-8.15139],[-40.06053,-8.1677]]]}},{"type":"Feature","properties":{"nome_proje":"PA JOÃO PEREIRA DE ALENCAR"},"geometry":{"type":"Polygon","coordinates":[[[-39.9648,-8.12944],[-39.96346,-8.1215],[-39.96929,-8.09595],[-39.96665,-8.09687],[-39.95771,-8.12116],[-39.93602,-8.11898],[-39.9366,-8.1318],[-39.9334,-8.1414],[-39.94149,-8.14131],[-39.93758,-8.13926],[-39.94046,-8.1386],[-39.93896,-8.1343],[-39.94208,-8.13641],[-39.94851,-8.13062],[-39.94921,-8.12555],[-39.9509,-8.13004],[-39.94336,-8.14057],[-39.94701,-8.14276],[-39.94586,-8.14689],[-39.95186,-8.12876],[-39.9648,-8.12944]]]}},{"type":"Feature","properties":{"nome_proje":"PA LOPES"},"geometry":{"type":"Polygon","coordinates":[[[-39.93401,-8.05028],[-39.91965,-8.07054],[-39.93142,-8.07503],[-39.93941,-8.07349],[-39.95427,-8.08087],[-39.96723,-8.07101],[-39.9658,-8.05941],[-39.94603,-8.04967],[-39.93401,-8.05028]]]}},{"type":"Feature","properties":{"nome_proje":"PA JOSUÉ DE CASTRO"},"geometry":{"type":"MultiPolygon","coordinates":[[[[-39.89563,-8.05112],[-39.92218,-8.06723],[-39.94006,-8.0362],[-39.90613,-8.02133],[-39.90653,-8.03615],[-39.90649,-8.03729],[-39.90612,-8.03818],[-39.90005,-8.04222],[-39.89577,-8.04423],[-39.89534,-8.04421],[-39.89563,-8.05112]]],[[[-39.88608,-8.0315],[-39.89328,-8.03583],[-39.88985,-8.04164],[-39.89525,-8.04416],[-39.89998,-8.04214],[-39.90638,-8.03727],[-39.90604,-8.02129],[-39.89512,-8.01647],[-39.88608,-8.0315]]]]}},{"type":"Feature","properties":{"nome_proje":"PA TABOLEIRO E BARRA DO LAGES"},"geometry":{"type":"Polygon","coordinates":[[[-40.00213,-7.97951],[-40.0001,-7.98193],[-39.99716,-7.98019],[-39.9925,-7.97348],[-39.98272,-7.98528],[-40.00108,-8.0053],[-40.01037,-8.00608],[-40.01394,-8.00421],[-40.00796,-7.99669],[-40.01221,-7.98994],[-40.00213,-7.97951]]]}},{"type":"Feature","properties":{"nome_proje":"PA SACO/CURTUME"},"geometry":{"type":"Polygon","coordinates":[[[-42.29512,-8.33061],[-42.28025,-8.31267],[-42.26361,-8.32558],[-42.27874,-8.34082],[-42.29512,-8.33061]]]}},{"type":"Feature","properties":{"nome_proje":"PA TIMBITUBA"},"geometry":{"type":"Polygon","coordinates":[[[-42.16859,-8.21627],[-42.20148,-8.17847],[-42.2,-8.17146],[-42.20354,-8.16476],[-42.21501,-8.16665],[-42.21108,-8.15024],[-42.20507,-8.14148],[-42.18801,-8.16705],[-42.17981,-8.16986],[-42.1871,-8.17575],[-42.17932,-8.19016],[-42.16248,-8.18635],[-42.15282,-8.18982],[-42.15075,-8.2075],[-42.16859,-8.21627]]]}},{"type":"Feature","properties":{"nome_proje":"PA ZUMBI DOS PALMARES"},"geometry":{"type":"Polygon","coordinates":[[[-42.11843,-8.04333],[-42.11284,-8.05749],[-42.09137,-8.07116],[-42.08824,-8.09757],[-42.14285,-8.09035],[-42.1431,-8.08132],[-42.15217,-8.08138],[-42.15191,-8.09044],[-42.19199,-8.0907],[-42.18196,-8.04581],[-42.11843,-8.04333]]]}},{"type":"Feature","properties":{"nome_proje":"PA HERDEIROS DE CHE"},"geometry":{"type":"Polygon","coordinates":[[[-42.09639,-8.01262],[-42.06739,-8.01509],[-42.05878,-8.02195],[-42.08071,-8.04227],[-42.09091,-8.03639],[-42.09639,-8.01262]]]}},{"type":"Feature","properties":{"nome_proje":"PA BETÂNIA"},"geometry":{"type":"MultiPolygon","coordinates":[[[[-42.0939,-7.83926],[-42.087,-7.84105],[-42.09099,-7.85015],[-42.11284,-7.83797],[-42.10677,-7.81833],[-42.1023,-7.81559],[-42.07684,-7.81541],[-42.0939,-7.83926]]],[[[-42.09009,-7.85202],[-42.08415,-7.85846],[-42.07244,-7.86335],[-42.08602,-7.87655],[-42.09141,-7.87364],[-42.08977,-7.86112],[-42.09392,-7.85889],[-42.09351,-7.85856],[-42.09208,-7.85447],[-42.09009,-7.85202]]],[[[-42.10015,-7.84625],[-42.09018,-7.85197],[-42.09216,-7.85443],[-42.09366,-7.85863],[-42.10398,-7.85835],[-42.10015,-7.84625]]],[[[-42.11481,-7.83851],[-42.10045,-7.84501],[-42.10049,-7.84565],[-42.10185,-7.8451],[-42.10736,-7.84476],[-42.10917,-7.84396],[-42.11481,-7.83851]]],[[[-42.12169,-7.8351],[-42.10929,-7.8442],[-42.10743,-7.84503],[-42.10022,-7.84607],[-42.10408,-7.8583],[-42.12716,-7.84464],[-42.12169,-7.8351]]],[[[-42.10036,-7.84505],[-42.09183,-7.85033],[-42.09107,-7.85126],[-42.10037,-7.84574],[-42.10036,-7.84505]]]]}},{"type":"Feature","properties":{"nome_proje":"PA FAVELA BOA ESPERANÇA"},"geometry":{"type":"Polygon","coordinates":[[[-42.19579,-7.86345],[-42.19311,-7.83835],[-42.19869,-7.83096],[-42.18622,-7.82391],[-42.18445,-7.81903],[-42.17479,-7.81848],[-42.17868,-7.82424],[-42.16521,-7.8311],[-42.16715,-7.84779],[-42.18448,-7.85492],[-42.18634,-7.86366],[-42.19579,-7.86345]]]}},{"type":"Feature","properties":{"nome_proje":"PA NOVA OLINDA"},"geometry":{"type":"Polygon","coordinates":[[[-42.09524,-7.68928],[-42.09645,-7.71318],[-42.08778,-7.76631],[-42.12185,-7.74353],[-42.11307,-7.73073],[-42.14271,-7.72098],[-42.14243,-7.71611],[-42.12731,-7.69394],[-42.09524,-7.68928]]]}},{"type":"Feature","properties":{"nome_proje":"PA BOM SUCESSO"},"geometry":{"type":"Polygon","coordinates":[[[-42.06059,-7.67118],[-42.02694,-7.68675],[-42.02308,-7.686],[-42.00837,-7.71249],[-42.0355,-7.72729],[-42.03529,-7.74491],[-42.04326,-7.75301],[-42.05557,-7.74739],[-42.06376,-7.73707],[-42.08367,-7.76906],[-42.08778,-7.76631],[-42.09645,-7.71318],[-42.09524,-7.68928],[-42.06059,-7.67118]]]}},{"type":"Feature","properties":{"nome_proje":"PA BOA ESPERANÇA"},"geometry":{"type":"Polygon","coordinates":[[[-42.05618,-6.98622],[-42.07384,-6.99092],[-42.07571,-6.98705],[-42.05921,-6.97992],[-42.05618,-6.98622]]]}},{"type":"Feature","properties":{"nome_proje":"PA SADIO"},"geometry":{"type":"Polygon","coordinates":[[[-41.62191,-6.94551],[-41.61623,-6.94139],[-41.61589,-6.92285],[-41.61023,-6.92372],[-41.61106,-6.92779],[-41.59729,-6.93227],[-41.59428,-6.95059],[-41.58865,-6.95741],[-41.58252,-6.95654],[-41.58171,-6.96156],[-41.58864,-6.96382],[-41.59765,-6.9748],[-41.6074,-6.97234],[-41.6091,-6.97603],[-41.61505,-6.97633],[-41.62191,-6.94551]]]}},{"type":"Feature","properties":{"nome_proje":"PA CASA NOVA"},"geometry":{"type":"MultiPolygon","coordinates":[[[[-40.75833,-7.87695],[-40.75694,-7.87946],[-40.75601,-7.88034],[-40.75586,-7.88353],[-40.75994,-7.88044],[-40.75833,-7.87695]]],[[[-40.74794,-7.87348],[-40.74438,-7.88025],[-40.75124,-7.88315],[-40.75838,-7.87672],[-40.74794,-7.87348]]],[[[-40.74449,-7.88047],[-40.74238,-7.89],[-40.7463,-7.89036],[-40.75576,-7.8836],[-40.7542,-7.88123],[-40.75124,-7.88324],[-40.74449,-7.88047]]]]}},{"type":"Feature","properties":{"nome_proje":"PA MILAGRE"},"geometry":{"type":"Polygon","coordinates":[[[-40.23427,-7.80346],[-40.23711,-7.81829],[-40.25167,-7.81415],[-40.25129,-7.81049],[-40.2603,-7.80913],[-40.25936,-7.79973],[-40.23427,-7.80346]]]}},{"type":"Feature","properties":{"nome_proje":"PA QUATRO IRMÃOS/JUREMA"},"geometry":{"type":"Polygon","coordinates":[[[-40.60213,-6.6929],[-40.57745,-6.70635],[-40.55534,-6.72571],[-40.56651,-6.74275],[-40.56762,-6.74978],[-40.5635,-6.75864],[-40.56468,-6.77259],[-40.56061,-6.79187],[-40.56434,-6.79309],[-40.56408,-6.79595],[-40.57921,-6.79492],[-40.58567,-6.77556],[-40.59777,-6.7682],[-40.61135,-6.77161],[-40.61832,-6.77028],[-40.61867,-6.7527],[-40.60623,-6.73866],[-40.60323,-6.72828],[-40.60213,-6.6929]]]}},{"type":"Feature","properties":{"nome_proje":"PA PAULO FREIRE"},"geometry":{"type":"MultiPolygon","coordinates":[[[[-40.72542,-6.76328],[-40.71099,-6.76635],[-40.69923,-6.76742],[-40.69401,-6.77557],[-40.67922,-6.78565],[-40.70987,-6.78053],[-40.71521,-6.77516],[-40.72773,-6.77892],[-40.72542,-6.76328]]],[[[-40.79783,-6.75102],[-40.79609,-6.75214],[-40.79783,-6.75259],[-40.79783,-6.75102]]],[[[-40.75677,-6.74915],[-40.7402,-6.75779],[-40.74202,-6.77712],[-40.74978,-6.77639],[-40.7586,-6.7676],[-40.75652,-6.76191],[-40.76603,-6.75307],[-40.76451,-6.75309],[-40.76209,-6.75213],[-40.75677,-6.74915]]],[[[-40.79784,-6.67272],[-40.74212,-6.6938],[-40.72085,-6.70872],[-40.69302,-6.74095],[-40.67364,-6.78645],[-40.69386,-6.77532],[-40.69908,-6.76718],[-40.73233,-6.76109],[-40.75431,-6.74886],[-40.75686,-6.74889],[-40.76548,-6.75289],[-40.79781,-6.75072],[-40.79784,-6.67272]]]]}},{"type":"Feature","properties":{"nome_proje":"PA COCOCI BONIFÁCIO"},"geometry":{"type":"Polygon","coordinates":[[[-40.43836,-6.28849],[-40.43122,-6.31051],[-40.43436,-6.30877],[-40.44033,-6.31578],[-40.44952,-6.3592],[-40.51487,-6.37614],[-40.52252,-6.34653],[-40.48238,-6.33761],[-40.47594,-6.31092],[-40.4677,-6.3014],[-40.46381,-6.31408],[-40.45594,-6.3116],[-40.46101,-6.29552],[-40.43836,-6.28849]]]}},{"type":"Feature","properties":{"nome_proje":"PA INGÁ FACUNDO"},"geometry":{"type":"Polygon","coordinates":[[[-40.66681,-6.27804],[-40.66345,-6.31342],[-40.66896,-6.32814],[-40.6795,-6.32971],[-40.6825,-6.33392],[-40.69148,-6.33097],[-40.69769,-6.33495],[-40.71336,-6.30498],[-40.70712,-6.2966],[-40.70165,-6.2956],[-40.69791,-6.29003],[-40.68509,-6.28953],[-40.68749,-6.28233],[-40.66681,-6.27804]]]}},{"type":"Feature","properties":{"nome_proje":"PA SERRA DO MEIO"},"geometry":{"type":"Polygon","coordinates":[[[-40.82707,-6.26565],[-40.80747,-6.26241],[-40.80914,-6.25164],[-40.79899,-6.24999],[-40.78414,-6.274],[-40.7674,-6.27952],[-40.79355,-6.29099],[-40.80949,-6.29205],[-40.81745,-6.27107],[-40.82468,-6.27402],[-40.82707,-6.26565]]]}},{"type":"Feature","properties":{"nome_proje":"PA INGÁ FACUNDO"},"geometry":{"type":"Polygon","coordinates":[[[-40.68479,-6.23598],[-40.66682,-6.23945],[-40.65848,-6.25172],[-40.66056,-6.25428],[-40.66469,-6.2514],[-40.66847,-6.25406],[-40.67033,-6.24973],[-40.67544,-6.25782],[-40.70067,-6.26243],[-40.70067,-6.26899],[-40.70565,-6.27503],[-40.72157,-6.25691],[-40.71915,-6.24977],[-40.71412,-6.24352],[-40.70152,-6.24238],[-40.69498,-6.23757],[-40.68479,-6.23598]]]}},{"type":"Feature","properties":{"nome_proje":"PA SERRA DAS MOÇAS E DOS CABOCLOS"},"geometry":{"type":"Polygon","coordinates":[[[-40.81578,-6.18956],[-40.80299,-6.202],[-40.8147,-6.21975],[-40.80159,-6.2332],[-40.84378,-6.24796],[-40.86234,-6.21135],[-40.8559,-6.18471],[-40.80831,-6.16853],[-40.81578,-6.18956]]]}},{"type":"Feature","properties":{"nome_proje":"PA MUQUÉM"},"geometry":{"type":"Polygon","coordinates":[[[-40.54457,-5.65175],[-40.49196,-5.66869],[-40.49678,-5.67921],[-40.54596,-5.66264],[-40.54457,-5.65175]]]}},{"type":"Feature","properties":{"nome_proje":"PA TAPERA"},"geometry":{"type":"Polygon","coordinates":[[[-41.97267,-6.89142],[-41.98225,-6.90647],[-41.98031,-6.91086],[-41.98315,-6.91674],[-41.99063,-6.90694],[-41.98916,-6.90241],[-41.9926,-6.90325],[-41.99727,-6.91209],[-42.00931,-6.90578],[-42.00586,-6.89675],[-41.99829,-6.89937],[-41.98568,-6.88961],[-41.97267,-6.89142]]]}},{"type":"Feature","properties":{"nome_proje":"PA TAMBORIL"},"geometry":{"type":"Polygon","coordinates":[[[-41.98395,-6.88962],[-42.00115,-6.89179],[-42.00864,-6.88415],[-42.00951,-6.86406],[-41.99263,-6.85313],[-41.99514,-6.85042],[-41.99235,-6.84666],[-41.97407,-6.84591],[-41.96945,-6.85508],[-41.94958,-6.86243],[-41.95264,-6.86815],[-41.9647,-6.87679],[-41.96226,-6.88739],[-41.96654,-6.89353],[-41.98395,-6.88962]]]}},{"type":"Feature","properties":{"nome_proje":"PA MARACAÍ/CHAPADA DO CALDEIRÃO"},"geometry":{"type":"Polygon","coordinates":[[[-41.63715,-6.76026],[-41.62301,-6.78008],[-41.62645,-6.7851],[-41.62496,-6.79522],[-41.62892,-6.79502],[-41.6275,-6.8038],[-41.65184,-6.80498],[-41.65263,-6.77794],[-41.63954,-6.7757],[-41.6432,-6.77127],[-41.63715,-6.76026]]]}},{"type":"Feature","properties":{"nome_proje":"PA FORTES"},"geometry":{"type":"Polygon","coordinates":[[[-41.75711,-6.70876],[-41.7535,-6.69415],[-41.73815,-6.6956],[-41.74413,-6.71075],[-41.7791,-6.72684],[-41.8017,-6.74275],[-41.80478,-6.73885],[-41.75711,-6.70876]]]}},{"type":"Feature","properties":{"nome_proje":"PA FAZENDA CANAÃ"},"geometry":{"type":"MultiPolygon","coordinates":[[[[-41.56911,-6.4179],[-41.57354,-6.41791],[-41.58913,-6.41819],[-41.57003,-6.40637],[-41.56911,-6.4179]]],[[[-41.56857,-6.42474],[-41.57618,-6.42466],[-41.57366,-6.41923],[-41.57347,-6.41857],[-41.5735,-6.418],[-41.56911,-6.41799],[-41.56857,-6.42474]]],[[[-41.57356,-6.41856],[-41.57627,-6.42467],[-41.59096,-6.42452],[-41.58901,-6.44188],[-41.59044,-6.44209],[-41.59254,-6.4476],[-41.5934,-6.44776],[-41.59502,-6.44861],[-41.59535,-6.44928],[-41.59479,-6.45933],[-41.59713,-6.45977],[-41.59724,-6.46214],[-41.61946,-6.46073],[-41.62271,-6.46103],[-41.63965,-6.46632],[-41.64055,-6.45164],[-41.58921,-6.41823],[-41.57356,-6.41856]]],[[[-41.59038,-6.44218],[-41.58765,-6.46337],[-41.59716,-6.46223],[-41.5947,-6.45935],[-41.59527,-6.44931],[-41.59249,-6.44769],[-41.59166,-6.44648],[-41.59038,-6.44218]]],[[[-41.61681,-6.46121],[-41.60588,-6.4618],[-41.60424,-6.48785],[-41.61271,-6.48549],[-41.61434,-6.48957],[-41.62142,-6.48581],[-41.63816,-6.48238],[-41.63964,-6.46641],[-41.61681,-6.46121]]],[[[-41.62765,-6.48585],[-41.62172,-6.48589],[-41.61786,-6.48869],[-41.62765,-6.48585]]]]}},{"type":"Feature","properties":{"nome_proje":"PA FAZENDA ARIZONA-II"},"geometry":{"type":"MultiPolygon","coordinates":[[[[-41.53358,-6.41691],[-41.5242,-6.4389],[-41.52487,-6.44031],[-41.52515,-6.4415],[-41.52695,-6.45199],[-41.52712,-6.46128],[-41.52816,-6.46257],[-41.5287,-6.46354],[-41.53269,-6.47145],[-41.53338,-6.47544],[-41.53461,-6.47144],[-41.53919,-6.47215],[-41.53776,-6.47778],[-41.53324,-6.47754],[-41.53436,-6.47828],[-41.53543,-6.48048],[-41.53449,-6.48421],[-41.53158,-6.48704],[-41.54338,-6.49785],[-41.54748,-6.49392],[-41.55234,-6.4175],[-41.54586,-6.41742],[-41.53358,-6.41691]]],[[[-41.52415,-6.43904],[-41.51607,-6.46676],[-41.52087,-6.46691],[-41.5192,-6.47802],[-41.52037,-6.47806],[-41.52069,-6.47824],[-41.5314,-6.48688],[-41.53531,-6.48049],[-41.53293,-6.4772],[-41.5326,-6.4715],[-41.52701,-6.46131],[-41.52415,-6.43904]]],[[[-41.51919,-6.47818],[-41.51843,-6.49329],[-41.51224,-6.49443],[-41.52267,-6.49402],[-41.54261,-6.49961],[-41.51919,-6.47818]]],[[[-41.53364,-6.4168],[-41.55235,-6.41739],[-41.55548,-6.39855],[-41.54519,-6.39391],[-41.53364,-6.4168]]]]}},{"type":"Feature","properties":{"nome_proje":"PA FAZENDA ARIZONA-I"},"geometry":{"type":"Polygon","coordinates":[[[-41.56885,-6.40569],[-41.55538,-6.39855],[-41.54737,-6.49391],[-41.55836,-6.48156],[-41.56501,-6.47916],[-41.57582,-6.49107],[-41.59831,-6.485],[-41.59981,-6.4939],[-41.60532,-6.49226],[-41.60578,-6.46179],[-41.58753,-6.4633],[-41.58682,-6.4605],[-41.59086,-6.42452],[-41.56848,-6.42473],[-41.56885,-6.40569]]]}},{"type":"Feature","properties":{"nome_proje":"PA LAGOA DO LUIZ NOGUEIRA"},"geometry":{"type":"Polygon","coordinates":[[[-41.63208,-6.4243],[-41.60993,-6.43195],[-41.63789,-6.44997],[-41.64134,-6.43114],[-41.64447,-6.42886],[-41.63532,-6.4297],[-41.63208,-6.4243]]]}},{"type":"Feature","properties":{"nome_proje":"PA BOM PRINCÍPIO/SERRA GRANDE"},"geometry":{"type":"MultiPolygon","coordinates":[[[[-41.50154,-6.41668],[-41.47812,-6.42496],[-41.48612,-6.43579],[-41.49047,-6.43299],[-41.49439,-6.44491],[-41.48997,-6.45166],[-41.49936,-6.45805],[-41.50307,-6.46734],[-41.51633,-6.46217],[-41.5253,-6.43537],[-41.52057,-6.4282],[-41.52474,-6.41778],[-41.51994,-6.41795],[-41.51169,-6.41781],[-41.50154,-6.41668]]],[[[-41.52983,-6.40533],[-41.49169,-6.41855],[-41.49885,-6.41666],[-41.50305,-6.41656],[-41.5117,-6.41772],[-41.52478,-6.41769],[-41.52983,-6.40533]]]]}},{"type":"Feature","properties":{"nome_proje":"PA BARREIROS"},"geometry":{"type":"Polygon","coordinates":[[[-41.3361,-7.21151],[-41.26911,-7.24299],[-41.29059,-7.27833],[-41.31928,-7.30387],[-41.39432,-7.25857],[-41.3361,-7.21151]]]}},{"type":"Feature","properties":{"nome_proje":"PA UNIÃO"},"geometry":{"type":"Polygon","coordinates":[[[-41.36612,-7.23702],[-41.39422,-7.25852],[-41.40381,-7.25467],[-41.4303,-7.22439],[-41.44156,-7.21682],[-41.44404,-7.20767],[-41.40126,-7.20769],[-41.3904,-7.19527],[-41.38839,-7.18506],[-41.34413,-7.20768],[-41.35861,-7.22145],[-41.36612,-7.23702]]]}},{"type":"Feature","properties":{"nome_proje":"PA LAGOA DO CAJUEIRO"},"geometry":{"type":"MultiPolygon","coordinates":[[[[-41.1854,-6.87617],[-41.19249,-6.8985],[-41.21309,-6.89271],[-41.21426,-6.90232],[-41.2378,-6.90127],[-41.24149,-6.90365],[-41.23916,-6.91117],[-41.24819,-6.91239],[-41.24801,-6.90305],[-41.24874,-6.89483],[-41.24506,-6.89312],[-41.24441,-6.89241],[-41.24323,-6.89024],[-41.24213,-6.88902],[-41.24175,-6.88802],[-41.2425,-6.88607],[-41.24442,-6.88377],[-41.24363,-6.87805],[-41.24351,-6.87243],[-41.24452,-6.88378],[-41.24185,-6.88803],[-41.24871,-6.89443],[-41.2489,-6.89545],[-41.24885,-6.89788],[-41.2481,-6.90306],[-41.24826,-6.90831],[-41.25184,-6.90619],[-41.25103,-6.90113],[-41.27025,-6.90396],[-41.26968,-6.89101],[-41.26402,-6.88405],[-41.2619,-6.87448],[-41.25905,-6.87401],[-41.25856,-6.85831],[-41.25528,-6.85576],[-41.25403,-6.86085],[-41.24749,-6.86218],[-41.24933,-6.8658],[-41.2425,-6.86921],[-41.23488,-6.85193],[-41.23184,-6.85653],[-41.22942,-6.84848],[-41.22568,-6.85121],[-41.2208,-6.84912],[-41.21978,-6.84274],[-41.22215,-6.83866],[-41.22524,-6.83901],[-41.22398,-6.83497],[-41.22427,-6.83124],[-41.22528,-6.82852],[-41.21974,-6.82931],[-41.21781,-6.82502],[-41.1854,-6.87617]]],[[[-41.23696,-6.84881],[-41.23431,-6.85143],[-41.23494,-6.85186],[-41.23686,-6.85379],[-41.2385,-6.85728],[-41.23736,-6.85095],[-41.23956,-6.85066],[-41.23696,-6.84881]]],[[[-41.22709,-6.83008],[-41.22537,-6.8285],[-41.22445,-6.83494],[-41.22709,-6.83008]]]]}},{"type":"Feature","properties":{"nome_proje":"PA GUARIBAS I"},"geometry":{"type":"Polygon","coordinates":[[[-40.79791,-6.67269],[-40.79886,-6.75106],[-40.82642,-6.72937],[-40.8495,-6.71871],[-40.87271,-6.70123],[-40.87634,-6.68874],[-40.90242,-6.66481],[-40.87793,-6.63731],[-40.79791,-6.67269]]]}},{"type":"Feature","properties":{"nome_proje":"PA MAQUINÉ"},"geometry":{"type":"MultiPolygon","coordinates":[[[[-41.39077,-6.12528],[-41.39261,-6.14018],[-41.39124,-6.14603],[-41.40005,-6.16242],[-41.40052,-6.16746],[-41.41202,-6.16418],[-41.41397,-6.158],[-41.40965,-6.1479],[-41.41103,-6.14219],[-41.42247,-6.13978],[-41.42446,-6.13681],[-41.39077,-6.12528]]],[[[-41.41429,-6.16894],[-41.41599,-6.16715],[-41.41401,-6.16674],[-41.41429,-6.16894]]],[[[-41.41643,-6.16714],[-41.41805,-6.16709],[-41.41818,-6.16703],[-41.41643,-6.16714]]],[[[-41.42183,-6.16521],[-41.42209,-6.16474],[-41.41992,-6.16617],[-41.42183,-6.16521]]],[[[-41.37332,-6.11727],[-41.32312,-6.1346],[-41.32532,-6.16366],[-41.36332,-6.17855],[-41.4002,-6.16755],[-41.39097,-6.14603],[-41.38992,-6.12404],[-41.37332,-6.11727]]]]}},{"type":"Feature","properties":{"nome_proje":"PA FAZENDA CAPRISA"},"geometry":{"type":"Polygon","coordinates":[[[-41.18949,-6.05559],[-41.18883,-6.06425],[-41.33868,-6.07035],[-41.33559,-6.04425],[-41.34983,-6.04508],[-41.3474,-6.00464],[-41.36448,-5.99997],[-41.36288,-5.96049],[-41.29114,-5.95736],[-41.27615,-5.95995],[-41.23435,-5.98001],[-41.23681,-5.98653],[-41.23211,-6.00286],[-41.10573,-6.03694],[-41.10373,-6.00821],[-41.07163,-6.01174],[-41.07772,-6.067],[-41.14159,-6.06432],[-41.14667,-6.05494],[-41.17598,-6.05127],[-41.18949,-6.05559]]]}},{"type":"Feature","properties":{"nome_proje":"PA SACO DO JUAZEIRO"},"geometry":{"type":"Polygon","coordinates":[[[-41.00559,-5.50584],[-40.97037,-5.5132],[-40.95362,-5.52393],[-40.95049,-5.53557],[-40.96268,-5.54824],[-40.97181,-5.55015],[-40.97672,-5.55604],[-40.97559,-5.56319],[-40.9796,-5.57701],[-40.97242,-5.59519],[-40.97432,-5.59963],[-41.00306,-5.61274],[-41.01897,-5.60993],[-41.02037,-5.60494],[-41.02098,-5.60887],[-41.0258,-5.60871],[-41.17468,-5.58034],[-41.22451,-5.54291],[-41.18585,-5.51106],[-41.15369,-5.50702],[-41.05779,-5.52546],[-41.03136,-5.51785],[-41.03013,-5.50626],[-41.01805,-5.51033],[-41.00559,-5.50584]]]}},{"type":"Feature","properties":{"nome_proje":"PA SERRA DE SÃO FRANCISCO"},"geometry":{"type":"Polygon","coordinates":[[[-40.98827,-5.49286],[-41.0467,-5.48985],[-41.05654,-5.50667],[-41.10736,-5.49777],[-41.10641,-5.46797],[-40.99009,-5.48489],[-40.98827,-5.49286]]]}},{"type":"Feature","properties":{"nome_proje":"PA SÃO FRANCISCO I"},"geometry":{"type":"Polygon","coordinates":[[[-41.07534,-5.42261],[-41.07707,-5.47167],[-41.10304,-5.46579],[-41.10652,-5.46776],[-41.10837,-5.47807],[-41.16961,-5.46561],[-41.16685,-5.44673],[-41.16983,-5.44675],[-41.17807,-5.41105],[-41.07534,-5.42261]]]}},{"type":"Feature","properties":{"nome_proje":"PA BOM JARDIM"},"geometry":{"type":"Polygon","coordinates":[[[-41.34005,-5.44524],[-41.38003,-5.45408],[-41.38023,-5.40073],[-41.34594,-5.40081],[-41.34276,-5.42609],[-41.34462,-5.4354],[-41.34005,-5.44524]]]}},{"type":"Feature","properties":{"nome_proje":"PA SERRA DO BATISTA-I"},"geometry":{"type":"Polygon","coordinates":[[[-41.61031,-6.43211],[-41.62934,-6.41155],[-41.60375,-6.39765],[-41.60296,-6.41064],[-41.59407,-6.40786],[-41.5937,-6.39045],[-41.57781,-6.3859],[-41.57247,-6.40775],[-41.61031,-6.43211]]]}},{"type":"Feature","properties":{"nome_proje":"PA FAZENDA CAJUEIRO/CAJUPI"},"geometry":{"type":"MultiPolygon","coordinates":[[[[-41.55881,-6.37229],[-41.5576,-6.37647],[-41.55736,-6.3769],[-41.54527,-6.39379],[-41.55809,-6.39669],[-41.55675,-6.399],[-41.56739,-6.40462],[-41.56403,-6.39926],[-41.57383,-6.40247],[-41.56404,-6.39923],[-41.56455,-6.39707],[-41.57457,-6.39941],[-41.57687,-6.38984],[-41.56649,-6.38805],[-41.56901,-6.37484],[-41.55881,-6.37229]]],[[[-41.49694,-6.34194],[-41.48941,-6.33995],[-41.48851,-6.39624],[-41.53973,-6.40427],[-41.5512,-6.38226],[-41.5588,-6.37195],[-41.54771,-6.36889],[-41.53973,-6.37886],[-41.53421,-6.37699],[-41.51566,-6.36692],[-41.52281,-6.34858],[-41.50817,-6.34878],[-41.50568,-6.33875],[-41.49694,-6.34194]]]]}},{"type":"Feature","properties":{"nome_proje":"PA AÇUDE VÁRZEA"},"geometry":{"type":"Polygon","coordinates":[[[-41.40127,-5.31856],[-41.40254,-5.32096],[-41.41277,-5.32001],[-41.42119,-5.33457],[-41.45388,-5.31359],[-41.45414,-5.29916],[-41.44767,-5.29013],[-41.40127,-5.31856]]]}},{"type":"Feature","properties":{"nome_proje":"PA ANGICO BRANCO"},"geometry":{"type":"Polygon","coordinates":[[[-41.38534,-5.21187],[-41.4243,-5.24397],[-41.42552,-5.23574],[-41.42021,-5.21351],[-41.42802,-5.2075],[-41.42564,-5.19868],[-41.42912,-5.19029],[-41.41711,-5.19052],[-41.39373,-5.18348],[-41.38534,-5.21187]]]}},{"type":"Feature","properties":{"nome_proje":"PA PONTA DA SERRA"},"geometry":{"type":"Polygon","coordinates":[[[-41.27355,-5.34729],[-41.2503,-5.3503],[-41.25045,-5.37142],[-41.18531,-5.37893],[-41.16983,-5.44675],[-41.21237,-5.44804],[-41.24015,-5.44518],[-41.24913,-5.43284],[-41.26106,-5.4428],[-41.27064,-5.44404],[-41.27273,-5.43954],[-41.28702,-5.44086],[-41.28347,-5.43567],[-41.27355,-5.34729]]]}},{"type":"Feature","properties":{"nome_proje":"PA CARAÍBAS"},"geometry":{"type":"Polygon","coordinates":[[[-41.37457,-5.26442],[-41.33341,-5.26819],[-41.33937,-5.35614],[-41.38142,-5.33066],[-41.37457,-5.26442]]]}},{"type":"Feature","properties":{"nome_proje":"PA FAZENDA PITOMBEIRA"},"geometry":{"type":"MultiPolygon","coordinates":[[[[-41.32926,-5.17958],[-41.30007,-5.18354],[-41.30577,-5.18664],[-41.31139,-5.18346],[-41.31292,-5.18344],[-41.31362,-5.18372],[-41.31485,-5.18501],[-41.3277,-5.20314],[-41.33045,-5.20481],[-41.32926,-5.17958]]],[[[-41.31422,-5.1844],[-41.30644,-5.18675],[-41.30458,-5.18657],[-41.30182,-5.18584],[-41.29993,-5.18356],[-41.25995,-5.1889],[-41.26365,-5.22015],[-41.22132,-5.22503],[-41.22685,-5.27733],[-41.23255,-5.27748],[-41.23518,-5.28343],[-41.25345,-5.28348],[-41.25542,-5.30041],[-41.24674,-5.30142],[-41.24738,-5.32035],[-41.2557,-5.32845],[-41.25999,-5.31258],[-41.26436,-5.31141],[-41.27012,-5.3299],[-41.26489,-5.33395],[-41.27379,-5.33766],[-41.2686,-5.28474],[-41.33473,-5.29668],[-41.33046,-5.20497],[-41.3276,-5.20323],[-41.31422,-5.1844]]],[[[-41.24177,-5.321],[-41.2433,-5.32965],[-41.22757,-5.33201],[-41.22963,-5.34825],[-41.24073,-5.34788],[-41.2401,-5.34181],[-41.24382,-5.34133],[-41.24339,-5.33787],[-41.25032,-5.33715],[-41.2503,-5.3503],[-41.27475,-5.34716],[-41.27381,-5.33794],[-41.2588,-5.33187],[-41.24689,-5.32041],[-41.24177,-5.321]]]]}},{"type":"Feature","properties":{"nome_proje":"PA XAVIER"},"geometry":{"type":"Polygon","coordinates":[[[-40.89488,-5.19868],[-40.89136,-5.1928],[-40.8921,-5.17382],[-40.85556,-5.1698],[-40.85385,-5.17435],[-40.82809,-5.17748],[-40.83138,-5.1854],[-40.82285,-5.18778],[-40.82134,-5.19486],[-40.85507,-5.18732],[-40.85803,-5.19168],[-40.86462,-5.19217],[-40.86783,-5.19876],[-40.89488,-5.19868]]]}},{"type":"Feature","properties":{"nome_proje":"PA PADRE ALFREDINHO"},"geometry":{"type":"Polygon","coordinates":[[[-40.8696,-5.0868],[-40.85933,-5.08913],[-40.85947,-5.09571],[-40.85306,-5.09865],[-40.85431,-5.1153],[-40.86023,-5.12525],[-40.86542,-5.11233],[-40.86977,-5.10983],[-40.87348,-5.11251],[-40.87535,-5.10849],[-40.88129,-5.10675],[-40.87412,-5.10209],[-40.87636,-5.09091],[-40.87021,-5.08988],[-40.8696,-5.0868]]]}},{"type":"Feature","properties":{"nome_proje":"PA NAZÁRIO"},"geometry":{"type":"Polygon","coordinates":[[[-40.99055,-5.05844],[-40.98083,-5.06066],[-40.97583,-5.07094],[-40.96333,-5.07872],[-40.96277,-5.08344],[-40.95666,-5.08066],[-40.95111,-5.08428],[-40.94999,-5.079],[-40.95611,-5.07678],[-40.95083,-5.06872],[-40.94249,-5.06483],[-40.91027,-5.07566],[-40.90472,-5.10483],[-40.90972,-5.11261],[-40.92833,-5.109],[-40.94555,-5.12622],[-40.96527,-5.12566],[-40.97972,-5.12039],[-40.99111,-5.10483],[-41.00999,-5.09983],[-41.02055,-5.07011],[-41.00305,-5.064],[-41.00111,-5.06928],[-40.99333,-5.06955],[-40.98944,-5.06233],[-40.99055,-5.05844]]]}},{"type":"Feature","properties":{"nome_proje":"PA TAMBORIL ESPERANÇA"},"geometry":{"type":"Polygon","coordinates":[[[-41.23355,-4.67478],[-41.23212,-4.68557],[-41.23643,-4.68961],[-41.23373,-4.69198],[-41.23714,-4.70078],[-41.24412,-4.70053],[-41.24929,-4.70404],[-41.25059,-4.7017],[-41.25436,-4.71786],[-41.26097,-4.71652],[-41.27004,-4.7041],[-41.26979,-4.69728],[-41.25695,-4.671],[-41.23355,-4.67478]]]}},{"type":"Feature","properties":{"nome_proje":"PA MATRIZ"},"geometry":{"type":"MultiPolygon","coordinates":[[[[-40.84563,-4.60404],[-40.84057,-4.60141],[-40.83545,-4.60429],[-40.84156,-4.62363],[-40.82652,-4.62806],[-40.82665,-4.63477],[-40.82915,-4.6348],[-40.82897,-4.63042],[-40.84385,-4.63269],[-40.8456,-4.63863],[-40.8456,-4.63162],[-40.85801,-4.62673],[-40.84563,-4.60404]]],[[[-40.86828,-4.62809],[-40.85976,-4.62583],[-40.85918,-4.63014],[-40.86828,-4.62809]]],[[[-40.87297,-4.60556],[-40.87105,-4.61381],[-40.88273,-4.62348],[-40.8871,-4.62165],[-40.87297,-4.60556]]],[[[-40.90816,-4.60315],[-40.89118,-4.58319],[-40.90011,-4.59588],[-40.90816,-4.60315]]],[[[-40.90532,-4.57448],[-40.90631,-4.56862],[-40.90128,-4.57209],[-40.90532,-4.57448]]],[[[-40.81782,-4.50478],[-40.80497,-4.49113],[-40.8062,-4.5108],[-40.81782,-4.50478]]],[[[-40.84823,-4.57333],[-40.8194,-4.57013],[-40.8174,-4.58485],[-40.81279,-4.59271],[-40.81794,-4.60326],[-40.83731,-4.59606],[-40.84591,-4.58009],[-40.84947,-4.58008],[-40.84823,-4.57333]]]]}},{"type":"Feature","properties":{"nome_proje":"PA NOVA TERRA"},"geometry":{"type":"Polygon","coordinates":[[[-41.17828,-4.45946],[-41.15901,-4.46017],[-41.16197,-4.46191],[-41.16356,-4.47356],[-41.15536,-4.47357],[-41.17117,-4.50782],[-41.18603,-4.50361],[-41.1869,-4.51441],[-41.18266,-4.52582],[-41.18424,-4.54122],[-41.20629,-4.53791],[-41.20443,-4.53026],[-41.21678,-4.49897],[-41.20249,-4.46705],[-41.18708,-4.47111],[-41.17772,-4.46945],[-41.17828,-4.45946]]]}},{"type":"Feature","properties":{"nome_proje":"PA VEADO DOS MATIAS"},"geometry":{"type":"Polygon","coordinates":[[[-41.19547,-4.41052],[-41.17,-4.41787],[-41.14879,-4.4117],[-41.1478,-4.44033],[-41.16853,-4.43771],[-41.17856,-4.45945],[-41.19762,-4.45865],[-41.19211,-4.43169],[-41.19366,-4.42595],[-41.19662,-4.42525],[-41.19547,-4.41052]]]}},{"type":"Feature","properties":{"nome_proje":"PA VARZINHA"},"geometry":{"type":"Polygon","coordinates":[[[-39.51904,-8.21446],[-39.50997,-8.25544],[-39.50093,-8.26051],[-39.49866,-8.27226],[-39.50091,-8.27142],[-39.50227,-8.27873],[-39.5064,-8.27947],[-39.51904,-8.21446]]]}},{"type":"Feature","properties":{"nome_proje":"PA NOVA VIDA"},"geometry":{"type":"MultiPolygon","coordinates":[[[[-39.85207,-8.20082],[-39.85745,-8.19431],[-39.83737,-8.18644],[-39.83045,-8.19487],[-39.85473,-8.20461],[-39.85207,-8.20082]]],[[[-39.8286,-8.21856],[-39.83969,-8.20683],[-39.84197,-8.20954],[-39.85399,-8.20502],[-39.82906,-8.19563],[-39.82534,-8.19833],[-39.82937,-8.20309],[-39.81929,-8.21164],[-39.82529,-8.21867],[-39.8286,-8.21856]]]]}},{"type":"Feature","properties":{"nome_proje":"PA MORORO DOS PEIXOTOS"},"geometry":{"type":"Polygon","coordinates":[[[-39.49553,-8.21341],[-39.50047,-8.2188],[-39.50702,-8.21366],[-39.51517,-8.21247],[-39.52381,-8.21663],[-39.52796,-8.21369],[-39.5304,-8.21116],[-39.53208,-8.18202],[-39.51884,-8.17345],[-39.51976,-8.16774],[-39.50856,-8.16769],[-39.50788,-8.16302],[-39.49559,-8.15907],[-39.49427,-8.21512],[-39.49553,-8.21341]]]}},{"type":"Feature","properties":{"nome_proje":"PA UMBURANA/LEALDADE"},"geometry":{"type":"Polygon","coordinates":[[[-39.7296,-8.14462],[-39.71151,-8.13824],[-39.69865,-8.13416],[-39.70137,-8.14891],[-39.72525,-8.15647],[-39.7296,-8.14462]]]}},{"type":"Feature","properties":{"nome_proje":"PA ANTÔNIO DE LINDÔ"},"geometry":{"type":"Polygon","coordinates":[[[-39.53927,-8.13026],[-39.63367,-8.11106],[-39.55071,-8.11493],[-39.54792,-8.11876],[-39.53727,-8.11956],[-39.53927,-8.13026]]]}},{"type":"Feature","properties":{"nome_proje":"PA MIGUEL ARRAES"},"geometry":{"type":"Polygon","coordinates":[[[-39.58535,-7.98935],[-39.5948,-7.98608],[-39.56999,-7.97964],[-39.57318,-7.98155],[-39.56964,-7.98279],[-39.57204,-7.9836],[-39.57058,-7.98596],[-39.57787,-7.98981],[-39.61762,-8.00074],[-39.61869,-7.9987],[-39.58535,-7.98935]]]}},{"type":"Feature","properties":{"nome_proje":"PA IRMÃ DOROTHY"},"geometry":{"type":"Polygon","coordinates":[[[-39.55565,-7.94879],[-39.55221,-7.96069],[-39.56747,-7.9672],[-39.56837,-7.95231],[-39.55565,-7.94879]]]}},{"type":"Feature","properties":{"nome_proje":"PA COLINAS"},"geometry":{"type":"Polygon","coordinates":[[[-39.70117,-7.89092],[-39.66026,-7.90064],[-39.66714,-7.91639],[-39.70133,-7.90663],[-39.70299,-7.90894],[-39.70867,-7.90704],[-39.70117,-7.89092]]]}},{"type":"Feature","properties":{"nome_proje":"PA NOVA ESPERANÇA II"},"geometry":{"type":"Polygon","coordinates":[[[-39.72175,-7.72255],[-39.66693,-7.68307],[-39.65984,-7.68995],[-39.66296,-7.69397],[-39.67047,-7.68944],[-39.6789,-7.69716],[-39.6984,-7.72195],[-39.6907,-7.7282],[-39.69715,-7.73283],[-39.69868,-7.73135],[-39.70951,-7.7391],[-39.72175,-7.72255]]]}},{"type":"Feature","properties":{"nome_proje":"PA FLÔR DA AMÉRICA"},"geometry":{"type":"Polygon","coordinates":[[[-39.5591,-6.74142],[-39.55654,-6.77247],[-39.57727,-6.78675],[-39.59238,-6.78716],[-39.59233,-6.77977],[-39.60238,-6.77053],[-39.59295,-6.75528],[-39.57874,-6.75053],[-39.56622,-6.73464],[-39.5591,-6.74142]]]}},{"type":"Feature","properties":{"nome_proje":"PA PATATIVA DO ASSARÉ"},"geometry":{"type":"Polygon","coordinates":[[[-40.08125,-7.94095],[-40.0717,-7.94169],[-40.06848,-7.93874],[-40.0588,-7.94146],[-40.0546,-7.94827],[-40.06903,-7.95541],[-40.10038,-7.98069],[-40.10291,-7.97164],[-40.09318,-7.9588],[-40.07675,-7.94885],[-40.08125,-7.94095]]]}},{"type":"Feature","properties":{"nome_proje":"PA SÃO JOÃO DE OURICURI"},"geometry":{"type":"MultiPolygon","coordinates":[[[[-40.17331,-7.77532],[-40.1644,-7.77278],[-40.16449,-7.77436],[-40.17331,-7.77532]]],[[[-40.17282,-7.77671],[-40.17054,-7.78105],[-40.16469,-7.78104],[-40.16717,-7.80328],[-40.18732,-7.79711],[-40.18367,-7.78852],[-40.18577,-7.78272],[-40.17287,-7.77925],[-40.17282,-7.77671]]]]}},{"type":"Feature","properties":{"nome_proje":"PA ACOCI"},"geometry":{"type":"Polygon","coordinates":[[[-40.2072,-6.9267],[-40.17785,-6.91424],[-40.16565,-6.9152],[-40.15494,-6.94377],[-40.13829,-6.93449],[-40.12088,-6.94961],[-40.13314,-6.95435],[-40.13023,-6.96197],[-40.11685,-6.95645],[-40.11019,-6.96371],[-40.11236,-6.97047],[-40.10965,-6.97827],[-40.117,-6.99272],[-40.14686,-7.00699],[-40.15642,-7.01561],[-40.16774,-7.01495],[-40.17843,-7.01954],[-40.20375,-7.0116],[-40.22216,-7.01941],[-40.22988,-7.01805],[-40.23534,-7.00319],[-40.24454,-7.00616],[-40.23787,-6.98059],[-40.22518,-6.97255],[-40.2243,-6.96099],[-40.20729,-6.95238],[-40.21132,-6.94902],[-40.21266,-6.93907],[-40.2072,-6.9267]]]}},{"type":"Feature","properties":{"nome_proje":"PA SÃO JOÃO"},"geometry":{"type":"Polygon","coordinates":[[[-39.90385,-6.69824],[-39.89577,-6.71002],[-39.91604,-6.72221],[-39.90899,-6.73789],[-39.91295,-6.74136],[-39.94088,-6.7166],[-39.92978,-6.70711],[-39.90385,-6.69824]]]}},{"type":"Feature","properties":{"nome_proje":"PA MUCUIM"},"geometry":{"type":"Polygon","coordinates":[[[-40.10432,-6.22598],[-40.06095,-6.24289],[-40.09877,-6.30115],[-40.11347,-6.29357],[-40.13802,-6.27354],[-40.12283,-6.26252],[-40.11935,-6.24698],[-40.11295,-6.24623],[-40.11431,-6.23823],[-40.10644,-6.23521],[-40.10773,-6.23067],[-40.10432,-6.22598]]]}},{"type":"Feature","properties":{"nome_proje":"PA MUCUIM II"},"geometry":{"type":"Polygon","coordinates":[[[-40.13782,-6.21339],[-40.10489,-6.22581],[-40.10798,-6.23046],[-40.1067,-6.235],[-40.11456,-6.23803],[-40.11287,-6.24529],[-40.1196,-6.24677],[-40.12308,-6.26232],[-40.13827,-6.27334],[-40.17514,-6.24288],[-40.15444,-6.21548],[-40.15522,-6.22015],[-40.1463,-6.22563],[-40.13782,-6.21339]]]}},{"type":"Feature","properties":{"nome_proje":"PA ANGICOS II"},"geometry":{"type":"Polygon","coordinates":[[[-40.21005,-6.06608],[-40.21437,-6.05904],[-40.20638,-6.05711],[-40.20308,-6.06707],[-40.15656,-6.07377],[-40.15389,-6.07802],[-40.14307,-6.08058],[-40.14216,-6.10419],[-40.15384,-6.11924],[-40.15915,-6.12161],[-40.16631,-6.11946],[-40.16777,-6.11485],[-40.18618,-6.10967],[-40.1921,-6.10022],[-40.20154,-6.09654],[-40.20764,-6.08878],[-40.21301,-6.08809],[-40.21009,-6.08036],[-40.21825,-6.0649],[-40.21005,-6.06608]]]}},{"type":"Feature","properties":{"nome_proje":"PA MORADA NOVA"},"geometry":{"type":"Polygon","coordinates":[[[-39.92938,-5.66366],[-39.91543,-5.6664],[-39.90782,-5.6848],[-39.91191,-5.69836],[-39.93177,-5.72356],[-39.95209,-5.72825],[-39.96743,-5.72728],[-39.97999,-5.72217],[-39.98485,-5.71617],[-39.99075,-5.71867],[-39.97561,-5.69338],[-39.96775,-5.69108],[-39.96028,-5.69694],[-39.94448,-5.69146],[-39.9407,-5.68933],[-39.93836,-5.67819],[-39.92938,-5.66366]]]}},{"type":"Feature","properties":{"nome_proje":"PA FLORESTA"},"geometry":{"type":"Polygon","coordinates":[[[-40.19282,-5.40377],[-40.18475,-5.40891],[-40.18575,-5.41408],[-40.19202,-5.41275],[-40.19247,-5.42792],[-40.20332,-5.42618],[-40.19606,-5.40717],[-40.20273,-5.39637],[-40.20998,-5.42545],[-40.23078,-5.42226],[-40.22554,-5.41155],[-40.23035,-5.40015],[-40.23722,-5.40158],[-40.233,-5.3717],[-40.22662,-5.36809],[-40.22444,-5.37345],[-40.21624,-5.37536],[-40.21423,-5.37268],[-40.2093,-5.37592],[-40.20659,-5.38935],[-40.20068,-5.39558],[-40.19213,-5.39731],[-40.19282,-5.40377]]]}},{"type":"Feature","properties":{"nome_proje":"PA OLHO D AGUA DA VACA"},"geometry":{"type":"Polygon","coordinates":[[[-39.90898,-5.35913],[-39.89207,-5.34543],[-39.88965,-5.34684],[-39.90613,-5.36522],[-39.89971,-5.37063],[-39.93385,-5.39053],[-39.94997,-5.38605],[-39.93727,-5.36425],[-39.93663,-5.37008],[-39.91245,-5.3528],[-39.90898,-5.35913]]]}},{"type":"Feature","properties":{"nome_proje":"PA SÃO PAULO I"},"geometry":{"type":"Polygon","coordinates":[[[-39.8722,-6.70983],[-39.84804,-6.6904],[-39.83535,-6.6969],[-39.83611,-6.708],[-39.85945,-6.71899],[-39.86633,-6.72554],[-39.86847,-6.71934],[-39.87324,-6.71758],[-39.8722,-6.70983]]]}},{"type":"Feature","properties":{"nome_proje":"PA MASSAPÊ"},"geometry":{"type":"Polygon","coordinates":[[[-39.8378,-5.80674],[-39.83286,-5.8085],[-39.82871,-5.82176],[-39.83677,-5.82579],[-39.83596,-5.83262],[-39.84136,-5.83674],[-39.84495,-5.83536],[-39.86108,-5.8418],[-39.87853,-5.81779],[-39.87287,-5.80893],[-39.86198,-5.80831],[-39.85711,-5.80457],[-39.85614,-5.79336],[-39.83949,-5.79141],[-39.8378,-5.80674]]]}},{"type":"Feature","properties":{"nome_proje":"PA MONTE SOCORRO"},"geometry":{"type":"Polygon","coordinates":[[[-39.60717,-5.55485],[-39.59994,-5.55625],[-39.59635,-5.56311],[-39.58884,-5.56147],[-39.59075,-5.57014],[-39.60431,-5.59112],[-39.61866,-5.60233],[-39.62712,-5.6031],[-39.62189,-5.56595],[-39.60717,-5.55485]]]}},{"type":"Feature","properties":{"nome_proje":"PA TANQUINHO"},"geometry":{"type":"Polygon","coordinates":[[[-39.43844,-5.40564],[-39.40881,-5.41653],[-39.41309,-5.43131],[-39.41162,-5.44443],[-39.3943,-5.43939],[-39.39233,-5.4509],[-39.39986,-5.45211],[-39.3965,-5.46328],[-39.39029,-5.46266],[-39.38707,-5.46556],[-39.38903,-5.47326],[-39.39455,-5.47619],[-39.39723,-5.48198],[-39.43514,-5.46922],[-39.43418,-5.46354],[-39.42577,-5.46343],[-39.42149,-5.45361],[-39.42525,-5.4522],[-39.42526,-5.44557],[-39.43124,-5.43882],[-39.42963,-5.43497],[-39.4354,-5.43349],[-39.43782,-5.4255],[-39.44127,-5.42405],[-39.43844,-5.40564]]]}},{"type":"Feature","properties":{"nome_proje":"PA BOM LUGAR/OITIS"},"geometry":{"type":"Polygon","coordinates":[[[-39.80508,-5.41008],[-39.78743,-5.41198],[-39.7735,-5.41966],[-39.795,-5.41567],[-39.80658,-5.41771],[-39.80508,-5.41008]]]}},{"type":"Feature","properties":{"nome_proje":"PA VISTA  ALEGRE"},"geometry":{"type":"Polygon","coordinates":[[[-39.40403,-5.34644],[-39.41199,-5.36175],[-39.40335,-5.36384],[-39.40499,-5.3716],[-39.43147,-5.36731],[-39.42925,-5.35672],[-39.43517,-5.35474],[-39.42846,-5.34112],[-39.40403,-5.34644]]]}},{"type":"Feature","properties":{"nome_proje":"PA ALEIXO"},"geometry":{"type":"Polygon","coordinates":[[[-39.88232,-5.29245],[-39.86246,-5.28406],[-39.85918,-5.31203],[-39.86292,-5.31633],[-39.85957,-5.31734],[-39.86866,-5.32568],[-39.88232,-5.29245]]]}},{"type":"Feature","properties":{"nome_proje":"PA BUENOS AIRES"},"geometry":{"type":"Polygon","coordinates":[[[-39.64938,-5.13367],[-39.64626,-5.13307],[-39.64573,-5.14689],[-39.63688,-5.14645],[-39.63667,-5.1504],[-39.66846,-5.15219],[-39.67771,-5.13484],[-39.67215,-5.12371],[-39.65587,-5.1113],[-39.64938,-5.13367]]]}},{"type":"Feature","properties":{"nome_proje":"PA CONQUISTA DA LIBERDADE/MARAQUETÁ"},"geometry":{"type":"Polygon","coordinates":[[[-39.4591,-5.04242],[-39.47118,-5.07373],[-39.49871,-5.05478],[-39.52401,-5.05289],[-39.51356,-5.02333],[-39.51642,-5.01774],[-39.48687,-5.02065],[-39.4591,-5.04242]]]}},{"type":"Feature","properties":{"nome_proje":"PA SANTA ELIZA"},"geometry":{"type":"Polygon","coordinates":[[[-39.45901,-5.04214],[-39.45683,-5.02585],[-39.44884,-5.0167],[-39.45057,-5.00239],[-39.47478,-4.97532],[-39.48685,-4.97712],[-39.49052,-4.97195],[-39.4988,-4.97127],[-39.49854,-4.95839],[-39.48663,-4.96024],[-39.47906,-4.95548],[-39.4799,-4.95206],[-39.47728,-4.95371],[-39.48581,-4.92039],[-39.47954,-4.92131],[-39.47638,-4.92796],[-39.45275,-4.93327],[-39.44878,-4.93038],[-39.42838,-5.01257],[-39.43035,-5.01173],[-39.42946,-5.02029],[-39.41464,-5.0287],[-39.42695,-5.04891],[-39.45901,-5.04214]]]}},{"type":"Feature","properties":{"nome_proje":"PA PINTADA/SANTANA"},"geometry":{"type":"Polygon","coordinates":[[[-40.46793,-5.58883],[-40.4762,-5.5862],[-40.5153,-5.58558],[-40.51883,-5.58069],[-40.53446,-5.57985],[-40.53111,-5.57726],[-40.54183,-5.56778],[-40.54092,-5.56211],[-40.52499,-5.56321],[-40.52124,-5.56996],[-40.4651,-5.57472],[-40.46793,-5.58883]]]}},{"type":"Feature","properties":{"nome_proje":"PA ALTA MIRA"},"geometry":{"type":"Polygon","coordinates":[[[-40.5967,-5.49056],[-40.5808,-5.48823],[-40.56317,-5.49418],[-40.53548,-5.49232],[-40.51793,-5.49713],[-40.5205,-5.50381],[-40.59825,-5.50152],[-40.5967,-5.49056]]]}},{"type":"Feature","properties":{"nome_proje":"PA JUAZEIRO"},"geometry":{"type":"Polygon","coordinates":[[[-40.24764,-5.19644],[-40.23603,-5.20186],[-40.22548,-5.24427],[-40.21434,-5.24628],[-40.21652,-5.25837],[-40.20796,-5.26986],[-40.22171,-5.27742],[-40.24935,-5.251],[-40.26645,-5.22968],[-40.25822,-5.22661],[-40.26161,-5.21877],[-40.26564,-5.21879],[-40.26355,-5.215],[-40.26104,-5.21542],[-40.24764,-5.19644]]]}},{"type":"Feature","properties":{"nome_proje":"PA PALESTINA"},"geometry":{"type":"Polygon","coordinates":[[[-40.38194,-5.19728],[-40.37198,-5.19876],[-40.36802,-5.20244],[-40.3684,-5.18711],[-40.32458,-5.19507],[-40.34011,-5.21081],[-40.33505,-5.21707],[-40.35036,-5.22311],[-40.35012,-5.2442],[-40.35578,-5.24926],[-40.36408,-5.25198],[-40.37127,-5.245],[-40.38027,-5.24441],[-40.38194,-5.19728]]]}},{"type":"Feature","properties":{"nome_proje":"PA SÃO GONÇALO"},"geometry":{"type":"Polygon","coordinates":[[[-40.60037,-5.16673],[-40.59024,-5.16809],[-40.58317,-5.18139],[-40.5866,-5.21651],[-40.59857,-5.2041],[-40.60807,-5.19988],[-40.60037,-5.16673]]]}},{"type":"Feature","properties":{"nome_proje":"PA SÃO JOSÉ/MUQUÉM"},"geometry":{"type":"Polygon","coordinates":[[[-40.55476,-5.16716],[-40.55275,-5.167],[-40.55526,-5.19868],[-40.5484,-5.2023],[-40.54366,-5.20129],[-40.53905,-5.23097],[-40.54361,-5.24591],[-40.56629,-5.23306],[-40.56429,-5.19944],[-40.56988,-5.20294],[-40.57405,-5.20074],[-40.58484,-5.18559],[-40.57663,-5.15252],[-40.56545,-5.1459],[-40.55699,-5.13264],[-40.54753,-5.131],[-40.55476,-5.16716]]]}},{"type":"Feature","properties":{"nome_proje":"PA LIOLÂNDIA"},"geometry":{"type":"Polygon","coordinates":[[[-40.34873,-5.15093],[-40.33025,-5.17576],[-40.31309,-5.1835],[-40.32458,-5.19507],[-40.362,-5.18918],[-40.34873,-5.15093]]]}},{"type":"Feature","properties":{"nome_proje":"PA DOM ANTÔNIO BATISTA FRAGOSO"},"geometry":{"type":"Polygon","coordinates":[[[-40.54469,-5.11534],[-40.5122,-5.1251],[-40.5232,-5.19204],[-40.52037,-5.2297],[-40.52311,-5.22295],[-40.53199,-5.21939],[-40.52954,-5.17637],[-40.55352,-5.17524],[-40.55275,-5.167],[-40.55476,-5.16716],[-40.54469,-5.11534]]]}},{"type":"Feature","properties":{"nome_proje":"PA APUÍ"},"geometry":{"type":"Polygon","coordinates":[[[-40.54277,-5.11611],[-40.54475,-5.11532],[-40.54737,-5.13125],[-40.55704,-5.13265],[-40.56551,-5.14592],[-40.57669,-5.15254],[-40.58083,-5.17286],[-40.58438,-5.17574],[-40.59372,-5.16675],[-40.58082,-5.12887],[-40.58759,-5.12805],[-40.58611,-5.10831],[-40.56473,-5.11139],[-40.56253,-5.10163],[-40.54075,-5.10648],[-40.54277,-5.11611]]]}},{"type":"Feature","properties":{"nome_proje":"PA IRAPUÁ DE CIMA"},"geometry":{"type":"Polygon","coordinates":[[[-40.41396,-5.09511],[-40.38463,-5.10689],[-40.38452,-5.11191],[-40.37268,-5.12339],[-40.3544,-5.13391],[-40.3565,-5.14012],[-40.36758,-5.15938],[-40.37554,-5.15692],[-40.39248,-5.1673],[-40.42113,-5.16807],[-40.42225,-5.17924],[-40.42578,-5.17727],[-40.43529,-5.18143],[-40.44304,-5.14525],[-40.44269,-5.10943],[-40.41784,-5.10722],[-40.41396,-5.09511]]]}},{"type":"Feature","properties":{"nome_proje":"PA SÃO JOAQUIM II"},"geometry":{"type":"Polygon","coordinates":[[[-40.10735,-5.28954],[-40.09827,-5.28603],[-40.0819,-5.30115],[-40.07988,-5.2991],[-40.02619,-5.34365],[-40.02736,-5.3461],[-40.03782,-5.35354],[-40.04018,-5.35181],[-40.06213,-5.36272],[-40.08724,-5.36503],[-40.125,-5.30255],[-40.11575,-5.29589],[-40.1031,-5.31598],[-40.1,-5.31218],[-40.09404,-5.31306],[-40.10669,-5.29303],[-40.10735,-5.28954]]]}},{"type":"Feature","properties":{"nome_proje":"PA VÁRZEA DA CACIMBA"},"geometry":{"type":"Polygon","coordinates":[[[-40.21839,-5.28021],[-40.18019,-5.31293],[-40.18574,-5.31523],[-40.19679,-5.33189],[-40.2384,-5.29826],[-40.21839,-5.28021]]]}},{"type":"Feature","properties":{"nome_proje":"PA ORIENTE"},"geometry":{"type":"Polygon","coordinates":[[[-40.06908,-5.22779],[-40.06557,-5.23103],[-40.06093,-5.22331],[-40.04625,-5.22962],[-40.06235,-5.24733],[-40.05966,-5.24897],[-40.08607,-5.24933],[-40.07992,-5.22973],[-40.08254,-5.22431],[-40.08028,-5.21436],[-40.0847,-5.21235],[-40.06804,-5.19571],[-40.06908,-5.22779]]]}},{"type":"Feature","properties":{"nome_proje":"PA ANICETO"},"geometry":{"type":"Polygon","coordinates":[[[-40.04589,-5.22944],[-40.06093,-5.22331],[-40.06554,-5.23092],[-40.06906,-5.22775],[-40.06795,-5.19572],[-40.06081,-5.18537],[-40.05596,-5.18678],[-40.05061,-5.17818],[-40.03473,-5.18124],[-40.02119,-5.17109],[-40.02049,-5.16671],[-40.01265,-5.16536],[-40.01149,-5.17008],[-40.01446,-5.17359],[-40.01057,-5.17536],[-40.02626,-5.19498],[-40.02554,-5.19876],[-40.04302,-5.22066],[-40.04589,-5.22944]]]}},{"type":"Feature","properties":{"nome_proje":"PA CURITIBA"},"geometry":{"type":"Polygon","coordinates":[[[-40.06262,-5.12786],[-40.05452,-5.13272],[-40.05278,-5.14765],[-40.06186,-5.15121],[-40.06186,-5.16036],[-40.07223,-5.16336],[-40.07262,-5.13124],[-40.06608,-5.1312],[-40.06262,-5.12786]]]}},{"type":"Feature","properties":{"nome_proje":"PA BARGADO"},"geometry":{"type":"Polygon","coordinates":[[[-40.13399,-5.09853],[-40.11356,-5.09576],[-40.10852,-5.11448],[-40.11778,-5.15155],[-40.12416,-5.15836],[-40.15126,-5.13408],[-40.14449,-5.11964],[-40.1394,-5.12267],[-40.13495,-5.1175],[-40.13339,-5.11238],[-40.13834,-5.10884],[-40.13399,-5.09853]]]}},{"type":"Feature","properties":{"nome_proje":"PA CACHOEIRINHA"},"geometry":{"type":"Polygon","coordinates":[[[-40.05625,-5.13064],[-40.06262,-5.12786],[-40.06608,-5.1312],[-40.06721,-5.10391],[-40.06159,-5.09173],[-40.04726,-5.09866],[-40.05006,-5.1047],[-40.04748,-5.10522],[-40.03709,-5.08442],[-40.0363,-5.0882],[-40.05625,-5.13064]]]}},{"type":"Feature","properties":{"nome_proje":"PA ORANGE"},"geometry":{"type":"Polygon","coordinates":[[[-40.16718,-5.07033],[-40.14257,-5.08538],[-40.12724,-5.09772],[-40.13399,-5.09853],[-40.13834,-5.10884],[-40.13376,-5.11497],[-40.1394,-5.12267],[-40.14449,-5.11964],[-40.14638,-5.1045],[-40.15627,-5.10049],[-40.16021,-5.08792],[-40.16516,-5.08512],[-40.16718,-5.07033]]]}},{"type":"Feature","properties":{"nome_proje":"PA SANTANA/SERRA DAS BESTAS"},"geometry":{"type":"Polygon","coordinates":[[[-40.14612,-5.03749],[-40.1327,-5.02945],[-40.12837,-5.03945],[-40.12102,-5.04076],[-40.10676,-5.05316],[-40.10068,-5.05272],[-40.09859,-5.04334],[-40.08737,-5.04878],[-40.07276,-5.04596],[-40.09279,-5.0894],[-40.12034,-5.09789],[-40.13358,-5.09438],[-40.12845,-5.0695],[-40.14412,-5.06136],[-40.14177,-5.04421],[-40.14612,-5.03749]]]}},{"type":"Feature","properties":{"nome_proje":"PA EDILSON MONTEIRO"},"geometry":{"type":"Polygon","coordinates":[[[-39.88024,-5.04804],[-39.87551,-5.04282],[-39.86246,-5.05203],[-39.86592,-5.05433],[-39.87293,-5.05199],[-39.87641,-5.0579],[-39.88889,-5.06405],[-39.89143,-5.07538],[-39.90477,-5.07454],[-39.91224,-5.07023],[-39.91515,-5.06345],[-39.90702,-5.05932],[-39.89224,-5.04455],[-39.8913,-5.04],[-39.88024,-5.04804]]]}},{"type":"Feature","properties":{"nome_proje":"PA 11 DE JULHO"},"geometry":{"type":"Polygon","coordinates":[[[-40.3165,-5.11714],[-40.30113,-5.11447],[-40.29575,-5.1216],[-40.29366,-5.10176],[-40.28537,-5.09915],[-40.28093,-5.12468],[-40.28544,-5.1733],[-40.30363,-5.16723],[-40.32085,-5.15182],[-40.3165,-5.11714]]]}},{"type":"Feature","properties":{"nome_proje":"PA LIBERDADE"},"geometry":{"type":"Polygon","coordinates":[[[-40.44672,-5.09046],[-40.45564,-5.0856],[-40.44329,-5.10672],[-40.44461,-5.11801],[-40.44807,-5.11814],[-40.44825,-5.12249],[-40.46405,-5.12442],[-40.47152,-5.09053],[-40.46734,-5.09024],[-40.46926,-5.07028],[-40.46527,-5.07142],[-40.46518,-5.06677],[-40.43987,-5.06199],[-40.44233,-5.0836],[-40.44672,-5.09046]]]}},{"type":"Feature","properties":{"nome_proje":"PA PALMARES"},"geometry":{"type":"Polygon","coordinates":[[[-40.66367,-4.99645],[-40.62775,-5.04424],[-40.63368,-5.04737],[-40.63673,-5.05363],[-40.64699,-5.05102],[-40.6547,-5.05737],[-40.66356,-5.0455],[-40.67331,-5.05571],[-40.68523,-5.05229],[-40.69679,-5.05996],[-40.71989,-5.02856],[-40.70727,-5.01434],[-40.69739,-5.01916],[-40.67853,-5.00037],[-40.66975,-5.00221],[-40.66367,-4.99645]]]}},{"type":"Feature","properties":{"nome_proje":"PA FLORESTA II"},"geometry":{"type":"Polygon","coordinates":[[[-40.38382,-4.93049],[-40.38047,-4.92997],[-40.38206,-4.94723],[-40.37803,-4.94956],[-40.38284,-4.96098],[-40.3951,-4.95839],[-40.39507,-4.96538],[-40.40266,-4.9643],[-40.40007,-4.92482],[-40.39591,-4.92541],[-40.39194,-4.92171],[-40.38376,-4.92277],[-40.38382,-4.93049]]]}},{"type":"Feature","properties":{"nome_proje":"PA PASSARINHA"},"geometry":{"type":"Polygon","coordinates":[[[-40.48677,-4.87496],[-40.46175,-4.87553],[-40.45841,-4.88822],[-40.48255,-4.90674],[-40.50895,-4.89156],[-40.49768,-4.88741],[-40.48677,-4.87496]]]}},{"type":"Feature","properties":{"nome_proje":"PA PINTADA"},"geometry":{"type":"Polygon","coordinates":[[[-40.59238,-4.84775],[-40.58953,-4.83607],[-40.54227,-4.83697],[-40.53254,-4.86922],[-40.53413,-4.88114],[-40.56891,-4.88035],[-40.56859,-4.86754],[-40.54485,-4.86811],[-40.54539,-4.86572],[-40.59857,-4.86444],[-40.5979,-4.8605],[-40.60203,-4.85865],[-40.60955,-4.83589],[-40.60176,-4.83602],[-40.60462,-4.84758],[-40.59238,-4.84775]]]}},{"type":"Feature","properties":{"nome_proje":"PA PICADA"},"geometry":{"type":"Polygon","coordinates":[[[-40.64343,-4.7832],[-40.63941,-4.78189],[-40.63773,-4.78628],[-40.62777,-4.78745],[-40.62964,-4.79841],[-40.61837,-4.80569],[-40.61648,-4.81082],[-40.60463,-4.81553],[-40.59968,-4.81195],[-40.59691,-4.81532],[-40.60184,-4.83574],[-40.60954,-4.83563],[-40.60481,-4.84847],[-40.61313,-4.88148],[-40.65292,-4.87346],[-40.63494,-4.83598],[-40.68306,-4.82681],[-40.67201,-4.80714],[-40.65866,-4.8045],[-40.65198,-4.79264],[-40.65664,-4.77676],[-40.64343,-4.7832]]]}},{"type":"Feature","properties":{"nome_proje":"PA 02 DE MAIO"},"geometry":{"type":"Polygon","coordinates":[[[-40.2747,-4.74963],[-40.25059,-4.7559],[-40.24324,-4.75184],[-40.2441,-4.76044],[-40.22301,-4.76842],[-40.22757,-4.7861],[-40.20972,-4.79261],[-40.22497,-4.80124],[-40.23662,-4.79766],[-40.24945,-4.80099],[-40.25622,-4.81831],[-40.26222,-4.81674],[-40.26262,-4.81337],[-40.27006,-4.81271],[-40.26416,-4.77751],[-40.27431,-4.76241],[-40.2747,-4.74963]]]}},{"type":"Feature","properties":{"nome_proje":"PA ITAURU"},"geometry":{"type":"Polygon","coordinates":[[[-40.64617,-4.74809],[-40.65853,-4.76013],[-40.66339,-4.75926],[-40.6676,-4.74788],[-40.67485,-4.74151],[-40.67275,-4.73812],[-40.68554,-4.73754],[-40.68792,-4.74192],[-40.70062,-4.74552],[-40.70161,-4.72657],[-40.64474,-4.72239],[-40.64275,-4.73043],[-40.64664,-4.73421],[-40.64617,-4.74809]]]}},{"type":"Feature","properties":{"nome_proje":"PA MORRO AGUDO/LAGOA"},"geometry":{"type":"Polygon","coordinates":[[[-40.3893,-4.54046],[-40.41335,-4.57784],[-40.42031,-4.57117],[-40.42188,-4.56514],[-40.44294,-4.56812],[-40.4444,-4.56368],[-40.43992,-4.55571],[-40.44097,-4.54659],[-40.44542,-4.54097],[-40.39349,-4.53152],[-40.3893,-4.54046]]]}},{"type":"Feature","properties":{"nome_proje":"PA SÃO JOAQUIM"},"geometry":{"type":"Polygon","coordinates":[[[-39.50167,-4.94916],[-39.49943,-4.97153],[-39.49065,-4.97244],[-39.48765,-4.97748],[-39.47543,-4.97575],[-39.45143,-5.00306],[-39.44993,-5.01778],[-39.45599,-5.02487],[-39.48665,-5.00468],[-39.51823,-5.00229],[-39.52218,-5.01375],[-39.51358,-5.02331],[-39.52401,-5.05289],[-39.49807,-5.05523],[-39.47126,-5.07367],[-39.47236,-5.08029],[-39.49911,-5.07178],[-39.4997,-5.07502],[-39.52389,-5.07351],[-39.53255,-5.09292],[-39.53998,-5.08886],[-39.57515,-5.08461],[-39.57474,-5.08055],[-39.59283,-5.07879],[-39.59916,-5.07398],[-39.60488,-5.0584],[-39.62075,-5.05524],[-39.62256,-5.05118],[-39.61799,-5.0392],[-39.59678,-5.00771],[-39.59632,-4.99832],[-39.60074,-4.99036],[-39.57901,-4.98599],[-39.56537,-4.97725],[-39.56331,-4.97127],[-39.56695,-4.96558],[-39.56491,-4.95257],[-39.56764,-4.9398],[-39.56053,-4.90772],[-39.52923,-4.90768],[-39.50855,-4.90147],[-39.43789,-4.85927],[-39.42181,-4.86124],[-39.45473,-4.87766],[-39.4565,-4.8802],[-39.44719,-4.88665],[-39.40508,-4.86668],[-39.40457,-4.87343],[-39.47928,-4.92088],[-39.49294,-4.91858],[-39.49749,-4.92883],[-39.49808,-4.94537],[-39.50167,-4.94916]]]}},{"type":"Feature","properties":{"nome_proje":"PA BOA VENTURA"},"geometry":{"type":"Polygon","coordinates":[[[-39.67696,-4.8908],[-39.63567,-4.86895],[-39.63186,-4.88448],[-39.63696,-4.88443],[-39.6366,-4.88986],[-39.67583,-4.91037],[-39.68084,-4.90594],[-39.67597,-4.89989],[-39.71019,-4.91789],[-39.70959,-4.90065],[-39.67997,-4.88511],[-39.67696,-4.8908]]]}},{"type":"Feature","properties":{"nome_proje":"PA BELO HORIZONTE"},"geometry":{"type":"Polygon","coordinates":[[[-39.70558,-4.78281],[-39.694,-4.79274],[-39.70446,-4.81253],[-39.73185,-4.79387],[-39.72958,-4.78591],[-39.70876,-4.78543],[-39.70558,-4.78281]]]}},{"type":"Feature","properties":{"nome_proje":"PA UMARIZEIRA"},"geometry":{"type":"Polygon","coordinates":[[[-39.66137,-4.69729],[-39.59945,-4.65055],[-39.5945,-4.64969],[-39.58901,-4.65781],[-39.67384,-4.71712],[-39.67103,-4.7265],[-39.64397,-4.70704],[-39.63179,-4.71037],[-39.70183,-4.78391],[-39.70825,-4.7793],[-39.70456,-4.77478],[-39.71717,-4.76724],[-39.70491,-4.75366],[-39.70748,-4.75227],[-39.72,-4.76609],[-39.72555,-4.76376],[-39.66137,-4.69729]]]}},{"type":"Feature","properties":{"nome_proje":"PA ALEGRE/TATAJUBA"},"geometry":{"type":"Polygon","coordinates":[[[-39.79216,-4.66385],[-39.78651,-4.67292],[-39.79122,-4.67767],[-39.79073,-4.68361],[-39.79984,-4.68997],[-39.79946,-4.69741],[-39.80484,-4.7027],[-39.81786,-4.70211],[-39.82029,-4.70923],[-39.82717,-4.71429],[-39.84778,-4.71606],[-39.85119,-4.71247],[-39.85695,-4.71539],[-39.87444,-4.69767],[-39.87772,-4.68757],[-39.87501,-4.68342],[-39.87336,-4.68888],[-39.85981,-4.6928],[-39.79216,-4.66385]]]}},{"type":"Feature","properties":{"nome_proje":"PA MORRINHOS"},"geometry":{"type":"Polygon","coordinates":[[[-39.83105,-4.51502],[-39.8283,-4.52314],[-39.81281,-4.52958],[-39.80733,-4.52495],[-39.80215,-4.52508],[-39.80113,-4.55394],[-39.80675,-4.57268],[-39.83652,-4.579],[-39.83557,-4.51201],[-39.83105,-4.51502]]]}},{"type":"Feature","properties":{"nome_proje":"PA CAIPIRA"},"geometry":{"type":"Polygon","coordinates":[[[-39.52535,-4.51376],[-39.50582,-4.5131],[-39.50623,-4.53156],[-39.49816,-4.54764],[-39.57473,-4.56904],[-39.57374,-4.56654],[-39.5781,-4.56773],[-39.57644,-4.56396],[-39.58372,-4.55701],[-39.58274,-4.5495],[-39.57584,-4.54285],[-39.56571,-4.55166],[-39.56223,-4.54581],[-39.56801,-4.54264],[-39.56834,-4.53893],[-39.56152,-4.54058],[-39.55984,-4.53338],[-39.5678,-4.53264],[-39.56293,-4.52001],[-39.55698,-4.52167],[-39.55304,-4.51332],[-39.52892,-4.50622],[-39.52535,-4.51376]]]}},{"type":"Feature","properties":{"nome_proje":"PA SERRINHA/SANTA MARIA"},"geometry":{"type":"Polygon","coordinates":[[[-39.48967,-4.51137],[-39.48261,-4.51635],[-39.48227,-4.52979],[-39.49405,-4.52917],[-39.49254,-4.52395],[-39.50546,-4.52229],[-39.5054,-4.51406],[-39.49631,-4.51419],[-39.49808,-4.51065],[-39.48967,-4.51137]]]}},{"type":"Feature","properties":{"nome_proje":"PA AMARGOSA"},"geometry":{"type":"Polygon","coordinates":[[[-39.62109,-4.49451],[-39.62126,-4.51381],[-39.59784,-4.51043],[-39.59523,-4.51621],[-39.59851,-4.5221],[-39.61579,-4.52775],[-39.64566,-4.52616],[-39.64585,-4.50955],[-39.63633,-4.50137],[-39.63673,-4.49018],[-39.62843,-4.49038],[-39.62109,-4.49451]]]}},{"type":"Feature","properties":{"nome_proje":"PA POÇO/RIACHO DAS FLORES"},"geometry":{"type":"Polygon","coordinates":[[[-39.64245,-4.51251],[-39.63967,-4.51751],[-39.64743,-4.51695],[-39.65387,-4.50607],[-39.67676,-4.49404],[-39.67307,-4.4909],[-39.67159,-4.4815],[-39.66865,-4.48022],[-39.66501,-4.4855],[-39.65041,-4.48884],[-39.65042,-4.49634],[-39.64057,-4.5088],[-39.64245,-4.51251]]]}},{"type":"Feature","properties":{"nome_proje":"PA POÇOS"},"geometry":{"type":"Polygon","coordinates":[[[-40.17173,-4.93836],[-40.14062,-4.95618],[-40.15295,-4.96681],[-40.16549,-4.98884],[-40.18463,-4.96889],[-40.1746,-4.93931],[-40.17173,-4.93836]]]}},{"type":"Feature","properties":{"nome_proje":"PA PAULO FREIRE"},"geometry":{"type":"Polygon","coordinates":[[[-40.04651,-4.90149],[-40.04417,-4.89459],[-40.02241,-4.90679],[-39.99364,-4.91566],[-40.02467,-4.9158],[-40.07463,-4.90389],[-40.07298,-4.92259],[-40.06941,-4.92566],[-40.0594,-4.92465],[-40.06389,-4.93069],[-40.06224,-4.94957],[-40.0782,-4.96499],[-40.08759,-4.96318],[-40.10254,-4.96645],[-40.11163,-4.96159],[-40.11307,-4.95636],[-40.10629,-4.9515],[-40.09235,-4.94831],[-40.08896,-4.93217],[-40.09292,-4.92988],[-40.08896,-4.9204],[-40.09139,-4.91411],[-40.07926,-4.91589],[-40.07661,-4.90913],[-40.0796,-4.90187],[-40.0887,-4.89937],[-40.08191,-4.8972],[-40.07601,-4.90037],[-40.07891,-4.89316],[-40.04651,-4.90149]]]}},{"type":"Feature","properties":{"nome_proje":"PA MARGARIDA ALVES"},"geometry":{"type":"Polygon","coordinates":[[[-40.07463,-4.90389],[-40.02214,-4.91556],[-40.02229,-4.9186],[-40.04744,-4.91444],[-40.04728,-4.92002],[-40.02421,-4.91977],[-40.04711,-4.92423],[-40.04776,-4.95143],[-40.06224,-4.94957],[-40.06389,-4.93069],[-40.0594,-4.92465],[-40.06941,-4.92566],[-40.07298,-4.92259],[-40.07463,-4.90389]]]}},{"type":"Feature","properties":{"nome_proje":"PA XIQUE XIQUE"},"geometry":{"type":"Polygon","coordinates":[[[-40.09294,-4.91195],[-40.08902,-4.92042],[-40.09255,-4.92489],[-40.09298,-4.9299],[-40.08902,-4.93219],[-40.09241,-4.94831],[-40.10097,-4.9483],[-40.11301,-4.95634],[-40.12669,-4.94825],[-40.11844,-4.91161],[-40.09328,-4.89161],[-40.09294,-4.91195]]]}},{"type":"Feature","properties":{"nome_proje":"PA BOA VISTA"},"geometry":{"type":"Polygon","coordinates":[[[-39.92538,-4.79856],[-39.90398,-4.821],[-39.90697,-4.82474],[-39.91952,-4.8298],[-39.92582,-4.82914],[-39.92608,-4.82518],[-39.93688,-4.81791],[-39.9338,-4.81414],[-39.93668,-4.80624],[-39.92538,-4.79856]]]}},{"type":"Feature","properties":{"nome_proje":"PA QUIXABA"},"geometry":{"type":"Polygon","coordinates":[[[-40.00785,-4.65101],[-40.00278,-4.65637],[-40.01643,-4.66236],[-40.03216,-4.64914],[-40.02882,-4.64469],[-40.04116,-4.63403],[-39.97456,-4.63511],[-40.00785,-4.65101]]]}},{"type":"Feature","properties":{"nome_proje":"PA PARAÍSO"},"geometry":{"type":"Polygon","coordinates":[[[-40.12526,-4.49161],[-40.12623,-4.50716],[-40.1179,-4.50636],[-40.11111,-4.51224],[-40.15261,-4.5267],[-40.15795,-4.52484],[-40.1596,-4.50989],[-40.1561,-4.48857],[-40.14794,-4.48582],[-40.13268,-4.47015],[-40.12526,-4.49161]]]}},{"type":"Feature","properties":{"nome_proje":"PA SANTA MARIA II"},"geometry":{"type":"Polygon","coordinates":[[[-40.11756,-4.50751],[-40.12623,-4.50716],[-40.12398,-4.49533],[-40.13268,-4.47015],[-40.1161,-4.45839],[-40.10926,-4.46507],[-40.10178,-4.48577],[-40.10734,-4.49755],[-40.10099,-4.50449],[-40.11111,-4.51224],[-40.11756,-4.50751]]]}},{"type":"Feature","properties":{"nome_proje":"PA GROSSOS/SANTANA"},"geometry":{"type":"Polygon","coordinates":[[[-39.89621,-4.34685],[-39.87487,-4.34713],[-39.89677,-4.40667],[-39.92321,-4.40262],[-39.90047,-4.33834],[-39.89621,-4.34685]]]}},{"type":"Feature","properties":{"nome_proje":"PA JUÁ"},"geometry":{"type":"MultiPolygon","coordinates":[[[[-39.95893,-4.3379],[-39.97442,-4.33418],[-39.97913,-4.32868],[-39.98484,-4.39305],[-39.98088,-4.39879],[-40.00053,-4.40815],[-40.01338,-4.40678],[-40.01498,-4.4031],[-40.00845,-4.39117],[-40.01559,-4.36752],[-40.02313,-4.36304],[-40.02819,-4.34097],[-40.03805,-4.33067],[-40.03697,-4.32505],[-40.0295,-4.32121],[-40.03536,-4.30018],[-40.03061,-4.29825],[-40.00349,-4.3049],[-39.97033,-4.28574],[-39.94898,-4.28071],[-39.9364,-4.28127],[-39.95893,-4.3379]]],[[[-39.99119,-4.24248],[-39.96906,-4.25052],[-39.94908,-4.24689],[-39.93823,-4.23527],[-39.92478,-4.25176],[-39.93625,-4.28087],[-39.94898,-4.28035],[-39.97043,-4.28537],[-40.00355,-4.30458],[-40.03054,-4.29789],[-40.03569,-4.29997],[-40.04115,-4.29685],[-40.04479,-4.28631],[-40.04059,-4.29146],[-40.03895,-4.28896],[-40.03646,-4.29693],[-40.03557,-4.29761],[-40.0325,-4.29597],[-40.03496,-4.29662],[-40.03687,-4.29036],[-40.03409,-4.28791],[-40.04021,-4.28661],[-40.03904,-4.28449],[-40.04704,-4.2736],[-40.04712,-4.2645],[-39.99892,-4.24883],[-39.99119,-4.24248]]]]}},{"type":"Feature","properties":{"nome_proje":"PA BAIXA DA AREIA"},"geometry":{"type":"Polygon","coordinates":[[[-39.54618,-4.44841],[-39.54181,-4.46634],[-39.53268,-4.46811],[-39.53055,-4.49122],[-39.5266,-4.4919],[-39.52628,-4.50126],[-39.52918,-4.50446],[-39.53453,-4.49856],[-39.54842,-4.50342],[-39.54313,-4.49843],[-39.54211,-4.49253],[-39.53956,-4.49267],[-39.53976,-4.48793],[-39.54844,-4.48543],[-39.56111,-4.47521],[-39.55945,-4.46833],[-39.54858,-4.47132],[-39.55066,-4.45596],[-39.54618,-4.44841]]]}},{"type":"Feature","properties":{"nome_proje":"PA SACO DO BELÉM"},"geometry":{"type":"Polygon","coordinates":[[[-39.84123,-4.37172],[-39.82352,-4.37079],[-39.81627,-4.37488],[-39.81123,-4.37232],[-39.80569,-4.37586],[-39.80296,-4.37382],[-39.7996,-4.37626],[-39.80076,-4.38331],[-39.78844,-4.39109],[-39.77847,-4.39479],[-39.76228,-4.39364],[-39.75307,-4.39952],[-39.75142,-4.40729],[-39.73894,-4.423],[-39.74258,-4.42904],[-39.73721,-4.43163],[-39.73659,-4.44056],[-39.7328,-4.44126],[-39.72937,-4.44887],[-39.7339,-4.45371],[-39.73349,-4.46176],[-39.73692,-4.46305],[-39.72627,-4.47022],[-39.72695,-4.47569],[-39.72089,-4.48222],[-39.72422,-4.48704],[-39.73394,-4.48924],[-39.73911,-4.49417],[-39.7446,-4.49354],[-39.75786,-4.50415],[-39.75619,-4.51326],[-39.75253,-4.51656],[-39.75439,-4.52325],[-39.74546,-4.53574],[-39.74844,-4.53956],[-39.7467,-4.54616],[-39.75111,-4.54594],[-39.75295,-4.53901],[-39.76763,-4.53582],[-39.77609,-4.52607],[-39.78538,-4.5276],[-39.79269,-4.52315],[-39.80766,-4.52508],[-39.81297,-4.52955],[-39.82967,-4.52093],[-39.83139,-4.51513],[-39.83994,-4.51297],[-39.84595,-4.51784],[-39.85034,-4.51094],[-39.84494,-4.48974],[-39.85896,-4.47438],[-39.85264,-4.46874],[-39.87252,-4.43482],[-39.85369,-4.41178],[-39.84123,-4.37172]]]}},{"type":"Feature","properties":{"nome_proje":"PA VARZANTE DO CURU"},"geometry":{"type":"Polygon","coordinates":[[[-39.60771,-4.45405],[-39.61327,-4.45461],[-39.61108,-4.44765],[-39.61856,-4.44728],[-39.61847,-4.44357],[-39.62591,-4.43687],[-39.62349,-4.42271],[-39.62533,-4.41479],[-39.6182,-4.41156],[-39.61438,-4.41917],[-39.60994,-4.41711],[-39.60771,-4.45405]]]}},{"type":"Feature","properties":{"nome_proje":"PA NOVA BRASÍLIA"},"geometry":{"type":"Polygon","coordinates":[[[-39.87277,-4.43448],[-39.87812,-4.4171],[-39.88249,-4.4144],[-39.87641,-4.39304],[-39.85145,-4.36805],[-39.84456,-4.37041],[-39.86171,-4.40283],[-39.85771,-4.40374],[-39.85871,-4.40916],[-39.85379,-4.41176],[-39.87277,-4.43448]]]}},{"type":"Feature","properties":{"nome_proje":"PA SANTANA DA CAL"},"geometry":{"type":"Polygon","coordinates":[[[-39.41883,-4.3809],[-39.42021,-4.38901],[-39.4175,-4.39037],[-39.45917,-4.38494],[-39.45751,-4.3944],[-39.47508,-4.39161],[-39.47342,-4.38673],[-39.49273,-4.38191],[-39.48579,-4.37917],[-39.4584,-4.38202],[-39.45524,-4.37316],[-39.41883,-4.3809]]]}},{"type":"Feature","properties":{"nome_proje":"PA BARRA DO JUÁ"},"geometry":{"type":"Polygon","coordinates":[[[-39.85944,-4.30517],[-39.85682,-4.30541],[-39.85927,-4.31196],[-39.85638,-4.31853],[-39.84106,-4.3137],[-39.84377,-4.32243],[-39.83461,-4.32406],[-39.85075,-4.36322],[-39.87814,-4.34495],[-39.85944,-4.30517]]]}},{"type":"Feature","properties":{"nome_proje":"PA SACO DOS BOIS"},"geometry":{"type":"Polygon","coordinates":[[[-39.72813,-4.31588],[-39.73174,-4.31449],[-39.73502,-4.33495],[-39.7921,-4.28754],[-39.78747,-4.25793],[-39.78302,-4.25811],[-39.76065,-4.27799],[-39.74862,-4.29593],[-39.73177,-4.3025],[-39.72664,-4.30886],[-39.72813,-4.31588]]]}},{"type":"Feature","properties":{"nome_proje":"PA TODOS OS SANTOS"},"geometry":{"type":"MultiPolygon","coordinates":[[[[-39.58158,-4.26984],[-39.57659,-4.27416],[-39.54052,-4.27056],[-39.50279,-4.28632],[-39.49079,-4.29307],[-39.48817,-4.29913],[-39.51229,-4.29397],[-39.53607,-4.30104],[-39.56066,-4.31289],[-39.56624,-4.29887],[-39.59173,-4.29398],[-39.59157,-4.28201],[-39.58148,-4.27365],[-39.58158,-4.26984]]],[[[-39.49025,-4.29226],[-39.50247,-4.28565],[-39.53888,-4.27045],[-39.5047,-4.26802],[-39.49025,-4.29226]]]]}},{"type":"Feature","properties":{"nome_proje":"PA TERRA LIVRE"},"geometry":{"type":"Polygon","coordinates":[[[-39.41519,-4.2773],[-39.42596,-4.28238],[-39.40082,-4.30457],[-39.40477,-4.31118],[-39.41041,-4.31291],[-39.42891,-4.29383],[-39.45066,-4.29643],[-39.43789,-4.26123],[-39.41519,-4.2773]]]}},{"type":"Feature","properties":{"nome_proje":"PA FRAZÃO"},"geometry":{"type":"Polygon","coordinates":[[[-39.58179,-4.26912],[-39.5815,-4.25142],[-39.55647,-4.25181],[-39.55072,-4.25526],[-39.55092,-4.26722],[-39.54819,-4.27053],[-39.57554,-4.27285],[-39.58179,-4.26912]]]}},{"type":"Feature","properties":{"nome_proje":"PA SÃO PAULO"},"geometry":{"type":"Polygon","coordinates":[[[-39.34943,-4.28767],[-39.37067,-4.30247],[-39.39321,-4.29284],[-39.43783,-4.2612],[-39.42196,-4.22894],[-39.41368,-4.22014],[-39.38448,-4.24069],[-39.39075,-4.25405],[-39.37041,-4.26853],[-39.36997,-4.27547],[-39.34943,-4.28767]]]}},{"type":"Feature","properties":{"nome_proje":"PA PIABAS"},"geometry":{"type":"Polygon","coordinates":[[[-39.85834,-4.16252],[-39.85666,-4.16469],[-39.85106,-4.15914],[-39.84134,-4.16303],[-39.84495,-4.17081],[-39.83745,-4.17275],[-39.83189,-4.1697],[-39.82717,-4.17915],[-39.81967,-4.18387],[-39.82744,-4.20526],[-39.83328,-4.20915],[-39.84423,-4.27041],[-39.83298,-4.27061],[-39.81499,-4.27649],[-39.8344,-4.32323],[-39.84179,-4.32216],[-39.84286,-4.30986],[-39.8484,-4.31432],[-39.85803,-4.31513],[-39.85639,-4.3044],[-39.87509,-4.30912],[-39.85947,-4.27047],[-39.86751,-4.26093],[-39.83439,-4.20776],[-39.85439,-4.20276],[-39.85467,-4.19859],[-39.86606,-4.19053],[-39.87662,-4.16915],[-39.86105,-4.1611],[-39.86078,-4.15665],[-39.85301,-4.15637],[-39.85834,-4.16252]]]}},{"type":"Feature","properties":{"nome_proje":"PA VALPARAÍSO II"},"geometry":{"type":"Polygon","coordinates":[[[-39.81016,-4.1883],[-39.80367,-4.1869],[-39.79717,-4.1925],[-39.79493,-4.20896],[-39.79188,-4.20858],[-39.79131,-4.21306],[-39.79438,-4.21345],[-39.79182,-4.23385],[-39.79418,-4.23321],[-39.79549,-4.2392],[-39.78298,-4.25463],[-39.78307,-4.25808],[-39.78753,-4.25796],[-39.79184,-4.28553],[-39.83449,-4.27052],[-39.82351,-4.21199],[-39.82875,-4.20717],[-39.82772,-4.20283],[-39.81961,-4.18382],[-39.81016,-4.1883]]]}},{"type":"Feature","properties":{"nome_proje":"PA SALVAÇAO VIDA NOVA"},"geometry":{"type":"Polygon","coordinates":[[[-39.46661,-4.21282],[-39.42611,-4.23725],[-39.43467,-4.25466],[-39.45729,-4.24533],[-39.46306,-4.2524],[-39.49862,-4.23557],[-39.48592,-4.22841],[-39.47677,-4.23024],[-39.46708,-4.22701],[-39.46496,-4.2241],[-39.46661,-4.21282]]]}},{"type":"Feature","properties":{"nome_proje":"PA ROCILÂNDIA"},"geometry":{"type":"Polygon","coordinates":[[[-39.68357,-4.22222],[-39.67472,-4.2145],[-39.6654,-4.21411],[-39.66517,-4.2085],[-39.63531,-4.23489],[-39.64585,-4.24964],[-39.6753,-4.25847],[-39.68357,-4.22222]]]}},{"type":"Feature","properties":{"nome_proje":"PA BEM POSTA/PINTADA"},"geometry":{"type":"Polygon","coordinates":[[[-39.86757,-4.26096],[-39.90524,-4.25632],[-39.86626,-4.18973],[-39.85473,-4.19862],[-39.85445,-4.20279],[-39.83445,-4.20778],[-39.86757,-4.26096]]]}},{"type":"Feature","properties":{"nome_proje":"PA MARILÂNDIA"},"geometry":{"type":"Polygon","coordinates":[[[-39.4092,-4.21348],[-39.42605,-4.23722],[-39.44411,-4.22392],[-39.44381,-4.2131],[-39.45017,-4.21028],[-39.45102,-4.20384],[-39.40695,-4.19622],[-39.41016,-4.20251],[-39.4092,-4.21348]]]}},{"type":"Feature","properties":{"nome_proje":"PA JERIMUM"},"geometry":{"type":"Polygon","coordinates":[[[-39.6132,-4.23075],[-39.63504,-4.2257],[-39.63696,-4.2342],[-39.64754,-4.22545],[-39.63499,-4.18734],[-39.60674,-4.18464],[-39.6132,-4.23075]]]}},{"type":"Feature","properties":{"nome_proje":"PA PAPEL"},"geometry":{"type":"Polygon","coordinates":[[[-39.50176,-4.18934],[-39.50445,-4.23313],[-39.56306,-4.2028],[-39.56444,-4.19765],[-39.58525,-4.18705],[-39.58035,-4.1709],[-39.53682,-4.19347],[-39.53586,-4.18892],[-39.52067,-4.17472],[-39.53959,-4.1651],[-39.52835,-4.15556],[-39.51043,-4.16471],[-39.49844,-4.18165],[-39.50176,-4.18934]]]}},{"type":"Feature","properties":{"nome_proje":"PA CONCEIÇÃO"},"geometry":{"type":"MultiPolygon","coordinates":[[[[-39.75526,-4.13638],[-39.74255,-4.1098],[-39.73312,-4.10642],[-39.73614,-4.20287],[-39.73967,-4.21308],[-39.77564,-4.23156],[-39.7808,-4.22872],[-39.78002,-4.21981],[-39.7658,-4.21813],[-39.7744,-4.20222],[-39.78059,-4.20535],[-39.78915,-4.19333],[-39.7864,-4.18719],[-39.7754,-4.17873],[-39.77261,-4.17139],[-39.7438,-4.18112],[-39.74584,-4.17478],[-39.75085,-4.17319],[-39.74908,-4.16866],[-39.75815,-4.16042],[-39.75526,-4.13638]]],[[[-39.77557,-4.23201],[-39.76665,-4.22839],[-39.73982,-4.21351],[-39.75326,-4.25257],[-39.76192,-4.24912],[-39.77557,-4.23201]]]]}},{"type":"Feature","properties":{"nome_proje":"PA GAMELEIRA DO MIMBO"},"geometry":{"type":"Polygon","coordinates":[[[-42.44857,-6.74219],[-42.47322,-6.75536],[-42.46824,-6.72905],[-42.47064,-6.69123],[-42.40525,-6.65759],[-42.37307,-6.68552],[-42.38645,-6.76982],[-42.42489,-6.76062],[-42.44857,-6.74219]]]}},{"type":"Feature","properties":{"nome_proje":"PA CHAPADA DA CONCEIÇÃO"},"geometry":{"type":"Polygon","coordinates":[[[-42.81055,-6.592],[-42.85941,-6.59665],[-42.84716,-6.55317],[-42.82011,-6.57065],[-42.80522,-6.5457],[-42.80918,-6.54196],[-42.79987,-6.54114],[-42.81055,-6.592]]]}},{"type":"Feature","properties":{"nome_proje":"PA OLHO  D ÁGUA TABULEIRÃO"},"geometry":{"type":"Polygon","coordinates":[[[-42.79374,-6.54016],[-42.81283,-6.54094],[-42.80903,-6.53223],[-42.81218,-6.51334],[-42.80219,-6.51817],[-42.79374,-6.54016]]]}},{"type":"Feature","properties":{"nome_proje":"PA SALOBRO"},"geometry":{"type":"MultiPolygon","coordinates":[[[[-42.74639,-6.4397],[-42.7575,-6.44152],[-42.7978,-6.43562],[-42.79719,-6.43118],[-42.7874,-6.43097],[-42.78317,-6.42474],[-42.78414,-6.42055],[-42.76929,-6.42019],[-42.76682,-6.42679],[-42.75527,-6.41838],[-42.75278,-6.40738],[-42.75798,-6.39294],[-42.74971,-6.38294],[-42.75203,-6.37284],[-42.74874,-6.37137],[-42.74867,-6.40687],[-42.75304,-6.41929],[-42.76122,-6.42788],[-42.76162,-6.43644],[-42.75041,-6.43891],[-42.73992,-6.42272],[-42.73575,-6.4215],[-42.73002,-6.42475],[-42.74639,-6.4397]]],[[[-42.78695,-6.41446],[-42.78468,-6.41805],[-42.78489,-6.41894],[-42.78695,-6.41446]]]]}},{"type":"Feature","properties":{"nome_proje":"PAQ QUILOMBOLA/MIMBÓ"},"geometry":{"type":"MultiPolygon","coordinates":[[[[-42.79024,-6.47387],[-42.79418,-6.47408],[-42.80127,-6.45899],[-42.79722,-6.45201],[-42.79766,-6.44604],[-42.78693,-6.44683],[-42.78688,-6.4418],[-42.79801,-6.44293],[-42.79803,-6.43558],[-42.7575,-6.44153],[-42.79024,-6.47387]]],[[[-42.79868,-6.43548],[-42.79996,-6.43385],[-42.80046,-6.42772],[-42.79831,-6.43074],[-42.79868,-6.43548]]],[[[-42.78722,-6.38431],[-42.78798,-6.38424],[-42.7887,-6.37932],[-42.78722,-6.38431]]]]}},{"type":"Feature","properties":{"nome_proje":"PA ARARINHA"},"geometry":{"type":"MultiPolygon","coordinates":[[[[-42.80271,-6.42419],[-42.80675,-6.42142],[-42.80664,-6.41591],[-42.80294,-6.41975],[-42.80011,-6.4325],[-42.80271,-6.42419]]],[[[-42.81542,-6.41337],[-42.81937,-6.41004],[-42.81064,-6.4133],[-42.81542,-6.41337]]],[[[-42.82381,-6.41135],[-42.82932,-6.4122],[-42.8431,-6.39604],[-42.83836,-6.39531],[-42.83566,-6.4039],[-42.82381,-6.41135]]]]}},{"type":"Feature","properties":{"nome_proje":"PA ARARAS"},"geometry":{"type":"Polygon","coordinates":[[[-42.84272,-6.39598],[-42.84262,-6.39254],[-42.8426,-6.38917],[-42.83836,-6.39531],[-42.84272,-6.39598]]]}},{"type":"Feature","properties":{"nome_proje":"PA IRMÃ DOROTHY"},"geometry":{"type":"Polygon","coordinates":[[[-37.74344,-10.98995],[-37.74283,-10.99412],[-37.75289,-11.00374],[-37.75627,-10.99205],[-37.76817,-10.98271],[-37.76099,-10.97468],[-37.73785,-10.9907],[-37.74344,-10.98995]]]}},{"type":"Feature","properties":{"nome_proje":"PA JOSÉ GOMES DA SILVA"},"geometry":{"type":"Polygon","coordinates":[[[-37.7315,-10.94656],[-37.73891,-10.94422],[-37.74578,-10.91624],[-37.74476,-10.90392],[-37.73789,-10.9065],[-37.73854,-10.91399],[-37.73314,-10.91843],[-37.73761,-10.9237],[-37.71942,-10.93589],[-37.7315,-10.94656]]]}},{"type":"Feature","properties":{"nome_proje":"PA TAPERA"},"geometry":{"type":"Polygon","coordinates":[[[-37.64982,-10.89602],[-37.65517,-10.90415],[-37.65791,-10.89489],[-37.65601,-10.89272],[-37.65878,-10.89147],[-37.65053,-10.87181],[-37.63998,-10.86187],[-37.63315,-10.84911],[-37.61723,-10.86255],[-37.64548,-10.89753],[-37.64982,-10.89602]]]}},{"type":"Feature","properties":{"nome_proje":"PA ANTÔNIO CONSELHEIRO"},"geometry":{"type":"Polygon","coordinates":[[[-37.6365,-10.84993],[-37.63991,-10.86184],[-37.65046,-10.87178],[-37.65871,-10.89144],[-37.66374,-10.88287],[-37.65567,-10.86958],[-37.65968,-10.86794],[-37.66578,-10.87773],[-37.67034,-10.87087],[-37.67165,-10.87429],[-37.67988,-10.87089],[-37.67651,-10.86693],[-37.67391,-10.86859],[-37.67381,-10.86276],[-37.66334,-10.86616],[-37.65204,-10.845],[-37.6365,-10.84993]]]}},{"type":"Feature","properties":{"nome_proje":"PA CAMILO TORRES"},"geometry":{"type":"Polygon","coordinates":[[[-37.61903,-10.85978],[-37.61526,-10.84614],[-37.60752,-10.84681],[-37.59737,-10.85378],[-37.59405,-10.84624],[-37.58801,-10.84746],[-37.59021,-10.86453],[-37.60054,-10.87257],[-37.60667,-10.86637],[-37.61315,-10.87358],[-37.61637,-10.87184],[-37.61864,-10.86987],[-37.61262,-10.86369],[-37.60372,-10.86075],[-37.60959,-10.85834],[-37.61715,-10.86252],[-37.61903,-10.85978]]]}},{"type":"Feature","properties":{"nome_proje":"PA KARL MARX"},"geometry":{"type":"Polygon","coordinates":[[[-37.58045,-10.83663],[-37.56895,-10.83833],[-37.57059,-10.84551],[-37.56044,-10.85384],[-37.56653,-10.87016],[-37.57226,-10.8762],[-37.59234,-10.86753],[-37.5835,-10.83979],[-37.58045,-10.83663]]]}},{"type":"Feature","properties":{"nome_proje":"PA ROSELI NUNES I"},"geometry":{"type":"Polygon","coordinates":[[[-37.66538,-10.86743],[-37.67909,-10.85669],[-37.6806,-10.84461],[-37.67857,-10.83027],[-37.68242,-10.82689],[-37.67696,-10.81736],[-37.65301,-10.8271],[-37.64684,-10.82483],[-37.65918,-10.86067],[-37.66538,-10.86743]]]}},{"type":"Feature","properties":{"nome_proje":"PA MARTIRES DE ELDORADO"},"geometry":{"type":"Polygon","coordinates":[[[-37.60813,-10.81397],[-37.60061,-10.81459],[-37.59543,-10.82573],[-37.58874,-10.82973],[-37.59238,-10.83336],[-37.59456,-10.85112],[-37.59744,-10.8538],[-37.60759,-10.84684],[-37.61894,-10.84665],[-37.61421,-10.84074],[-37.61924,-10.81964],[-37.61247,-10.8165],[-37.60727,-10.82003],[-37.60813,-10.81397]]]}},{"type":"Feature","properties":{"nome_proje":"PA TIRADENTES"},"geometry":{"type":"MultiPolygon","coordinates":[[[[-37.61278,-10.80344],[-37.60579,-10.81898],[-37.61316,-10.81638],[-37.61535,-10.81985],[-37.61909,-10.81931],[-37.61937,-10.82294],[-37.62191,-10.82192],[-37.62532,-10.82108],[-37.621,-10.80493],[-37.61278,-10.80344]]],[[[-37.61629,-10.82429],[-37.61446,-10.8411],[-37.61835,-10.84514],[-37.62635,-10.84661],[-37.62506,-10.84386],[-37.62668,-10.83786],[-37.62029,-10.82948],[-37.62032,-10.82263],[-37.61629,-10.82429]]],[[[-37.62535,-10.82117],[-37.6204,-10.82257],[-37.6204,-10.82946],[-37.62679,-10.83786],[-37.62515,-10.84385],[-37.63032,-10.85355],[-37.63281,-10.84931],[-37.63564,-10.84975],[-37.63488,-10.8461],[-37.63002,-10.8266],[-37.62584,-10.82618],[-37.62535,-10.82117]]]]}},{"type":"Feature","properties":{"nome_proje":"PA CLEOMAR BRANDI"},"geometry":{"type":"Polygon","coordinates":[[[-37.65774,-10.71429],[-37.65219,-10.72184],[-37.65659,-10.71984],[-37.65831,-10.72226],[-37.6548,-10.72456],[-37.65815,-10.72921],[-37.65668,-10.73173],[-37.68359,-10.75421],[-37.68676,-10.75182],[-37.68331,-10.74611],[-37.6705,-10.73049],[-37.66738,-10.73448],[-37.66785,-10.72382],[-37.65774,-10.71429]]]}},{"type":"Feature","properties":{"nome_proje":"PA ZUMBI DOS PALMARES"},"geometry":{"type":"Polygon","coordinates":[[[-37.65208,-10.67358],[-37.63467,-10.68709],[-37.63243,-10.68231],[-37.62465,-10.68763],[-37.61789,-10.67511],[-37.60995,-10.68112],[-37.62108,-10.69194],[-37.61742,-10.69234],[-37.62218,-10.69786],[-37.62261,-10.70673],[-37.63749,-10.71301],[-37.64567,-10.71043],[-37.64214,-10.69975],[-37.64614,-10.69568],[-37.65064,-10.70528],[-37.66205,-10.71753],[-37.66926,-10.70778],[-37.67762,-10.71566],[-37.68364,-10.71149],[-37.68321,-10.70628],[-37.67381,-10.70333],[-37.67725,-10.69626],[-37.67264,-10.69565],[-37.67333,-10.69304],[-37.65208,-10.67358]]]}},{"type":"Feature","properties":{"nome_proje":"PA SÃO JOSÉ DA QUIXABEIRA"},"geometry":{"type":"Polygon","coordinates":[[[-37.67189,-10.66226],[-37.65013,-10.67062],[-37.66343,-10.68641],[-37.67353,-10.69286],[-37.67265,-10.69503],[-37.68329,-10.69582],[-37.68602,-10.69213],[-37.68185,-10.68622],[-37.69208,-10.67861],[-37.68392,-10.6757],[-37.67189,-10.66226]]]}},{"type":"Feature","properties":{"nome_proje":"PA OITO DE OUTUBRO"},"geometry":{"type":"Polygon","coordinates":[[[-37.75378,-10.6778],[-37.76433,-10.66952],[-37.75524,-10.64711],[-37.76184,-10.64153],[-37.75826,-10.63401],[-37.75934,-10.62655],[-37.7526,-10.62494],[-37.75076,-10.6206],[-37.73983,-10.6323],[-37.73103,-10.63041],[-37.72365,-10.63251],[-37.72932,-10.64756],[-37.74355,-10.64281],[-37.74605,-10.65083],[-37.73358,-10.65584],[-37.75733,-10.7058],[-37.7626,-10.70157],[-37.76166,-10.69818],[-37.76366,-10.70063],[-37.7725,-10.68976],[-37.76931,-10.6817],[-37.75765,-10.68921],[-37.75378,-10.6778]]]}},{"type":"Feature","properties":{"nome_proje":"PA 27 DE OUTUBRO"},"geometry":{"type":"Polygon","coordinates":[[[-37.70178,-10.64177],[-37.69345,-10.63967],[-37.70858,-10.66329],[-37.71686,-10.66865],[-37.73265,-10.65438],[-37.72548,-10.63721],[-37.72383,-10.64152],[-37.71575,-10.64566],[-37.70571,-10.63308],[-37.70178,-10.64177]]]}},{"type":"Feature","properties":{"nome_proje":"PA VAZA BARRIS"},"geometry":{"type":"Polygon","coordinates":[[[-37.72976,-10.61199],[-37.73157,-10.63001],[-37.73931,-10.6324],[-37.74994,-10.62066],[-37.75458,-10.62357],[-37.76678,-10.6184],[-37.76689,-10.60612],[-37.77468,-10.60095],[-37.77318,-10.5959],[-37.76975,-10.59136],[-37.74014,-10.59731],[-37.74106,-10.60585],[-37.72976,-10.61199]]]}},{"type":"Feature","properties":{"nome_proje":"PA JACINTO FERREIRA"},"geometry":{"type":"Polygon","coordinates":[[[-37.7243,-10.40703],[-37.71883,-10.41035],[-37.71559,-10.40883],[-37.71917,-10.41493],[-37.72759,-10.40969],[-37.7243,-10.40703]]]}},{"type":"Feature","properties":{"nome_proje":"PA EDIMILSON OLIVEIRA"},"geometry":{"type":"Polygon","coordinates":[[[-37.66313,-10.356],[-37.66226,-10.35139],[-37.66905,-10.3497],[-37.66995,-10.34127],[-37.65797,-10.33419],[-37.66411,-10.33033],[-37.66478,-10.33278],[-37.66933,-10.33186],[-37.65571,-10.31666],[-37.65272,-10.32293],[-37.64253,-10.32771],[-37.64082,-10.33465],[-37.64399,-10.33669],[-37.64014,-10.34013],[-37.65307,-10.35345],[-37.65669,-10.35222],[-37.66313,-10.356]]]}},{"type":"Feature","properties":{"nome_proje":"PA ADAO PRETO"},"geometry":{"type":"Polygon","coordinates":[[[-37.48988,-10.32169],[-37.49035,-10.33354],[-37.49619,-10.33446],[-37.50599,-10.31523],[-37.50623,-10.29982],[-37.51624,-10.29375],[-37.51478,-10.29011],[-37.51756,-10.2861],[-37.51664,-10.2826],[-37.51128,-10.282],[-37.51163,-10.27651],[-37.5152,-10.27479],[-37.51389,-10.26953],[-37.50672,-10.27087],[-37.50117,-10.26391],[-37.50077,-10.2572],[-37.49698,-10.25571],[-37.4933,-10.25732],[-37.49041,-10.26636],[-37.47988,-10.27416],[-37.48178,-10.27623],[-37.46865,-10.28119],[-37.47052,-10.29049],[-37.4731,-10.28772],[-37.48123,-10.29377],[-37.46713,-10.30779],[-37.47164,-10.31143],[-37.47212,-10.31805],[-37.48988,-10.32169]]]}},{"type":"Feature","properties":{"nome_proje":"PA NOSSA SENHORA DA BOA HORA"},"geometry":{"type":"Polygon","coordinates":[[[-37.64112,-10.20403],[-37.63268,-10.20025],[-37.63168,-10.21073],[-37.64026,-10.23332],[-37.65075,-10.22134],[-37.64772,-10.20311],[-37.64618,-10.20118],[-37.64112,-10.20403]]]}},{"type":"Feature","properties":{"nome_proje":"PA NOVA ESPERANCA II"},"geometry":{"type":"Polygon","coordinates":[[[-37.72663,-10.19034],[-37.72526,-10.20417],[-37.72939,-10.20457],[-37.7395,-10.19591],[-37.72663,-10.19034]]]}},{"type":"Feature","properties":{"nome_proje":"PA PARAÍSO DE SÃO PEDRO"},"geometry":{"type":"Polygon","coordinates":[[[-37.36123,-10.3866],[-37.36546,-10.38397],[-37.3531,-10.37569],[-37.34653,-10.37486],[-37.34093,-10.36373],[-37.31684,-10.37304],[-37.33174,-10.37796],[-37.34126,-10.37716],[-37.35037,-10.38381],[-37.36123,-10.3866]]]}},{"type":"Feature","properties":{"nome_proje":"PA JOSE FELIX DE SÁ"},"geometry":{"type":"Polygon","coordinates":[[[-37.08318,-10.27757],[-37.07505,-10.27409],[-37.07348,-10.27619],[-37.07861,-10.28857],[-37.07701,-10.29064],[-37.08389,-10.28391],[-37.08318,-10.27757]]]}},{"type":"Feature","properties":{"nome_proje":"PA NOVO PARAISO II"},"geometry":{"type":"Polygon","coordinates":[[[-37.22288,-10.16347],[-37.21382,-10.17075],[-37.20992,-10.17983],[-37.20765,-10.1867],[-37.21036,-10.19076],[-37.21761,-10.18443],[-37.21604,-10.1726],[-37.22577,-10.16535],[-37.22288,-10.16347]]]}},{"type":"Feature","properties":{"nome_proje":"PA ZÉ EMIDIO"},"geometry":{"type":"Polygon","coordinates":[[[-37.35802,-10.14163],[-37.35276,-10.13758],[-37.35425,-10.13452],[-37.35019,-10.13482],[-37.34347,-10.14316],[-37.3483,-10.14735],[-37.34688,-10.15114],[-37.34025,-10.15526],[-37.34736,-10.1619],[-37.34388,-10.17007],[-37.34811,-10.16839],[-37.35049,-10.17508],[-37.36507,-10.16508],[-37.37109,-10.1505],[-37.37168,-10.14141],[-37.35802,-10.14163]]]}},{"type":"Feature","properties":{"nome_proje":"PA SEGUIDORES DE CANUDOS"},"geometry":{"type":"Polygon","coordinates":[[[-37.17964,-10.09449],[-37.18608,-10.10338],[-37.18175,-10.10833],[-37.18653,-10.1109],[-37.18576,-10.11309],[-37.19909,-10.11463],[-37.20134,-10.11154],[-37.19864,-10.10109],[-37.1913,-10.09832],[-37.18696,-10.1009],[-37.18431,-10.09477],[-37.17964,-10.09449]]]}},{"type":"Feature","properties":{"nome_proje":"PA CACHOEIRINHA"},"geometry":{"type":"Polygon","coordinates":[[[-37.35876,-10.11179],[-37.37473,-10.09739],[-37.38332,-10.09482],[-37.38189,-10.08524],[-37.37593,-10.07909],[-37.36595,-10.08392],[-37.35502,-10.07245],[-37.35454,-10.06503],[-37.34635,-10.06651],[-37.33829,-10.07466],[-37.32801,-10.07578],[-37.3212,-10.06857],[-37.32404,-10.07672],[-37.31353,-10.08189],[-37.31548,-10.08375],[-37.31294,-10.08616],[-37.32446,-10.11868],[-37.33144,-10.12065],[-37.33838,-10.11182],[-37.35137,-10.10742],[-37.35876,-10.11179]]]}},{"type":"Feature","properties":{"nome_proje":"PA SEPE-TIARAJU"},"geometry":{"type":"Polygon","coordinates":[[[-37.23305,-10.07374],[-37.23113,-10.07651],[-37.22593,-10.07477],[-37.21371,-10.0783],[-37.20892,-10.08446],[-37.20568,-10.07939],[-37.19909,-10.08078],[-37.19824,-10.07649],[-37.19311,-10.07517],[-37.19345,-10.07903],[-37.18451,-10.08608],[-37.18426,-10.09469],[-37.19192,-10.08306],[-37.19665,-10.08799],[-37.20586,-10.08376],[-37.20925,-10.08868],[-37.20553,-10.09223],[-37.2061,-10.09616],[-37.21436,-10.0937],[-37.21823,-10.08413],[-37.22475,-10.08563],[-37.23752,-10.08154],[-37.23707,-10.0766],[-37.23305,-10.07374]]]}},{"type":"Feature","properties":{"nome_proje":"PA JOSÉ RIBAMAR"},"geometry":{"type":"Polygon","coordinates":[[[-37.42922,-10.06465],[-37.4236,-10.07209],[-37.41054,-10.07946],[-37.41401,-10.08759],[-37.41843,-10.08674],[-37.41552,-10.09182],[-37.42457,-10.0941],[-37.4227,-10.09959],[-37.42543,-10.10174],[-37.43271,-10.09637],[-37.42679,-10.08952],[-37.43339,-10.08454],[-37.44008,-10.09059],[-37.44904,-10.08805],[-37.4519,-10.07873],[-37.44986,-10.06893],[-37.4424,-10.07543],[-37.43574,-10.07213],[-37.42882,-10.07705],[-37.42922,-10.06465]]]}},{"type":"Feature","properties":{"nome_proje":"PA LUIZ CARLOS PRESTES"},"geometry":{"type":"Polygon","coordinates":[[[-37.75402,-10.49765],[-37.76064,-10.50258],[-37.76549,-10.50014],[-37.76518,-10.49463],[-37.79401,-10.48604],[-37.79727,-10.47324],[-37.75571,-10.4835],[-37.75202,-10.50221],[-37.75402,-10.49765]]]}},{"type":"Feature","properties":{"nome_proje":"PA SAO JOSE DO GRAVATA"},"geometry":{"type":"Polygon","coordinates":[[[-38.01714,-10.47494],[-38.00586,-10.47346],[-37.99555,-10.48055],[-37.99891,-10.49314],[-38.0155,-10.49244],[-38.03346,-10.487],[-38.01714,-10.47494]]]}},{"type":"Feature","properties":{"nome_proje":"PA SANTA LUZIA DO MARITÁ"},"geometry":{"type":"Polygon","coordinates":[[[-37.91415,-10.44172],[-37.93747,-10.46295],[-37.95188,-10.46261],[-37.95825,-10.46699],[-37.96115,-10.46372],[-37.96117,-10.45655],[-37.94649,-10.45492],[-37.94289,-10.44518],[-37.93211,-10.4477],[-37.93102,-10.4444],[-37.92808,-10.44551],[-37.92465,-10.44142],[-37.9235,-10.44376],[-37.92251,-10.43963],[-37.91812,-10.4383],[-37.91415,-10.44172]]]}},{"type":"Feature","properties":{"nome_proje":"PA SANTO ANTÔNIO"},"geometry":{"type":"Polygon","coordinates":[[[-38.00054,-10.41377],[-37.98414,-10.42915],[-38.00185,-10.44944],[-38.01311,-10.44092],[-38.01385,-10.44472],[-38.01694,-10.44371],[-38.02102,-10.44743],[-38.00871,-10.42039],[-38.00054,-10.41377]]]}},{"type":"Feature","properties":{"nome_proje":"PA PORTEIRAS"},"geometry":{"type":"Polygon","coordinates":[[[-37.96963,-10.38885],[-37.95944,-10.39977],[-37.98414,-10.42915],[-38.00054,-10.41377],[-37.99082,-10.40859],[-37.98273,-10.39949],[-37.97717,-10.40007],[-37.97876,-10.38764],[-37.97304,-10.3777],[-37.96963,-10.38885]]]}},{"type":"Feature","properties":{"nome_proje":"PA MANOEL MARTINHO"},"geometry":{"type":"Polygon","coordinates":[[[-37.76823,-10.41013],[-37.77669,-10.37699],[-37.73902,-10.37846],[-37.74434,-10.38885],[-37.74794,-10.38851],[-37.74463,-10.39841],[-37.74648,-10.41081],[-37.75983,-10.40625],[-37.76823,-10.41013]]]}},{"type":"Feature","properties":{"nome_proje":"PA ROMPE GIBAO"},"geometry":{"type":"MultiPolygon","coordinates":[[[[-38.04453,-10.31058],[-38.02033,-10.32238],[-38.02076,-10.32556],[-38.00552,-10.32747],[-38.00634,-10.32781],[-38.00733,-10.32871],[-38.00942,-10.33301],[-38.00973,-10.334],[-38.0098,-10.33506],[-38.00866,-10.34018],[-38.01812,-10.35328],[-38.02289,-10.36283],[-38.03487,-10.36484],[-38.03932,-10.37087],[-38.04144,-10.36576],[-38.05326,-10.3687],[-38.06,-10.36056],[-38.05695,-10.3607],[-38.04141,-10.33746],[-38.04758,-10.32852],[-38.04535,-10.32084],[-38.0501,-10.31836],[-38.04453,-10.31058]],[[-38.01078,-10.33652],[-38.01405,-10.33629],[-38.01426,-10.34035],[-38.01078,-10.33652]]],[[[-38.00389,-10.3258],[-37.98956,-10.33838],[-37.9946,-10.34523],[-37.97226,-10.34666],[-37.97037,-10.36309],[-37.97398,-10.37748],[-37.99658,-10.36849],[-37.99572,-10.38065],[-38.01203,-10.36494],[-38.00856,-10.35388],[-38.01443,-10.34919],[-38.00856,-10.34021],[-38.00932,-10.33306],[-38.00389,-10.3258]]]]}},{"type":"Feature","properties":{"nome_proje":"PA NOSSA SENHORA APARECIDA I"},"geometry":{"type":"Polygon","coordinates":[[[-37.7994,-10.22107],[-37.80603,-10.21181],[-37.79639,-10.21418],[-37.78655,-10.21921],[-37.78959,-10.23486],[-37.79735,-10.23219],[-37.7994,-10.22107]]]}},{"type":"Feature","properties":{"nome_proje":"PA FORTALEZA"},"geometry":{"type":"Polygon","coordinates":[[[-37.7584,-10.13867],[-37.76418,-10.14599],[-37.74798,-10.15794],[-37.74876,-10.1619],[-37.75609,-10.17379],[-37.77383,-10.19164],[-37.78281,-10.19048],[-37.78298,-10.17658],[-37.77631,-10.14687],[-37.76361,-10.13506],[-37.7584,-10.13867]]]}},{"type":"Feature","properties":{"nome_proje":"PA NOSSA SENHORA APARECIDA"},"geometry":{"type":"Polygon","coordinates":[[[-37.77084,-10.12207],[-37.76353,-10.13496],[-37.77382,-10.14402],[-37.78016,-10.13007],[-37.80214,-10.10641],[-37.79898,-10.09538],[-37.78941,-10.09886],[-37.78229,-10.10974],[-37.782,-10.11683],[-37.77084,-10.12207]]]}},{"type":"Feature","properties":{"nome_proje":"PA SÄO CRISTOVÄO"},"geometry":{"type":"Polygon","coordinates":[[[-37.70569,-10.18121],[-37.70314,-10.17284],[-37.69823,-10.17551],[-37.69203,-10.16824],[-37.7024,-10.18753],[-37.70075,-10.19296],[-37.70637,-10.19171],[-37.69751,-10.20298],[-37.69572,-10.19422],[-37.68192,-10.20962],[-37.67723,-10.20693],[-37.68181,-10.21462],[-37.68496,-10.21219],[-37.68236,-10.21116],[-37.68533,-10.21172],[-37.69121,-10.22796],[-37.69873,-10.22334],[-37.68825,-10.2125],[-37.70525,-10.21256],[-37.70419,-10.22151],[-37.71008,-10.22408],[-37.71298,-10.22231],[-37.71206,-10.21918],[-37.71802,-10.21636],[-37.7175,-10.20682],[-37.72205,-10.20578],[-37.72154,-10.20295],[-37.71373,-10.20133],[-37.71436,-10.18993],[-37.70996,-10.18245],[-37.71281,-10.18189],[-37.7117,-10.17758],[-37.70707,-10.18612],[-37.70257,-10.18447],[-37.70191,-10.18128],[-37.70569,-10.18121]]]}},{"type":"Feature","properties":{"nome_proje":"PA JOÃO DO VALE"},"geometry":{"type":"Polygon","coordinates":[[[-37.55164,-10.18474],[-37.54183,-10.18634],[-37.54359,-10.19949],[-37.55263,-10.20329],[-37.55385,-10.20859],[-37.56626,-10.20833],[-37.56489,-10.20093],[-37.57331,-10.19666],[-37.56726,-10.1871],[-37.5547,-10.18742],[-37.55164,-10.18474]]]}},{"type":"Feature","properties":{"nome_proje":"PA NOSSA SENHORA DA GLÓRIA"},"geometry":{"type":"Polygon","coordinates":[[[-37.7584,-10.13867],[-37.74395,-10.14765],[-37.74237,-10.14254],[-37.73487,-10.14629],[-37.74396,-10.16757],[-37.74026,-10.17216],[-37.74626,-10.17868],[-37.75746,-10.17519],[-37.74798,-10.15794],[-37.76418,-10.14599],[-37.7584,-10.13867]]]}},{"type":"Feature","properties":{"nome_proje":"PA LUIZ BELTRANO"},"geometry":{"type":"Polygon","coordinates":[[[-37.69087,-10.1484],[-37.6673,-10.12572],[-37.66402,-10.12807],[-37.66326,-10.13945],[-37.65473,-10.14539],[-37.66641,-10.15252],[-37.69087,-10.1484]]]}},{"type":"Feature","properties":{"nome_proje":"PA NOVA ALEGRIA"},"geometry":{"type":"Polygon","coordinates":[[[-37.65124,-10.09974],[-37.64945,-10.10982],[-37.64582,-10.11059],[-37.64715,-10.11908],[-37.63914,-10.11973],[-37.64183,-10.13602],[-37.6492,-10.12342],[-37.66447,-10.11794],[-37.66398,-10.11274],[-37.66741,-10.10994],[-37.66642,-10.10493],[-37.65927,-10.10661],[-37.65124,-10.09974]]]}},{"type":"Feature","properties":{"nome_proje":"PA BOM JARDIM"},"geometry":{"type":"Polygon","coordinates":[[[-37.68225,-10.12274],[-37.691,-10.12406],[-37.6984,-10.11886],[-37.69504,-10.10952],[-37.69211,-10.10992],[-37.69205,-10.10216],[-37.68383,-10.10248],[-37.6833,-10.11456],[-37.6694,-10.1182],[-37.66463,-10.11535],[-37.65873,-10.11938],[-37.66171,-10.12804],[-37.68225,-10.12274]]]}},{"type":"Feature","properties":{"nome_proje":"PA PRIMEIRO DE MAIO"},"geometry":{"type":"Polygon","coordinates":[[[-37.72393,-10.10381],[-37.72559,-10.10155],[-37.72175,-10.1],[-37.7064,-10.09779],[-37.70585,-10.092],[-37.69914,-10.09615],[-37.7007,-10.10296],[-37.70463,-10.10263],[-37.70873,-10.10953],[-37.70633,-10.11148],[-37.7078,-10.12164],[-37.7144,-10.1252],[-37.72146,-10.12487],[-37.73225,-10.11019],[-37.72393,-10.10381]]]}},{"type":"Feature","properties":{"nome_proje":"PA RAIMUNDO MONTEIRO DA SILVA"},"geometry":{"type":"Polygon","coordinates":[[[-37.71646,-10.07291],[-37.70604,-10.077],[-37.70957,-10.08555],[-37.70329,-10.0862],[-37.70903,-10.09885],[-37.71934,-10.10036],[-37.72587,-10.09052],[-37.73617,-10.09099],[-37.73359,-10.08051],[-37.71801,-10.08022],[-37.71646,-10.07291]]]}},{"type":"Feature","properties":{"nome_proje":"PA RAIMUNDO MONTEIRO I"},"geometry":{"type":"Polygon","coordinates":[[[-37.7203,-10.0796],[-37.72991,-10.06796],[-37.7313,-10.05895],[-37.71815,-10.06924],[-37.71757,-10.07863],[-37.7203,-10.0796]]]}},{"type":"Feature","properties":{"nome_proje":"PA UNIÃO DOS CONSELHEIROS"},"geometry":{"type":"Polygon","coordinates":[[[-37.65652,-10.04638],[-37.64224,-10.052],[-37.64467,-10.06115],[-37.63734,-10.06122],[-37.63516,-10.06799],[-37.63807,-10.07238],[-37.66065,-10.07354],[-37.66497,-10.06104],[-37.65652,-10.04638]]]}},{"type":"Feature","properties":{"nome_proje":"PA SÃO JOÃO BATISTA"},"geometry":{"type":"Polygon","coordinates":[[[-36.94208,-10.23329],[-36.92113,-10.2454],[-36.91291,-10.24346],[-36.91148,-10.24674],[-36.92303,-10.24915],[-36.93994,-10.24461],[-36.9431,-10.23909],[-36.94208,-10.23329]]]}},{"type":"Feature","properties":{"nome_proje":"PA BORDA DA MATA"},"geometry":{"type":"Polygon","coordinates":[[[-36.97071,-10.11639],[-36.97465,-10.10572],[-36.97211,-10.10413],[-36.97493,-10.10009],[-36.96886,-10.09811],[-36.97763,-10.09186],[-36.96321,-10.07521],[-36.95476,-10.07311],[-36.93647,-10.11033],[-36.94671,-10.11412],[-36.9496,-10.10812],[-36.95207,-10.11082],[-36.96074,-10.1065],[-36.97071,-10.11639]]]}},{"type":"Feature","properties":{"nome_proje":"PA MARCAÇÃO"},"geometry":{"type":"Polygon","coordinates":[[[-36.9512,-9.93341],[-36.94409,-9.94237],[-36.94759,-9.94226],[-36.94977,-9.9479],[-36.94184,-9.9506],[-36.9547,-9.97573],[-36.96168,-9.97396],[-36.96798,-9.98504],[-36.97996,-9.97346],[-36.96232,-9.92756],[-36.9512,-9.93341]]]}},{"type":"Feature","properties":{"nome_proje":"PA SÍTIO NOVO"},"geometry":{"type":"Polygon","coordinates":[[[-36.92725,-9.92051],[-36.93813,-9.93653],[-36.92253,-9.944],[-36.92499,-9.9467],[-36.91774,-9.95138],[-36.92047,-9.95398],[-36.92514,-9.95505],[-36.92706,-9.9521],[-36.92916,-9.9555],[-36.93958,-9.95244],[-36.93314,-9.94846],[-36.94409,-9.94237],[-36.95216,-9.92985],[-36.95022,-9.92712],[-36.94366,-9.93057],[-36.93152,-9.91568],[-36.92725,-9.92051]]]}},{"type":"Feature","properties":{"nome_proje":"PA PARANÁ"},"geometry":{"type":"Polygon","coordinates":[[[-36.95028,-9.84507],[-36.94794,-9.83826],[-36.94125,-9.83284],[-36.93334,-9.83767],[-36.93345,-9.84046],[-36.92488,-9.84017],[-36.90879,-9.83809],[-36.89869,-9.83484],[-36.89624,-9.831],[-36.86859,-9.84785],[-36.87178,-9.8574],[-36.87466,-9.85365],[-36.90304,-9.84883],[-36.90767,-9.85646],[-36.91466,-9.8564],[-36.91964,-9.85557],[-36.92026,-9.85106],[-36.94054,-9.85155],[-36.93978,-9.85356],[-36.94988,-9.85118],[-36.9469,-9.84702],[-36.95028,-9.84507]]]}},{"type":"Feature","properties":{"nome_proje":"PA RIACHÃO"},"geometry":{"type":"Polygon","coordinates":[[[-36.96144,-9.77955],[-36.96655,-9.76738],[-36.95778,-9.75244],[-36.95403,-9.75218],[-36.94813,-9.7563],[-36.94818,-9.76429],[-36.94301,-9.77532],[-36.94958,-9.78293],[-36.96144,-9.77955]]]}},{"type":"Feature","properties":{"nome_proje":"PA SANTA ISABEL"},"geometry":{"type":"Polygon","coordinates":[[[-36.76974,-9.7723],[-36.7608,-9.75469],[-36.76665,-9.75497],[-36.76406,-9.74367],[-36.76217,-9.74473],[-36.76108,-9.74078],[-36.75602,-9.74225],[-36.75423,-9.75799],[-36.75792,-9.76477],[-36.76062,-9.76384],[-36.76709,-9.77741],[-36.76974,-9.7723]]]}},{"type":"Feature","properties":{"nome_proje":"PA MARIA VITORIA"},"geometry":{"type":"Polygon","coordinates":[[[-37.16688,-10.03053],[-37.15584,-10.02402],[-37.1559,-10.02111],[-37.14183,-10.02988],[-37.15066,-10.03848],[-37.15046,-10.04183],[-37.15941,-10.04216],[-37.16731,-10.03738],[-37.16688,-10.03053]]]}},{"type":"Feature","properties":{"nome_proje":"PA APOLONIO DE CARVALHO"},"geometry":{"type":"Polygon","coordinates":[[[-37.11998,-10.01653],[-37.11945,-10.02927],[-37.12185,-10.03261],[-37.13046,-10.02365],[-37.13038,-10.0171],[-37.11998,-10.01653]]]}},{"type":"Feature","properties":{"nome_proje":"PA EMILIA MARIA II"},"geometry":{"type":"Polygon","coordinates":[[[-37.4426,-10.01215],[-37.43401,-10.0159],[-37.43468,-10.02073],[-37.42181,-10.02905],[-37.42689,-10.03467],[-37.43259,-10.03362],[-37.44794,-10.02215],[-37.4426,-10.01215]]]}},{"type":"Feature","properties":{"nome_proje":"PA JOSENILTON ALVES II"},"geometry":{"type":"Polygon","coordinates":[[[-37.14977,-9.992],[-37.14751,-10.00388],[-37.13855,-10.01369],[-37.14004,-10.01685],[-37.14257,-10.01282],[-37.1503,-10.01342],[-37.15358,-10.00903],[-37.16175,-10.01099],[-37.16465,-10.00634],[-37.16254,-9.99523],[-37.14977,-9.992]]]}},{"type":"Feature","properties":{"nome_proje":"PA FLOR DA INDIA"},"geometry":{"type":"Polygon","coordinates":[[[-37.16069,-9.97436],[-37.14914,-9.97513],[-37.14882,-9.97794],[-37.15248,-9.98739],[-37.15705,-9.98658],[-37.15542,-9.99293],[-37.16253,-9.9952],[-37.16676,-9.98683],[-37.17469,-9.98541],[-37.17335,-9.97709],[-37.15957,-9.98294],[-37.16069,-9.97436]]]}},{"type":"Feature","properties":{"nome_proje":"PA NOVA ESPERANÇA"},"geometry":{"type":"Polygon","coordinates":[[[-37.20506,-9.90959],[-37.20775,-9.91542],[-37.19665,-9.92655],[-37.20396,-9.93476],[-37.20848,-9.93137],[-37.21004,-9.93827],[-37.21263,-9.93721],[-37.21546,-9.94213],[-37.21982,-9.93835],[-37.21657,-9.93375],[-37.2297,-9.92498],[-37.22774,-9.91875],[-37.22176,-9.91978],[-37.21941,-9.90409],[-37.21591,-9.90309],[-37.21253,-9.90781],[-37.20506,-9.90959]]]}},{"type":"Feature","properties":{"nome_proje":"PA ILHA DO OURO"},"geometry":{"type":"Polygon","coordinates":[[[-37.30127,-9.89864],[-37.30041,-9.89353],[-37.26136,-9.87319],[-37.26238,-9.87824],[-37.25534,-9.87805],[-37.24756,-9.89324],[-37.25595,-9.89931],[-37.2526,-9.91007],[-37.25544,-9.91067],[-37.30127,-9.89864]]]}},{"type":"Feature","properties":{"nome_proje":"PA JACOBINA V"},"geometry":{"type":"Polygon","coordinates":[[[-37.11195,-9.85682],[-37.10801,-9.85751],[-37.10716,-9.86508],[-37.13026,-9.91012],[-37.1384,-9.90308],[-37.1254,-9.89798],[-37.11195,-9.85682]]]}},{"type":"Feature","properties":{"nome_proje":"PA CHE GUEVARA/RIBEIRA I E II E SANTO ANTÔNIO"},"geometry":{"type":"Polygon","coordinates":[[[-37.03257,-9.87115],[-37.01843,-9.87627],[-37.01814,-9.88058],[-37.02125,-9.87925],[-37.02681,-9.88441],[-37.0351,-9.88371],[-37.03648,-9.87659],[-37.03257,-9.87115]]]}},{"type":"Feature","properties":{"nome_proje":"PA JACOBINA IV"},"geometry":{"type":"Polygon","coordinates":[[[-37.11315,-9.85667],[-37.1164,-9.87054],[-37.12507,-9.89726],[-37.12784,-9.89168],[-37.11774,-9.85678],[-37.11315,-9.85667]]]}},{"type":"Feature","properties":{"nome_proje":"PA PROVIDENCIA"},"geometry":{"type":"Polygon","coordinates":[[[-37.88187,-10.08769],[-37.87056,-10.09348],[-37.87471,-10.10219],[-37.86728,-10.1099],[-37.86063,-10.11173],[-37.85906,-10.11884],[-37.87055,-10.11197],[-37.86941,-10.10836],[-37.8896,-10.10311],[-37.88187,-10.08769]]]}},{"type":"Feature","properties":{"nome_proje":"PA CAMPO ALEGRE I"},"geometry":{"type":"Polygon","coordinates":[[[-37.8982,-10.08954],[-37.90313,-10.10081],[-37.92803,-10.09375],[-37.9356,-10.08777],[-37.93628,-10.09029],[-37.9325,-10.09064],[-37.93396,-10.09558],[-37.94743,-10.09292],[-37.94652,-10.08744],[-37.95558,-10.08398],[-37.9533,-10.07961],[-37.9639,-10.07028],[-37.96237,-10.0677],[-37.95324,-10.07276],[-37.94907,-10.06854],[-37.94272,-10.06828],[-37.94472,-10.07322],[-37.93874,-10.07352],[-37.93871,-10.08291],[-37.92872,-10.08618],[-37.92565,-10.07971],[-37.91827,-10.08032],[-37.91759,-10.07145],[-37.90798,-10.07675],[-37.909,-10.08669],[-37.8982,-10.08954]]]}},{"type":"Feature","properties":{"nome_proje":"PA NOVO SONHO"},"geometry":{"type":"Polygon","coordinates":[[[-37.84132,-9.99473],[-37.82323,-9.99765],[-37.81892,-10.00419],[-37.81439,-10.00072],[-37.8105,-10.00706],[-37.8148,-10.00815],[-37.81612,-10.00571],[-37.8192,-10.01376],[-37.82864,-10.01906],[-37.82053,-10.02056],[-37.82648,-10.02909],[-37.83109,-10.02591],[-37.8326,-10.01794],[-37.85989,-10.03136],[-37.85449,-9.98925],[-37.84774,-9.98923],[-37.84132,-9.99473]]]}},{"type":"Feature","properties":{"nome_proje":"PA BOM SUCESSO"},"geometry":{"type":"Polygon","coordinates":[[[-38.00422,-9.98315],[-38.0122,-9.98674],[-38.01926,-9.99396],[-38.03097,-9.99399],[-38.05888,-9.9806],[-38.01547,-9.94155],[-38.00471,-9.95536],[-38.0185,-9.97522],[-38.00422,-9.98315]]]}},{"type":"Feature","properties":{"nome_proje":"PA BONITO DAS UMBURANAS"},"geometry":{"type":"Polygon","coordinates":[[[-38.00368,-9.9186],[-38.0019,-9.91584],[-37.99087,-9.92066],[-37.98231,-9.917],[-37.97284,-9.93039],[-37.98105,-9.94036],[-37.97478,-9.94607],[-37.97609,-9.95065],[-37.9863,-9.96483],[-38.00867,-9.95275],[-38.02442,-9.92609],[-38.01196,-9.91272],[-38.00368,-9.9186]]]}},{"type":"Feature","properties":{"nome_proje":"PA FLOR DA SERRA"},"geometry":{"type":"Polygon","coordinates":[[[-37.88388,-9.92531],[-37.8667,-9.8975],[-37.85762,-9.90247],[-37.8617,-9.91243],[-37.86258,-9.93696],[-37.86863,-9.92952],[-37.8739,-9.93575],[-37.88328,-9.93479],[-37.88889,-9.94056],[-37.89542,-9.92279],[-37.88388,-9.92531]]]}},{"type":"Feature","properties":{"nome_proje":"PA NOVO PARAÍSO"},"geometry":{"type":"Polygon","coordinates":[[[-37.7815,-9.92209],[-37.79823,-9.9136],[-37.79682,-9.90737],[-37.81586,-9.89923],[-37.80309,-9.89491],[-37.80379,-9.89961],[-37.79754,-9.90214],[-37.79002,-9.88362],[-37.77666,-9.88814],[-37.77312,-9.89082],[-37.77258,-9.90277],[-37.765,-9.90566],[-37.76561,-9.90961],[-37.76964,-9.90857],[-37.7815,-9.92209]]]}},{"type":"Feature","properties":{"nome_proje":"PA MARIA FEITOSA"},"geometry":{"type":"Polygon","coordinates":[[[-37.77363,-9.7652],[-37.77617,-9.78136],[-37.78595,-9.77836],[-37.78896,-9.78764],[-37.80205,-9.78298],[-37.80276,-9.79029],[-37.79112,-9.79473],[-37.79558,-9.80961],[-37.80196,-9.80661],[-37.81055,-9.79574],[-37.80512,-9.77244],[-37.80985,-9.77097],[-37.80722,-9.76013],[-37.79431,-9.76447],[-37.79269,-9.75961],[-37.80495,-9.7546],[-37.8042,-9.75115],[-37.77363,-9.7652]]]}},{"type":"Feature","properties":{"nome_proje":"PA BOM JARDIM II"},"geometry":{"type":"Polygon","coordinates":[[[-38.06764,-9.80002],[-38.07585,-9.79892],[-38.07834,-9.79057],[-38.07184,-9.79085],[-38.07277,-9.78567],[-38.06717,-9.78726],[-38.0628,-9.78056],[-38.07299,-9.77504],[-38.07538,-9.77857],[-38.08542,-9.76898],[-38.09326,-9.76645],[-38.09612,-9.77945],[-38.10593,-9.76891],[-38.10465,-9.76497],[-38.09044,-9.76276],[-38.09345,-9.76522],[-38.09001,-9.76477],[-38.08563,-9.75822],[-38.07667,-9.76211],[-38.07861,-9.76833],[-38.07224,-9.77409],[-38.0653,-9.76572],[-38.06158,-9.76739],[-38.06064,-9.77288],[-38.05418,-9.76084],[-38.04592,-9.76404],[-38.05782,-9.77478],[-38.05338,-9.77788],[-38.04837,-9.77225],[-38.04242,-9.77517],[-38.04599,-9.78045],[-38.04119,-9.78393],[-38.0442,-9.79051],[-38.05121,-9.79559],[-38.05641,-9.79078],[-38.06764,-9.80002]]]}},{"type":"Feature","properties":{"nome_proje":"PA NOVA VIDA"},"geometry":{"type":"Polygon","coordinates":[[[-37.80985,-9.77097],[-37.80512,-9.77244],[-37.81055,-9.79572],[-37.82336,-9.793],[-37.81342,-9.76578],[-37.81401,-9.75779],[-37.80665,-9.75776],[-37.80985,-9.77097]]]}},{"type":"Feature","properties":{"nome_proje":"PA SÃO RAIMUNDO"},"geometry":{"type":"Polygon","coordinates":[[[-37.76095,-10.04428],[-37.75698,-10.05077],[-37.74619,-10.05057],[-37.74429,-10.04782],[-37.74147,-10.05011],[-37.74476,-10.05312],[-37.74356,-10.05915],[-37.74815,-10.05943],[-37.75368,-10.06663],[-37.75555,-10.05888],[-37.76418,-10.05433],[-37.76095,-10.04428]]]}},{"type":"Feature","properties":{"nome_proje":"PA JOSENILTON ALVES"},"geometry":{"type":"Polygon","coordinates":[[[-37.62379,-10.02634],[-37.62161,-10.03723],[-37.61165,-10.03914],[-37.61488,-10.04506],[-37.62465,-10.04623],[-37.63791,-10.03711],[-37.63823,-10.02795],[-37.62379,-10.02634]]]}},{"type":"Feature","properties":{"nome_proje":"PA PEDRAS GRANDES"},"geometry":{"type":"Polygon","coordinates":[[[-37.69364,-9.92151],[-37.66522,-9.93326],[-37.66921,-9.95732],[-37.68679,-9.94488],[-37.68565,-9.93951],[-37.69364,-9.92151]]]}},{"type":"Feature","properties":{"nome_proje":"PA CALDEIRÃO"},"geometry":{"type":"Polygon","coordinates":[[[-37.69265,-9.90763],[-37.68316,-9.91299],[-37.67953,-9.90848],[-37.66306,-9.92369],[-37.6717,-9.92952],[-37.69347,-9.92113],[-37.69898,-9.9171],[-37.69265,-9.90763]]]}},{"type":"Feature","properties":{"nome_proje":"PA QUEIMADA GRANDE"},"geometry":{"type":"Polygon","coordinates":[[[-37.66748,-9.84208],[-37.65067,-9.87454],[-37.66033,-9.88186],[-37.68316,-9.91299],[-37.72354,-9.89788],[-37.70778,-9.87236],[-37.71927,-9.85565],[-37.71626,-9.8505],[-37.70844,-9.84799],[-37.70703,-9.84469],[-37.70201,-9.852],[-37.69842,-9.84804],[-37.69416,-9.85037],[-37.68682,-9.83874],[-37.68141,-9.83813],[-37.67824,-9.8435],[-37.66748,-9.84208]]]}},{"type":"Feature","properties":{"nome_proje":"PA MADRE TEREZA DE CALCUTÁ"},"geometry":{"type":"Polygon","coordinates":[[[-37.72405,-9.84133],[-37.70604,-9.84252],[-37.69841,-9.84515],[-37.69859,-9.84777],[-37.70109,-9.8522],[-37.70709,-9.84447],[-37.71332,-9.8493],[-37.72835,-9.84492],[-37.72405,-9.84133]]]}},{"type":"Feature","properties":{"nome_proje":"PA BARRA DA ONÇA"},"geometry":{"type":"MultiPolygon","coordinates":[[[[-37.64701,-9.88247],[-37.65383,-9.87788],[-37.65162,-9.87353],[-37.64701,-9.88247]]],[[[-37.61497,-9.8844],[-37.62683,-9.88095],[-37.64668,-9.88242],[-37.6674,-9.84207],[-37.66563,-9.83475],[-37.67494,-9.81916],[-37.66921,-9.80981],[-37.65216,-9.81377],[-37.6402,-9.78263],[-37.5867,-9.84025],[-37.59609,-9.86849],[-37.60546,-9.86918],[-37.60966,-9.88295],[-37.61497,-9.8844]]]]}},{"type":"Feature","properties":{"nome_proje":"PA CHEGUEVARA"},"geometry":{"type":"Polygon","coordinates":[[[-37.53795,-9.83231],[-37.53434,-9.82705],[-37.54254,-9.82431],[-37.54404,-9.82712],[-37.55177,-9.82084],[-37.5495,-9.81784],[-37.54257,-9.82429],[-37.5404,-9.82001],[-37.54682,-9.81712],[-37.54383,-9.80914],[-37.5492,-9.80438],[-37.54549,-9.79654],[-37.53374,-9.80361],[-37.53768,-9.81243],[-37.52468,-9.81601],[-37.53144,-9.82404],[-37.5174,-9.83077],[-37.5233,-9.83985],[-37.53795,-9.83231]]]}},{"type":"Feature","properties":{"nome_proje":"PA SÃO JOSE DO NAZARÉ"},"geometry":{"type":"Polygon","coordinates":[[[-37.61834,-9.7891],[-37.5986,-9.80949],[-37.58857,-9.80912],[-37.59373,-9.81674],[-37.59132,-9.819],[-37.58918,-9.81602],[-37.58534,-9.82333],[-37.57283,-9.82639],[-37.58016,-9.84178],[-37.58712,-9.84193],[-37.5987,-9.82709],[-37.59145,-9.82168],[-37.59799,-9.81164],[-37.60649,-9.81297],[-37.62296,-9.7932],[-37.61834,-9.7891]]]}},{"type":"Feature","properties":{"nome_proje":"PA MARIA BONITA I"},"geometry":{"type":"Polygon","coordinates":[[[-37.71746,-9.82819],[-37.72109,-9.82342],[-37.72475,-9.82529],[-37.72286,-9.81992],[-37.73046,-9.82153],[-37.73284,-9.81602],[-37.75087,-9.81684],[-37.75449,-9.807],[-37.76248,-9.79803],[-37.7569,-9.79372],[-37.74524,-9.79523],[-37.74391,-9.79825],[-37.74151,-9.79615],[-37.72185,-9.80374],[-37.71782,-9.80804],[-37.71983,-9.81252],[-37.70999,-9.81082],[-37.71297,-9.81702],[-37.70917,-9.81436],[-37.7032,-9.81927],[-37.71746,-9.82819]]]}},{"type":"Feature","properties":{"nome_proje":"PA CAJUEIRO"},"geometry":{"type":"Polygon","coordinates":[[[-37.5105,-9.81706],[-37.50321,-9.81073],[-37.51831,-9.80411],[-37.52512,-9.8157],[-37.52997,-9.81422],[-37.52158,-9.80311],[-37.53303,-9.80071],[-37.52787,-9.7871],[-37.50594,-9.74878],[-37.47219,-9.74933],[-37.48614,-9.77146],[-37.48014,-9.77231],[-37.49486,-9.79481],[-37.48621,-9.8008],[-37.50071,-9.82352],[-37.5105,-9.81706]]]}},{"type":"Feature","properties":{"nome_proje":"PA PIONEIRA"},"geometry":{"type":"Polygon","coordinates":[[[-37.72634,-9.75476],[-37.70897,-9.7628],[-37.69849,-9.78663],[-37.70827,-9.77871],[-37.71065,-9.77546],[-37.70885,-9.7712],[-37.71204,-9.76977],[-37.72202,-9.78144],[-37.73116,-9.77626],[-37.72508,-9.76891],[-37.71751,-9.77151],[-37.71433,-9.76851],[-37.73172,-9.75843],[-37.72634,-9.75476]]]}},{"type":"Feature","properties":{"nome_proje":"PA LAGOA DA AREIA"},"geometry":{"type":"Polygon","coordinates":[[[-37.58507,-9.73466],[-37.58731,-9.73503],[-37.56736,-9.74125],[-37.57528,-9.75674],[-37.55405,-9.77011],[-37.56314,-9.79187],[-37.55555,-9.79354],[-37.56152,-9.80023],[-37.58203,-9.78795],[-37.59119,-9.80158],[-37.59959,-9.79549],[-37.60737,-9.79905],[-37.61888,-9.78859],[-37.62726,-9.79595],[-37.6401,-9.78261],[-37.63095,-9.76886],[-37.62829,-9.76553],[-37.62195,-9.76829],[-37.6182,-9.76545],[-37.59212,-9.72961],[-37.58507,-9.73466]]]}},{"type":"Feature","properties":{"nome_proje":"PA DOM JOSÉ BRANDÃO DE CASTRO"},"geometry":{"type":"Polygon","coordinates":[[[-37.63147,-9.72687],[-37.62265,-9.73327],[-37.61997,-9.72892],[-37.6133,-9.73796],[-37.62974,-9.751],[-37.63907,-9.7678],[-37.63301,-9.77269],[-37.63719,-9.77885],[-37.65194,-9.7677],[-37.65011,-9.76502],[-37.64432,-9.76742],[-37.64064,-9.76333],[-37.63928,-9.76112],[-37.64574,-9.75786],[-37.6365,-9.74259],[-37.65159,-9.73482],[-37.63147,-9.72687]]]}},{"type":"Feature","properties":{"nome_proje":"PA NOVO MULUNGU"},"geometry":{"type":"Polygon","coordinates":[[[-37.70669,-9.7342],[-37.70718,-9.74794],[-37.71703,-9.75073],[-37.71619,-9.75854],[-37.72494,-9.75456],[-37.7199,-9.7405],[-37.71792,-9.74333],[-37.70669,-9.7342]]]}},{"type":"Feature","properties":{"nome_proje":"PA CURRALINHO"},"geometry":{"type":"Polygon","coordinates":[[[-37.63369,-9.77095],[-37.63913,-9.76779],[-37.62974,-9.75099],[-37.61322,-9.73811],[-37.62001,-9.72892],[-37.61092,-9.71562],[-37.6043,-9.7255],[-37.60238,-9.7219],[-37.59185,-9.729],[-37.59613,-9.73903],[-37.61809,-9.76551],[-37.62186,-9.76882],[-37.62821,-9.76606],[-37.63369,-9.77095]]]}},{"type":"Feature","properties":{"nome_proje":"PA NELSON MANDELA"},"geometry":{"type":"Polygon","coordinates":[[[-37.67301,-9.75231],[-37.68034,-9.75038],[-37.68953,-9.75417],[-37.68639,-9.74508],[-37.6921,-9.74325],[-37.67901,-9.73233],[-37.67367,-9.73622],[-37.67732,-9.74585],[-37.67133,-9.74762],[-37.67301,-9.75231]]]}},{"type":"Feature","properties":{"nome_proje":"PA CARLITO MAIA"},"geometry":{"type":"Polygon","coordinates":[[[-37.65715,-9.73753],[-37.6516,-9.73482],[-37.6365,-9.74258],[-37.64168,-9.74925],[-37.65715,-9.73753]]]}},{"type":"Feature","properties":{"nome_proje":"PA RIACHO GRANDE E QUIXABA"},"geometry":{"type":"Polygon","coordinates":[[[-37.48362,-9.71265],[-37.47538,-9.71508],[-37.4874,-9.7439],[-37.49352,-9.74268],[-37.48362,-9.71265]]]}},{"type":"Feature","properties":{"nome_proje":"PA DJALMA CESÁRIO"},"geometry":{"type":"Polygon","coordinates":[[[-37.62072,-9.71076],[-37.63233,-9.72771],[-37.65446,-9.73512],[-37.6518,-9.73171],[-37.65456,-9.73006],[-37.64935,-9.72567],[-37.64479,-9.72796],[-37.63435,-9.72123],[-37.63093,-9.72304],[-37.62072,-9.71076]]]}},{"type":"Feature","properties":{"nome_proje":"PA MENINO JESUS"},"geometry":{"type":"Polygon","coordinates":[[[-38.60327,-11.72068],[-38.59408,-11.72421],[-38.59717,-11.73056],[-38.60327,-11.72068]]]}},{"type":"Feature","properties":{"nome_proje":"PA SANTA VIRGINIA"},"geometry":{"type":"Polygon","coordinates":[[[-38.73948,-11.45073],[-38.75132,-11.47689],[-38.77521,-11.46664],[-38.76667,-11.44582],[-38.75717,-11.44603],[-38.75438,-11.45039],[-38.73948,-11.45073]]]}},{"type":"Feature","properties":{"nome_proje":"PA BELA VISTA III"},"geometry":{"type":"Polygon","coordinates":[[[-38.80965,-11.36033],[-38.77238,-11.36258],[-38.78124,-11.39832],[-38.81314,-11.39624],[-38.81507,-11.38728],[-38.81078,-11.37713],[-38.81412,-11.37734],[-38.81435,-11.37201],[-38.80965,-11.36033]]]}},{"type":"Feature","properties":{"nome_proje":"PA PENHA E OUTRAS"},"geometry":{"type":"Polygon","coordinates":[[[-38.61048,-11.26721],[-38.60203,-11.2675],[-38.60761,-11.2862],[-38.56542,-11.28609],[-38.56513,-11.30515],[-38.58936,-11.30042],[-38.58858,-11.30438],[-38.59292,-11.30575],[-38.61234,-11.30181],[-38.61048,-11.26721]]]}},{"type":"Feature","properties":{"nome_proje":"PA CARLOS MARIGHELA"},"geometry":{"type":"Polygon","coordinates":[[[-38.226,-11.28504],[-38.23035,-11.28018],[-38.22132,-11.27164],[-38.2143,-11.27391],[-38.21757,-11.28501],[-38.226,-11.28504]]]}},{"type":"Feature","properties":{"nome_proje":"PA TERRA PROMETIDA"},"geometry":{"type":"Polygon","coordinates":[[[-38.60206,-11.20876],[-38.6009,-11.26753],[-38.62334,-11.26686],[-38.66919,-11.32591],[-38.74959,-11.33095],[-38.75053,-11.26616],[-38.74025,-11.25441],[-38.69702,-11.23242],[-38.69723,-11.21],[-38.60206,-11.20876]]]}},{"type":"Feature","properties":{"nome_proje":"PA PAULO FREIRE"},"geometry":{"type":"Polygon","coordinates":[[[-38.20344,-11.26067],[-38.20326,-11.25025],[-38.18854,-11.25616],[-38.1896,-11.26312],[-38.18336,-11.26482],[-38.18281,-11.27768],[-38.19143,-11.27696],[-38.19254,-11.28209],[-38.21204,-11.27962],[-38.21014,-11.27434],[-38.22133,-11.27165],[-38.21752,-11.26886],[-38.2144,-11.27155],[-38.2144,-11.26401],[-38.20344,-11.26067]]]}},{"type":"Feature","properties":{"nome_proje":"PA FAZ BOQUEIRAO"},"geometry":{"type":"Polygon","coordinates":[[[-38.82658,-11.20244],[-38.82441,-11.21096],[-38.79314,-11.21995],[-38.79315,-11.23024],[-38.82468,-11.23053],[-38.82359,-11.22256],[-38.83342,-11.21909],[-38.8343,-11.2085],[-38.83733,-11.2082],[-38.83805,-11.20274],[-38.82658,-11.20244]]]}},{"type":"Feature","properties":{"nome_proje":"PA NOVA ALVORADA"},"geometry":{"type":"Polygon","coordinates":[[[-38.2541,-11.18289],[-38.25211,-11.19202],[-38.23563,-11.19147],[-38.21691,-11.19667],[-38.20119,-11.19462],[-38.21644,-11.20658],[-38.22007,-11.20169],[-38.22166,-11.20418],[-38.24056,-11.19588],[-38.26788,-11.19499],[-38.26353,-11.18523],[-38.2541,-11.18289]]]}},{"type":"Feature","properties":{"nome_proje":"PA CAJUEIRO (NV SOURE)"},"geometry":{"type":"Polygon","coordinates":[[[-38.48661,-11.17283],[-38.47044,-11.185],[-38.46056,-11.18805],[-38.45359,-11.19814],[-38.46703,-11.19235],[-38.47697,-11.19179],[-38.49379,-11.18089],[-38.49902,-11.18336],[-38.50206,-11.17386],[-38.48661,-11.17283]]]}},{"type":"Feature","properties":{"nome_proje":"PA JUNCO"},"geometry":{"type":"Polygon","coordinates":[[[-38.82496,-11.47317],[-38.82558,-11.46577],[-38.86303,-11.4642],[-38.85935,-11.45318],[-38.85426,-11.44991],[-38.83823,-11.45002],[-38.83663,-11.45943],[-38.81462,-11.45876],[-38.80728,-11.47021],[-38.80788,-11.49172],[-38.81509,-11.49177],[-38.81446,-11.47141],[-38.82496,-11.47317]]]}},{"type":"Feature","properties":{"nome_proje":"PA NOVA PALMARES"},"geometry":{"type":"Polygon","coordinates":[[[-39.2589,-11.42673],[-39.26303,-11.42618],[-39.27514,-11.44547],[-39.29147,-11.44716],[-39.29217,-11.45091],[-39.29461,-11.44968],[-39.29795,-11.45319],[-39.29305,-11.46031],[-39.28432,-11.46293],[-39.28561,-11.46786],[-39.27469,-11.47354],[-39.28524,-11.48822],[-39.28592,-11.4988],[-39.29448,-11.49375],[-39.29099,-11.48571],[-39.2967,-11.48479],[-39.29468,-11.48062],[-39.3005,-11.47496],[-39.30622,-11.48675],[-39.30577,-11.49535],[-39.3083,-11.49621],[-39.31901,-11.48422],[-39.31195,-11.47066],[-39.31544,-11.46602],[-39.30665,-11.46038],[-39.3224,-11.44878],[-39.32641,-11.44239],[-39.31775,-11.44053],[-39.31768,-11.44315],[-39.30701,-11.43955],[-39.30475,-11.43418],[-39.28636,-11.42872],[-39.28217,-11.42189],[-39.28746,-11.40986],[-39.27628,-11.39751],[-39.25808,-11.39663],[-39.25581,-11.42267],[-39.2589,-11.42673]]]}},{"type":"Feature","properties":{"nome_proje":"PA ATANAZIO JOSÉ DOS SANTOS - AAPAAS"},"geometry":{"type":"Polygon","coordinates":[[[-39.12568,-11.3161],[-39.09893,-11.34028],[-39.10375,-11.35931],[-39.10974,-11.36582],[-39.12536,-11.36182],[-39.13025,-11.3466],[-39.12482,-11.34243],[-39.1251,-11.3344],[-39.12786,-11.33209],[-39.13484,-11.33721],[-39.13575,-11.33537],[-39.1339,-11.32651],[-39.12568,-11.3161]]]}},{"type":"Feature","properties":{"nome_proje":"PA AMAZONAS"},"geometry":{"type":"Polygon","coordinates":[[[-38.85136,-11.23042],[-38.81174,-11.23028],[-38.80836,-11.24097],[-38.81607,-11.25665],[-38.82303,-11.26236],[-38.8329,-11.25693],[-38.82883,-11.24136],[-38.8534,-11.23964],[-38.85136,-11.23042]]]}},{"type":"Feature","properties":{"nome_proje":"PA LAGOA DO BOI"},"geometry":{"type":"Polygon","coordinates":[[[-39.34672,-11.18221],[-39.34444,-11.20503],[-39.3494,-11.20717],[-39.34849,-11.22379],[-39.36965,-11.21858],[-39.37454,-11.21052],[-39.3733,-11.17614],[-39.34672,-11.18221]]]}},{"type":"Feature","properties":{"nome_proje":"PA SAO JOSE DO MARIMBA"},"geometry":{"type":"Polygon","coordinates":[[[-38.84291,-11.1705],[-38.84867,-11.18807],[-38.8442,-11.18857],[-38.8502,-11.2038],[-38.85529,-11.19483],[-38.86637,-11.18927],[-38.85491,-11.16522],[-38.84291,-11.1705]]]}},{"type":"Feature","properties":{"nome_proje":"PA ANTONIO CONSELHEIRO"},"geometry":{"type":"Polygon","coordinates":[[[-39.28998,-11.20844],[-39.29465,-11.19658],[-39.29986,-11.19315],[-39.29769,-11.18045],[-39.28604,-11.17694],[-39.26155,-11.15973],[-39.26026,-11.16133],[-39.27301,-11.17247],[-39.26265,-11.18469],[-39.26839,-11.19244],[-39.26706,-11.19697],[-39.28998,-11.20844]]]}},{"type":"Feature","properties":{"nome_proje":"PA TERRA PARA TODOS"},"geometry":{"type":"Polygon","coordinates":[[[-38.83402,-11.14864],[-38.81373,-11.16039],[-38.80952,-11.1488],[-38.80446,-11.15413],[-38.80005,-11.16692],[-38.80194,-11.18614],[-38.83218,-11.1867],[-38.83227,-11.16834],[-38.8396,-11.16628],[-38.84292,-11.1705],[-38.8549,-11.1652],[-38.85187,-11.15885],[-38.84248,-11.16111],[-38.84105,-11.15812],[-38.83645,-11.16098],[-38.83303,-11.15636],[-38.83511,-11.15661],[-38.83402,-11.14864]]]}},{"type":"Feature","properties":{"nome_proje":"PA TERRA PARA TODOS"},"geometry":{"type":"Polygon","coordinates":[[[-38.85183,-11.15885],[-38.84244,-11.16111],[-38.84102,-11.15813],[-38.83641,-11.16099],[-38.833,-11.15636],[-38.83507,-11.15661],[-38.83397,-11.14864],[-38.82891,-11.15453],[-38.81369,-11.1604],[-38.8093,-11.14902],[-38.80012,-11.16551],[-38.8019,-11.18614],[-38.83214,-11.18667],[-38.83223,-11.16835],[-38.83956,-11.16628],[-38.84288,-11.17051],[-38.85487,-11.16521],[-38.85183,-11.15885]]]}},{"type":"Feature","properties":{"nome_proje":"PA SANTA VIRGINIA"},"geometry":{"type":"Polygon","coordinates":[[[-38.87879,-11.14643],[-38.87279,-11.14573],[-38.87065,-11.1306],[-38.85037,-11.13885],[-38.85698,-11.15047],[-38.85039,-11.15446],[-38.86439,-11.18381],[-38.88498,-11.17451],[-38.88962,-11.16775],[-38.87879,-11.14643]]]}},{"type":"Feature","properties":{"nome_proje":"PA MANOEL MESSIAS BOMFIM"},"geometry":{"type":"Polygon","coordinates":[[[-38.13711,-11.32255],[-38.13074,-11.33033],[-38.14741,-11.34419],[-38.14551,-11.33398],[-38.13711,-11.32255]]]}},{"type":"Feature","properties":{"nome_proje":"PA QUILOMBO LAGOAO"},"geometry":{"type":"Polygon","coordinates":[[[-38.17502,-11.10903],[-38.15738,-11.10747],[-38.16525,-11.13195],[-38.16222,-11.13927],[-38.17163,-11.1443],[-38.17822,-11.13683],[-38.17502,-11.10903]]]}},{"type":"Feature","properties":{"nome_proje":"PA JOÃO AMAZONAS"},"geometry":{"type":"Polygon","coordinates":[[[-37.79291,-10.99169],[-37.80146,-10.9798],[-37.80927,-10.97763],[-37.80429,-10.97472],[-37.80186,-10.96845],[-37.79505,-10.97134],[-37.7954,-10.97601],[-37.78887,-10.97978],[-37.78692,-10.9857],[-37.77871,-10.98363],[-37.77979,-10.98827],[-37.77559,-10.98563],[-37.77781,-10.98857],[-37.7757,-10.99182],[-37.77941,-10.9945],[-37.79048,-10.98912],[-37.79291,-10.99169]]]}},{"type":"Feature","properties":{"nome_proje":"PA CABOCLA"},"geometry":{"type":"Polygon","coordinates":[[[-37.7637,-10.9566],[-37.77145,-10.94716],[-37.75976,-10.93397],[-37.75426,-10.93795],[-37.75004,-10.94729],[-37.7637,-10.9566]]]}},{"type":"Feature","properties":{"nome_proje":"PA 22 DE NOVEMBRO"},"geometry":{"type":"Polygon","coordinates":[[[-37.77606,-10.96015],[-37.7837,-10.95268],[-37.80094,-10.9463],[-37.80854,-10.93885],[-37.80285,-10.93312],[-37.80315,-10.92656],[-37.80877,-10.9229],[-37.80596,-10.91766],[-37.79966,-10.91388],[-37.79422,-10.93255],[-37.78317,-10.93804],[-37.77854,-10.93709],[-37.77606,-10.94543],[-37.76349,-10.95718],[-37.76612,-10.9632],[-37.77606,-10.96015]]]}},{"type":"Feature","properties":{"nome_proje":"PA NOVO MARIMBONDO"},"geometry":{"type":"Polygon","coordinates":[[[-38.09689,-10.89597],[-38.08845,-10.90495],[-38.07444,-10.8843],[-38.05811,-10.89242],[-38.05543,-10.89728],[-38.05854,-10.90154],[-38.05626,-10.9073],[-38.06337,-10.9275],[-38.07789,-10.92428],[-38.07563,-10.91863],[-38.07756,-10.91613],[-38.08725,-10.92054],[-38.08966,-10.91522],[-38.09876,-10.90888],[-38.10162,-10.91145],[-38.10459,-10.9032],[-38.10161,-10.90437],[-38.09689,-10.89597]]]}},{"type":"Feature","properties":{"nome_proje":"PA CANAÃ"},"geometry":{"type":"Polygon","coordinates":[[[-38.09172,-10.88458],[-38.10161,-10.90437],[-38.11108,-10.90281],[-38.10415,-10.90532],[-38.10376,-10.90821],[-38.11209,-10.90924],[-38.11133,-10.91546],[-38.11748,-10.91463],[-38.11515,-10.90551],[-38.12197,-10.90398],[-38.1173,-10.89659],[-38.11318,-10.89932],[-38.10877,-10.89342],[-38.09172,-10.88458]]]}},{"type":"Feature","properties":{"nome_proje":"PA ZUMBI"},"geometry":{"type":"Polygon","coordinates":[[[-38.12958,-10.88856],[-38.11809,-10.89769],[-38.12211,-10.90422],[-38.12049,-10.90661],[-38.12919,-10.90772],[-38.13857,-10.90182],[-38.1559,-10.89996],[-38.15429,-10.89379],[-38.149,-10.89542],[-38.1504,-10.89983],[-38.14304,-10.89685],[-38.14414,-10.89977],[-38.14063,-10.90047],[-38.14126,-10.89597],[-38.13774,-10.89675],[-38.1392,-10.89381],[-38.12958,-10.88856]]]}},{"type":"Feature","properties":{"nome_proje":"PA NOSSA SENHORA DA CONCEIÇÃO"},"geometry":{"type":"Polygon","coordinates":[[[-38.15784,-10.90119],[-38.18352,-10.88328],[-38.18009,-10.87692],[-38.15438,-10.89384],[-38.15784,-10.90119]]]}},{"type":"Feature","properties":{"nome_proje":"PA BELO MONTE"},"geometry":{"type":"Polygon","coordinates":[[[-38.10621,-10.84937],[-38.09689,-10.85327],[-38.08495,-10.85443],[-38.08402,-10.8511],[-38.07545,-10.85346],[-38.08085,-10.86486],[-38.09804,-10.85904],[-38.10887,-10.86546],[-38.10546,-10.85516],[-38.10634,-10.85209],[-38.11002,-10.85359],[-38.10621,-10.84937]]]}},{"type":"Feature","properties":{"nome_proje":"PA PÉ DE SERRA"},"geometry":{"type":"Polygon","coordinates":[[[-38.77124,-11.16347],[-38.75707,-11.16375],[-38.75735,-11.15541],[-38.75408,-11.15457],[-38.75184,-11.1467],[-38.71434,-11.13782],[-38.70712,-11.16337],[-38.69157,-11.17698],[-38.67823,-11.18171],[-38.6724,-11.20948],[-38.77846,-11.21097],[-38.77124,-11.16347]]]}},{"type":"Feature","properties":{"nome_proje":"PA PIONEIRO"},"geometry":{"type":"Polygon","coordinates":[[[-38.50544,-11.16339],[-38.51791,-11.12443],[-38.50817,-11.12142],[-38.49538,-11.16026],[-38.50544,-11.16339]]]}},{"type":"Feature","properties":{"nome_proje":"PA PIONEIRO"},"geometry":{"type":"Polygon","coordinates":[[[-38.50798,-11.12205],[-38.49542,-11.16025],[-38.50547,-11.16339],[-38.51795,-11.12441],[-38.50798,-11.12205]]]}},{"type":"Feature","properties":{"nome_proje":"PA SANTANA/BURI"},"geometry":{"type":"Polygon","coordinates":[[[-38.52434,-11.13635],[-38.51569,-11.13325],[-38.51143,-11.14645],[-38.53642,-11.15119],[-38.54027,-11.14263],[-38.53229,-11.13821],[-38.5311,-11.13051],[-38.52434,-11.13635]]]}},{"type":"Feature","properties":{"nome_proje":"PA ARIZONA E OUTRAS"},"geometry":{"type":"MultiPolygon","coordinates":[[[[-38.30704,-11.14511],[-38.28543,-11.1495],[-38.2823,-11.15447],[-38.26952,-11.15647],[-38.27087,-11.17032],[-38.28292,-11.16716],[-38.29189,-11.15789],[-38.29079,-11.15404],[-38.30068,-11.15709],[-38.30704,-11.14511]]],[[[-38.31503,-11.12699],[-38.32462,-11.12722],[-38.3246,-11.13472],[-38.31867,-11.13942],[-38.32135,-11.14864],[-38.32722,-11.15029],[-38.33267,-11.14561],[-38.35024,-11.14781],[-38.36002,-11.14072],[-38.34576,-11.12614],[-38.33032,-11.12693],[-38.33131,-11.11819],[-38.31964,-11.11273],[-38.31312,-11.12026],[-38.31503,-11.12699]]],[[[-38.28979,-11.09241],[-38.31153,-11.10469],[-38.31346,-11.08233],[-38.309,-11.08209],[-38.30969,-11.07622],[-38.28294,-11.08221],[-38.28979,-11.09241]]]]}},{"type":"Feature","properties":{"nome_proje":"PA JUAREZ TAVARES"},"geometry":{"type":"Polygon","coordinates":[[[-38.38642,-11.03696],[-38.38741,-11.05589],[-38.38814,-11.07667],[-38.40152,-11.07015],[-38.403,-11.04064],[-38.39537,-11.04523],[-38.39105,-11.03702],[-38.38642,-11.03696]]]}},{"type":"Feature","properties":{"nome_proje":"PA BOM JESUS DAS ORTIGAS"},"geometry":{"type":"Polygon","coordinates":[[[-38.22591,-10.98462],[-38.22539,-10.98238],[-38.20577,-10.98871],[-38.23313,-11.00928],[-38.2389,-11.02387],[-38.24445,-11.02961],[-38.24501,-10.98055],[-38.22591,-10.98462]]]}},{"type":"Feature","properties":{"nome_proje":"PA JACURICI"},"geometry":{"type":"Polygon","coordinates":[[[-38.23496,-10.86177],[-38.22497,-10.86225],[-38.21704,-10.86464],[-38.22066,-10.8726],[-38.23684,-10.8692],[-38.23852,-10.86651],[-38.23496,-10.86177]]]}},{"type":"Feature","properties":{"nome_proje":"PA COVA DA ÁRVORE"},"geometry":{"type":"Polygon","coordinates":[[[-38.64116,-10.81024],[-38.63437,-10.80786],[-38.63285,-10.81565],[-38.62596,-10.81853],[-38.62381,-10.82473],[-38.63307,-10.83277],[-38.63239,-10.84221],[-38.63052,-10.85212],[-38.6202,-10.86853],[-38.65353,-10.88752],[-38.66103,-10.8685],[-38.70961,-10.86888],[-38.70982,-10.84439],[-38.67394,-10.83114],[-38.64869,-10.8325],[-38.64562,-10.82041],[-38.64686,-10.80692],[-38.64116,-10.81024]]]}},{"type":"Feature","properties":{"nome_proje":"PA ATRACAJU"},"geometry":{"type":"Polygon","coordinates":[[[-38.6837,-10.77088],[-38.66558,-10.76614],[-38.66883,-10.76968],[-38.64559,-10.777],[-38.64283,-10.76348],[-38.63065,-10.76475],[-38.63075,-10.77456],[-38.64227,-10.77828],[-38.65575,-10.79105],[-38.68379,-10.8011],[-38.69,-10.78416],[-38.6837,-10.77088]]]}},{"type":"Feature","properties":{"nome_proje":"PA VALE DO ITAPICURU"},"geometry":{"type":"Polygon","coordinates":[[[-39.12971,-11.01629],[-39.12289,-11.01779],[-39.12377,-11.02466],[-39.11899,-11.03446],[-39.11608,-11.0343],[-39.11477,-11.01804],[-39.09951,-11.02268],[-39.09066,-11.03793],[-39.08379,-11.04086],[-39.08977,-11.056],[-39.09185,-11.11576],[-39.10107,-11.11391],[-39.12199,-11.12386],[-39.12546,-11.10759],[-39.11953,-11.10713],[-39.11854,-11.09422],[-39.12199,-11.09445],[-39.12269,-11.10389],[-39.12507,-11.10275],[-39.12411,-11.09794],[-39.12797,-11.09586],[-39.1301,-11.08759],[-39.12369,-11.08411],[-39.12284,-11.07785],[-39.14156,-11.08032],[-39.14303,-11.06645],[-39.12819,-11.06006],[-39.12957,-11.06527],[-39.12579,-11.06471],[-39.12616,-11.05751],[-39.12797,-11.05431],[-39.13249,-11.05528],[-39.13328,-11.04533],[-39.13872,-11.04069],[-39.13854,-11.0344],[-39.13084,-11.037],[-39.12971,-11.01629]]]}},{"type":"Feature","properties":{"nome_proje":"PA NOVA ESPERANÇA E ALTO BONITO"},"geometry":{"type":"Polygon","coordinates":[[[-39.21858,-10.94752],[-39.23384,-10.94922],[-39.24226,-10.95961],[-39.24718,-10.94452],[-39.25168,-10.94575],[-39.24807,-10.96587],[-39.26855,-10.98603],[-39.27967,-10.98769],[-39.29189,-10.98496],[-39.30789,-10.99031],[-39.3144,-10.98839],[-39.32386,-10.98329],[-39.32973,-10.96287],[-39.31363,-10.93554],[-39.25396,-10.91807],[-39.23526,-10.92005],[-39.22623,-10.91441],[-39.21636,-10.91622],[-39.21858,-10.94752]]]}},{"type":"Feature","properties":{"nome_proje":"PA MARI"},"geometry":{"type":"Polygon","coordinates":[[[-39.32363,-10.88521],[-39.27688,-10.87754],[-39.26681,-10.92146],[-39.31363,-10.93554],[-39.32608,-10.92513],[-39.34295,-10.91743],[-39.32628,-10.87331],[-39.32363,-10.88521]]]}},{"type":"Feature","properties":{"nome_proje":"PA BELO MONTE"},"geometry":{"type":"Polygon","coordinates":[[[-39.25962,-10.88782],[-39.24135,-10.88532],[-39.23844,-10.89699],[-39.22563,-10.89663],[-39.21959,-10.90342],[-39.21675,-10.91627],[-39.22676,-10.91437],[-39.22993,-10.9068],[-39.23448,-10.90517],[-39.24345,-10.90683],[-39.25504,-10.91826],[-39.26663,-10.92151],[-39.27571,-10.88551],[-39.26011,-10.88474],[-39.25962,-10.88782]]]}},{"type":"Feature","properties":{"nome_proje":"PA QUIJINGUE"},"geometry":{"type":"Polygon","coordinates":[[[-39.11017,-10.77864],[-39.10426,-10.77784],[-39.10548,-10.76862],[-39.0853,-10.76988],[-39.0849,-10.77601],[-39.07679,-10.77668],[-39.07609,-10.789],[-39.07933,-10.79706],[-39.0849,-10.79394],[-39.08578,-10.80772],[-39.11014,-10.80449],[-39.11017,-10.77864]]]}},{"type":"Feature","properties":{"nome_proje":"PA TÁBUA SERRINHA"},"geometry":{"type":"Polygon","coordinates":[[[-38.83214,-10.73216],[-38.88142,-10.78849],[-38.88843,-10.77364],[-38.87563,-10.76764],[-38.88473,-10.75803],[-38.8908,-10.75787],[-38.89252,-10.76498],[-38.91035,-10.72699],[-38.90712,-10.72761],[-38.89295,-10.71586],[-38.89211,-10.71022],[-38.88085,-10.71454],[-38.87764,-10.70841],[-38.84931,-10.71198],[-38.83214,-10.73216]]]}},{"type":"Feature","properties":{"nome_proje":"PA PARAÍSO"},"geometry":{"type":"Polygon","coordinates":[[[-38.83451,-10.66306],[-38.81166,-10.66409],[-38.81617,-10.68074],[-38.83999,-10.68068],[-38.83992,-10.67709],[-38.84743,-10.67556],[-38.84773,-10.66515],[-38.83501,-10.66679],[-38.83451,-10.66306]]]}},{"type":"Feature","properties":{"nome_proje":"PA BEIRA RIO III"},"geometry":{"type":"Polygon","coordinates":[[[-39.3793,-10.44392],[-39.3781,-10.43898],[-39.37153,-10.43521],[-39.3687,-10.4457],[-39.36765,-10.44141],[-39.35928,-10.44232],[-39.35975,-10.45365],[-39.36626,-10.45771],[-39.36548,-10.45403],[-39.36793,-10.45626],[-39.3793,-10.44392]]]}},{"type":"Feature","properties":{"nome_proje":"PA BOA ESPERANÇA MARAVILHA"},"geometry":{"type":"Polygon","coordinates":[[[-39.27571,-10.32825],[-39.28408,-10.36335],[-39.29453,-10.36167],[-39.29435,-10.34568],[-39.29176,-10.34387],[-39.29465,-10.34236],[-39.29698,-10.32949],[-39.28961,-10.33165],[-39.27571,-10.32825]]]}},{"type":"Feature","properties":{"nome_proje":"PA SOLEDADE"},"geometry":{"type":"Polygon","coordinates":[[[-39.31544,-10.26921],[-39.30823,-10.26789],[-39.30649,-10.27451],[-39.30011,-10.27654],[-39.29888,-10.28289],[-39.31219,-10.28634],[-39.3152,-10.27138],[-39.32528,-10.27274],[-39.32179,-10.26603],[-39.32594,-10.25786],[-39.32022,-10.25874],[-39.31544,-10.26921]]]}},{"type":"Feature","properties":{"nome_proje":"PA TIAGO SOARES SANTOS RIBEIRO"},"geometry":{"type":"Polygon","coordinates":[[[-38.02916,-10.83632],[-38.03345,-10.84069],[-38.04475,-10.83541],[-38.04641,-10.8217],[-38.04073,-10.82015],[-38.03638,-10.83277],[-38.03523,-10.83078],[-38.02916,-10.83632]]]}},{"type":"Feature","properties":{"nome_proje":"PA FRANCISCO JOSE DOS SANTOS"},"geometry":{"type":"Polygon","coordinates":[[[-38.14177,-10.80251],[-38.13901,-10.81014],[-38.14192,-10.81814],[-38.1383,-10.82021],[-38.13655,-10.81683],[-38.13367,-10.82479],[-38.14099,-10.82185],[-38.14303,-10.8247],[-38.15223,-10.81785],[-38.14692,-10.80588],[-38.14325,-10.80663],[-38.14177,-10.80251]]]}},{"type":"Feature","properties":{"nome_proje":"PA MARIA BONITA"},"geometry":{"type":"Polygon","coordinates":[[[-37.94596,-10.82978],[-37.94669,-10.82495],[-37.95467,-10.81926],[-37.9526,-10.81233],[-37.95779,-10.80842],[-37.95641,-10.79531],[-37.93858,-10.78901],[-37.93574,-10.79115],[-37.93641,-10.81017],[-37.93148,-10.80495],[-37.92208,-10.81091],[-37.92702,-10.81365],[-37.93767,-10.8307],[-37.94105,-10.83247],[-37.94596,-10.82978]]]}},{"type":"Feature","properties":{"nome_proje":"PA IRENO ALVES"},"geometry":{"type":"Polygon","coordinates":[[[-37.99634,-10.77737],[-37.98004,-10.78145],[-37.97471,-10.79337],[-37.98072,-10.79586],[-37.99221,-10.78382],[-37.99472,-10.78497],[-37.99822,-10.78175],[-37.99634,-10.77737]]]}},{"type":"Feature","properties":{"nome_proje":"PA SANTA MARIA DA LAGE"},"geometry":{"type":"Polygon","coordinates":[[[-38.11588,-10.74392],[-38.11746,-10.73335],[-38.10564,-10.73644],[-38.09847,-10.73407],[-38.09672,-10.7365],[-38.09542,-10.73092],[-38.08922,-10.73002],[-38.09206,-10.74979],[-38.11588,-10.74392]]]}},{"type":"Feature","properties":{"nome_proje":"PA GILMAR SANTOS ROSA"},"geometry":{"type":"Polygon","coordinates":[[[-38.10126,-10.61168],[-38.08803,-10.61756],[-38.08761,-10.63385],[-38.10025,-10.62797],[-38.10314,-10.6193],[-38.10126,-10.61168]]]}},{"type":"Feature","properties":{"nome_proje":"PA CARLOS LAMARCA"},"geometry":{"type":"Polygon","coordinates":[[[-37.79582,-10.62109],[-37.80482,-10.6236],[-37.80955,-10.62167],[-37.79355,-10.59538],[-37.78665,-10.60048],[-37.7788,-10.60068],[-37.76738,-10.60632],[-37.76832,-10.61004],[-37.77837,-10.61264],[-37.78272,-10.61023],[-37.79582,-10.62109]]]}},{"type":"Feature","properties":{"nome_proje":"PA CURIMATÁ"},"geometry":{"type":"Polygon","coordinates":[[[-37.89045,-10.57629],[-37.90082,-10.58054],[-37.92166,-10.57311],[-37.91462,-10.56897],[-37.91091,-10.55636],[-37.90302,-10.55235],[-37.88957,-10.55675],[-37.89045,-10.57629]]]}},{"type":"Feature","properties":{"nome_proje":"PA NOSSA SENHORA APARECIDA II"},"geometry":{"type":"Polygon","coordinates":[[[-37.83026,-10.57266],[-37.8633,-10.56851],[-37.86341,-10.56375],[-37.87318,-10.56242],[-37.868,-10.54765],[-37.83898,-10.55576],[-37.83251,-10.56032],[-37.83518,-10.56451],[-37.83211,-10.56786],[-37.83483,-10.57016],[-37.83026,-10.57266]]]}},{"type":"Feature","properties":{"nome_proje":"PA CAIMÃ"},"geometry":{"type":"Polygon","coordinates":[[[-37.91051,-10.46447],[-37.92075,-10.47145],[-37.92098,-10.47538],[-37.90994,-10.48627],[-37.91572,-10.49173],[-37.92247,-10.49116],[-37.92859,-10.49482],[-37.92901,-10.49961],[-37.91752,-10.49965],[-37.91165,-10.50435],[-37.913,-10.50972],[-37.90817,-10.51507],[-37.91385,-10.52051],[-37.90786,-10.52279],[-37.9075,-10.5259],[-37.91475,-10.53308],[-37.91487,-10.53694],[-37.93587,-10.53905],[-37.94223,-10.53445],[-37.94901,-10.53744],[-37.96366,-10.52981],[-37.96119,-10.52313],[-37.96337,-10.51299],[-37.9666,-10.51264],[-37.97269,-10.52002],[-37.97563,-10.51564],[-37.99728,-10.51188],[-37.94394,-10.47108],[-37.93752,-10.463],[-37.9322,-10.46762],[-37.91163,-10.46153],[-37.91051,-10.46447]]]}},{"type":"Feature","properties":{"nome_proje":"PA MURITY"},"geometry":{"type":"Polygon","coordinates":[[[-38.80729,-10.72627],[-38.80148,-10.72641],[-38.80127,-10.75309],[-38.71474,-10.7385],[-38.72429,-10.7633],[-38.80991,-10.8001],[-38.83812,-10.80031],[-38.83847,-10.76406],[-38.83524,-10.73989],[-38.83733,-10.73838],[-38.82712,-10.72531],[-38.80769,-10.72259],[-38.80729,-10.72627]]]}},{"type":"Feature","properties":{"nome_proje":"PA RENASCER"},"geometry":{"type":"Polygon","coordinates":[[[-38.81379,-10.69657],[-38.80465,-10.67678],[-38.76088,-10.68056],[-38.76204,-10.69219],[-38.74688,-10.71124],[-38.74681,-10.72515],[-38.76515,-10.7272],[-38.79979,-10.70084],[-38.81379,-10.69657]]]}},{"type":"Feature","properties":{"nome_proje":"PA TINGUI GONCALVES E DESENVOLVIMENTO"},"geometry":{"type":"Polygon","coordinates":[[[-38.27113,-10.31399],[-38.31124,-10.2925],[-38.31134,-10.28608],[-38.24096,-10.28564],[-38.23785,-10.28832],[-38.24103,-10.29819],[-38.23038,-10.30575],[-38.23994,-10.31214],[-38.27113,-10.31399]]]}},{"type":"Feature","properties":{"nome_proje":"PA ZANTINHA/MAÍRA"},"geometry":{"type":"Polygon","coordinates":[[[-38.37442,-10.27371],[-38.34885,-10.28053],[-38.3431,-10.30351],[-38.35611,-10.30941],[-38.36577,-10.30617],[-38.3771,-10.28171],[-38.37442,-10.27371]]]}},{"type":"Feature","properties":{"nome_proje":"PA MALHADOR JUREMA"},"geometry":{"type":"Polygon","coordinates":[[[-38.65518,-10.24085],[-38.58961,-10.24151],[-38.59144,-10.26095],[-38.58748,-10.26996],[-38.65523,-10.26959],[-38.65518,-10.24085]]]}},{"type":"Feature","properties":{"nome_proje":"PA CARITA"},"geometry":{"type":"Polygon","coordinates":[[[-38.28423,-10.20645],[-38.25025,-10.23603],[-38.22844,-10.23961],[-38.22708,-10.24433],[-38.23112,-10.2518],[-38.22603,-10.26092],[-38.22668,-10.26735],[-38.24796,-10.28545],[-38.31123,-10.28612],[-38.30077,-10.25214],[-38.29741,-10.22335],[-38.29106,-10.2086],[-38.28558,-10.21195],[-38.28423,-10.20645]]]}},{"type":"Feature","properties":{"nome_proje":"PA ALAGOAS E PEDRA BRANCA"},"geometry":{"type":"Polygon","coordinates":[[[-38.50902,-10.14547],[-38.49942,-10.17025],[-38.4811,-10.19047],[-38.48665,-10.20618],[-38.49009,-10.20622],[-38.49395,-10.19637],[-38.50717,-10.20147],[-38.50418,-10.19678],[-38.52283,-10.19092],[-38.52728,-10.15953],[-38.50902,-10.14547]]]}},{"type":"Feature","properties":{"nome_proje":"PA CHUQUE"},"geometry":{"type":"Polygon","coordinates":[[[-38.5752,-10.02519],[-38.59469,-10.06082],[-38.60273,-10.10573],[-38.62899,-10.16679],[-38.63222,-10.16222],[-38.60899,-10.10096],[-38.60116,-10.05842],[-38.58454,-10.02623],[-38.58017,-10.02177],[-38.5752,-10.02519]]]}},{"type":"Feature","properties":{"nome_proje":"PA CHUQUE I"},"geometry":{"type":"Polygon","coordinates":[[[-38.60116,-10.05842],[-38.60899,-10.10096],[-38.63222,-10.16222],[-38.63694,-10.16258],[-38.61244,-10.09851],[-38.60846,-10.05572],[-38.58235,-10.02016],[-38.58017,-10.02177],[-38.60116,-10.05842]]]}},{"type":"Feature","properties":{"nome_proje":"PA ALTO BONITO"},"geometry":{"type":"Polygon","coordinates":[[[-38.38453,-9.74426],[-38.40259,-9.74378],[-38.40056,-9.71013],[-38.38477,-9.70943],[-38.37688,-9.71222],[-38.38453,-9.74426]]]}},{"type":"Feature","properties":{"nome_proje":"PA JOSE DE JESUS"},"geometry":{"type":"Polygon","coordinates":[[[-38.04953,-9.60294],[-38.04085,-9.59364],[-38.02215,-9.59578],[-38.02192,-9.60105],[-38.02567,-9.60252],[-38.03077,-9.6136],[-38.04953,-9.60294]]]}},{"type":"Feature","properties":{"nome_proje":"PA DOIS IRMÃOS"},"geometry":{"type":"Polygon","coordinates":[[[-37.79043,-9.51672],[-37.77224,-9.52494],[-37.77904,-9.53928],[-37.79242,-9.53289],[-37.7886,-9.52945],[-37.79043,-9.51672]]]}},{"type":"Feature","properties":{"nome_proje":"PA BELO HORIZONTE"},"geometry":{"type":"Polygon","coordinates":[[[-38.16543,-9.50639],[-38.16608,-9.49035],[-38.16189,-9.49064],[-38.15826,-9.49625],[-38.15189,-9.4956],[-38.14535,-9.50942],[-38.15389,-9.52267],[-38.15793,-9.52042],[-38.15833,-9.50805],[-38.16543,-9.50639]]]}},{"type":"Feature","properties":{"nome_proje":"PA COSTA"},"geometry":{"type":"Polygon","coordinates":[[[-37.85458,-9.47976],[-37.8396,-9.4879],[-37.83938,-9.49773],[-37.8667,-9.51204],[-37.85458,-9.47976]]]}},{"type":"Feature","properties":{"nome_proje":"PA NOVA ESPERANÇA II"},"geometry":{"type":"Polygon","coordinates":[[[-37.89239,-9.50252],[-37.89515,-9.47888],[-37.88936,-9.46097],[-37.88495,-9.46778],[-37.87575,-9.46166],[-37.864,-9.46543],[-37.8607,-9.46998],[-37.8683,-9.47932],[-37.87834,-9.51923],[-37.88852,-9.52628],[-37.88851,-9.51742],[-37.89454,-9.51571],[-37.89239,-9.50252]]]}},{"type":"Feature","properties":{"nome_proje":"PA XINGOZINHO"},"geometry":{"type":"Polygon","coordinates":[[[-37.99854,-9.48237],[-38.00083,-9.48346],[-37.99641,-9.48368],[-37.98811,-9.49599],[-37.99038,-9.50735],[-38.00062,-9.51145],[-37.99662,-9.49936],[-38.00712,-9.47885],[-38.00332,-9.47288],[-37.9986,-9.47142],[-37.99854,-9.48237]]]}},{"type":"Feature","properties":{"nome_proje":"PA LAGOA DAS PEDRAS"},"geometry":{"type":"Polygon","coordinates":[[[-37.75522,-9.45223],[-37.7466,-9.46333],[-37.75957,-9.48995],[-37.77004,-9.49073],[-37.75522,-9.45223]]]}},{"type":"Feature","properties":{"nome_proje":"PA JUREMA"},"geometry":{"type":"Polygon","coordinates":[[[-37.91799,-9.4645],[-37.91089,-9.46251],[-37.90965,-9.46656],[-37.90125,-9.47044],[-37.89908,-9.4645],[-37.89226,-9.46455],[-37.89577,-9.47934],[-37.91382,-9.47091],[-37.91212,-9.46929],[-37.91799,-9.4645]]]}},{"type":"Feature","properties":{"nome_proje":"PA SAMAMBAIA"},"geometry":{"type":"Polygon","coordinates":[[[-37.76577,-9.44325],[-37.75537,-9.4523],[-37.77007,-9.49066],[-37.7799,-9.49138],[-37.77679,-9.48846],[-37.77417,-9.47123],[-37.77089,-9.46939],[-37.76577,-9.44325]]]}},{"type":"Feature","properties":{"nome_proje":"PA BOM JESUS/TALHADO"},"geometry":{"type":"Polygon","coordinates":[[[-37.8897,-9.43458],[-37.8746,-9.43806],[-37.88103,-9.4401],[-37.88026,-9.44291],[-37.88929,-9.44931],[-37.89071,-9.45394],[-37.89976,-9.45386],[-37.8998,-9.44861],[-37.92541,-9.44061],[-37.92361,-9.42017],[-37.88761,-9.42966],[-37.8897,-9.43458]]]}},{"type":"Feature","properties":{"nome_proje":"PA VARZINHA"},"geometry":{"type":"Polygon","coordinates":[[[-38.83454,-10.24092],[-38.85133,-10.26291],[-38.86558,-10.26041],[-38.86612,-10.30197],[-38.88545,-10.30005],[-38.88225,-10.28824],[-38.88573,-10.27406],[-38.91108,-10.27045],[-38.91943,-10.27355],[-38.9297,-10.26672],[-38.91803,-10.25452],[-38.91567,-10.25548],[-38.91125,-10.24656],[-38.88012,-10.26113],[-38.86103,-10.24078],[-38.85221,-10.2263],[-38.83454,-10.24092]]]}},{"type":"Feature","properties":{"nome_proje":"PA JACOB GUERRA"},"geometry":{"type":"Polygon","coordinates":[[[-39.27406,-10.16271],[-39.25397,-10.16288],[-39.25083,-10.1668],[-39.23634,-10.16886],[-39.23738,-10.18847],[-39.23475,-10.19664],[-39.25168,-10.19794],[-39.25358,-10.18977],[-39.26976,-10.18898],[-39.28319,-10.1677],[-39.27406,-10.16271]]]}},{"type":"Feature","properties":{"nome_proje":"PA. Riacho dos Bois I"},"geometry":{"type":"Polygon","coordinates":[[[-39.29279,-9.57805],[-39.30031,-9.57826],[-39.31537,-9.58963],[-39.33158,-9.59236],[-39.33357,-9.56205],[-39.31692,-9.56353],[-39.29396,-9.54843],[-39.29279,-9.57805]]]}},{"type":"Feature","properties":{"nome_proje":"PA ANTONIO CONSELHEIRO IV"},"geometry":{"type":"Polygon","coordinates":[[[-39.33865,-8.77214],[-39.34817,-8.75223],[-39.31904,-8.73362],[-39.31911,-8.7273],[-39.31114,-8.73776],[-39.30431,-8.73716],[-39.29516,-8.75327],[-39.27741,-8.74321],[-39.28501,-8.73136],[-39.27112,-8.72243],[-39.2725,-8.72586],[-39.26693,-8.73386],[-39.26901,-8.72988],[-39.26614,-8.72401],[-39.25859,-8.73014],[-39.26117,-8.71577],[-39.25399,-8.71119],[-39.25099,-8.71779],[-39.2385,-8.71214],[-39.24286,-8.70272],[-39.23635,-8.70035],[-39.23344,-8.70689],[-39.22672,-8.71115],[-39.26124,-8.76073],[-39.27029,-8.77939],[-39.29437,-8.76653],[-39.29612,-8.7694],[-39.273,-8.78378],[-39.28119,-8.79649],[-39.28292,-8.78989],[-39.2765,-8.78512],[-39.27938,-8.78141],[-39.28541,-8.78502],[-39.29143,-8.78443],[-39.28843,-8.79486],[-39.2834,-8.79033],[-39.29,-8.80236],[-39.28924,-8.80916],[-39.31026,-8.84242],[-39.28473,-8.88084],[-39.29441,-8.88743],[-39.33107,-8.85556],[-39.33181,-8.84097],[-39.34621,-8.84245],[-39.35068,-8.83859],[-39.33865,-8.77214]],[[-39.32684,-8.79265],[-39.31482,-8.798],[-39.3125,-8.78903],[-39.32795,-8.7797],[-39.32972,-8.78634],[-39.32528,-8.78833],[-39.32684,-8.79265]],[[-39.30618,-8.78783],[-39.31038,-8.79092],[-39.3038,-8.79242],[-39.29291,-8.78376],[-39.2866,-8.78309],[-39.29263,-8.77718],[-39.30014,-8.78341],[-39.30509,-8.77784],[-39.3101,-8.78038],[-39.30618,-8.78783]]]}},{"type":"Feature","properties":{"nome_proje":"PA VENEZUELA"},"geometry":{"type":"Polygon","coordinates":[[[-38.90354,-8.69321],[-38.90414,-8.71339],[-38.91161,-8.7167],[-38.9155,-8.71059],[-38.91961,-8.71258],[-38.91912,-8.70744],[-38.92391,-8.7058],[-38.92762,-8.69566],[-38.91642,-8.67252],[-38.9133,-8.67466],[-38.91548,-8.67991],[-38.91329,-8.68508],[-38.90354,-8.69321]]]}},{"type":"Feature","properties":{"nome_proje":"PA CHE GUEVARA"},"geometry":{"type":"MultiPolygon","coordinates":[[[[-39.26097,-8.70536],[-39.26668,-8.70521],[-39.26779,-8.70818],[-39.27614,-8.69907],[-39.26469,-8.69352],[-39.26025,-8.69671],[-39.2603,-8.69723],[-39.27241,-8.6979],[-39.27116,-8.7006],[-39.2603,-8.69723],[-39.26097,-8.70536]]],[[[-39.25912,-8.70001],[-39.25977,-8.69853],[-39.25965,-8.69715],[-39.25912,-8.70001]]],[[[-39.26034,-8.70543],[-39.26002,-8.70147],[-39.25652,-8.70283],[-39.26034,-8.70543]]],[[[-39.25495,-8.70537],[-39.25621,-8.70295],[-39.25064,-8.70363],[-39.25495,-8.70537]]],[[[-39.26018,-8.68842],[-39.26022,-8.69629],[-39.26681,-8.6917],[-39.26018,-8.68842]]],[[[-39.23806,-8.69641],[-39.25232,-8.70198],[-39.25962,-8.69672],[-39.25958,-8.68813],[-39.24538,-8.68054],[-39.23806,-8.69641]]]]}},{"type":"Feature","properties":{"nome_proje":"PA BARRA"},"geometry":{"type":"MultiPolygon","coordinates":[[[[-39.02725,-8.64943],[-39.04279,-8.69866],[-39.04516,-8.69833],[-39.02725,-8.64943]]],[[[-39.04284,-8.69877],[-39.04751,-8.70492],[-39.0452,-8.69844],[-39.04284,-8.69877]]],[[[-39.02528,-8.6496],[-39.01671,-8.62816],[-39.01506,-8.62891],[-39.02528,-8.6496]]]]}},{"type":"Feature","properties":{"nome_proje":"PA NOVA ESPERANÇA"},"geometry":{"type":"Polygon","coordinates":[[[-39.10565,-8.6962],[-39.11267,-8.68007],[-39.09802,-8.61354],[-39.10921,-8.68453],[-39.10565,-8.6962]]]}},{"type":"Feature","properties":{"nome_proje":"PA SANTA RITA"},"geometry":{"type":"Polygon","coordinates":[[[-39.22641,-8.60028],[-39.23035,-8.60616],[-39.22317,-8.60873],[-39.23043,-8.61595],[-39.23546,-8.61406],[-39.24014,-8.61868],[-39.23966,-8.61127],[-39.22641,-8.60028]]]}},{"type":"Feature","properties":{"nome_proje":"PA CUSTODIA"},"geometry":{"type":"MultiPolygon","coordinates":[[[[-39.02832,-8.62167],[-39.01977,-8.61036],[-39.02347,-8.60588],[-39.01945,-8.60461],[-39.01345,-8.59996],[-39.00402,-8.59997],[-38.9972,-8.5979],[-39.01146,-8.63053],[-39.02832,-8.62167]]],[[[-39.02346,-8.60565],[-39.02307,-8.59025],[-39.02564,-8.58337],[-39.00827,-8.57461],[-39.00747,-8.58577],[-39.00277,-8.58396],[-38.99809,-8.59694],[-39.01352,-8.59975],[-39.02346,-8.60565]]]]}},{"type":"Feature","properties":{"nome_proje":"PA BEZERROS"},"geometry":{"type":"Polygon","coordinates":[[[-38.11314,-9.35267],[-38.14293,-9.36648],[-38.15158,-9.36386],[-38.15141,-9.35097],[-38.13269,-9.33567],[-38.12073,-9.32948],[-38.11712,-9.33127],[-38.11314,-9.35267]]]}},{"type":"Feature","properties":{"nome_proje":"PA PARAÍSO"},"geometry":{"type":"Polygon","coordinates":[[[-37.91781,-9.28654],[-37.90507,-9.29097],[-37.91555,-9.30261],[-37.92706,-9.29869],[-37.92527,-9.2917],[-37.92282,-9.29332],[-37.924,-9.29857],[-37.92231,-9.29281],[-37.91764,-9.29704],[-37.91567,-9.29521],[-37.91681,-9.29167],[-37.92262,-9.29157],[-37.91781,-9.28654]]]}},{"type":"Feature","properties":{"nome_proje":"PA COBRA"},"geometry":{"type":"Polygon","coordinates":[[[-37.90469,-9.25777],[-37.90196,-9.26353],[-37.88968,-9.26405],[-37.89176,-9.27518],[-37.89828,-9.27719],[-37.89656,-9.28366],[-37.90588,-9.2928],[-37.90513,-9.29079],[-37.91053,-9.29051],[-37.90814,-9.28915],[-37.9098,-9.28095],[-37.90278,-9.27304],[-37.90789,-9.25834],[-37.91694,-9.26032],[-37.90402,-9.2518],[-37.9021,-9.25328],[-37.90469,-9.25777]]]}},{"type":"Feature","properties":{"nome_proje":"PA COBRA II"},"geometry":{"type":"Polygon","coordinates":[[[-37.90714,-9.2635],[-37.90278,-9.27304],[-37.91257,-9.28123],[-37.91549,-9.26717],[-37.90714,-9.2635]]]}},{"type":"Feature","properties":{"nome_proje":"PA NAVIO"},"geometry":{"type":"Polygon","coordinates":[[[-37.8314,-9.26446],[-37.82514,-9.26513],[-37.83047,-9.27267],[-37.8331,-9.27221],[-37.8314,-9.26446]]]}},{"type":"Feature","properties":{"nome_proje":"PA TODOS OS SANTOS/CHUPETE"},"geometry":{"type":"Polygon","coordinates":[[[-37.84616,-9.25869],[-37.85908,-9.26264],[-37.85968,-9.26622],[-37.86712,-9.26306],[-37.8728,-9.27231],[-37.88577,-9.27458],[-37.88957,-9.26777],[-37.87975,-9.25287],[-37.88434,-9.24678],[-37.88073,-9.24011],[-37.86621,-9.23687],[-37.85529,-9.24424],[-37.83633,-9.22476],[-37.83868,-9.20899],[-37.83474,-9.20808],[-37.83043,-9.21795],[-37.83728,-9.226],[-37.8355,-9.2386],[-37.84668,-9.24165],[-37.84616,-9.25869]]]}},{"type":"Feature","properties":{"nome_proje":"PA SALGADINHO"},"geometry":{"type":"Polygon","coordinates":[[[-37.83474,-9.20808],[-37.81357,-9.2083],[-37.81064,-9.2155],[-37.82319,-9.23231],[-37.83474,-9.20808]]]}},{"type":"Feature","properties":{"nome_proje":"PCA MALHADA VERMELHA"},"geometry":{"type":"Polygon","coordinates":[[[-37.9636,-9.21406],[-37.96089,-9.21042],[-37.95569,-9.21198],[-37.96208,-9.21811],[-37.96013,-9.22017],[-37.96242,-9.22293],[-37.96577,-9.21793],[-37.96966,-9.21913],[-37.97111,-9.21651],[-37.96616,-9.21007],[-37.9636,-9.21406]]]}},{"type":"Feature","properties":{"nome_proje":"PA BAIXA DO ICO II"},"geometry":{"type":"Polygon","coordinates":[[[-38.13016,-9.12118],[-38.13616,-9.12515],[-38.13969,-9.11317],[-38.13613,-9.11222],[-38.13641,-9.11548],[-38.13016,-9.12118]]]}},{"type":"Feature","properties":{"nome_proje":"PA VALE DO SURUBIM"},"geometry":{"type":"Polygon","coordinates":[[[-37.86637,-9.0758],[-37.89186,-9.04937],[-37.88809,-9.04154],[-37.84455,-9.08415],[-37.84848,-9.08949],[-37.86637,-9.0758]]]}},{"type":"Feature","properties":{"nome_proje":"PA SANTA MARIA"},"geometry":{"type":"Polygon","coordinates":[[[-37.92519,-9.77019],[-37.9264,-9.77518],[-37.93404,-9.77032],[-37.93554,-9.77456],[-37.92762,-9.77869],[-37.93197,-9.78998],[-37.94213,-9.7801],[-37.94698,-9.78504],[-37.94991,-9.7818],[-37.94341,-9.76159],[-37.92519,-9.77019]]]}},{"type":"Feature","properties":{"nome_proje":"PA JOÃO PEDRO TEIXEIRA"},"geometry":{"type":"Polygon","coordinates":[[[-37.855,-9.71136],[-37.83504,-9.71831],[-37.84435,-9.74919],[-37.84294,-9.75365],[-37.81414,-9.75782],[-37.81359,-9.76551],[-37.8235,-9.79304],[-37.84991,-9.78388],[-37.86444,-9.782],[-37.86538,-9.78518],[-37.87542,-9.78097],[-37.86727,-9.7484],[-37.87186,-9.74072],[-37.86997,-9.73412],[-37.86472,-9.7298],[-37.855,-9.71136]]]}},{"type":"Feature","properties":{"nome_proje":"PA SANTA RITA"},"geometry":{"type":"Polygon","coordinates":[[[-37.97267,-9.76327],[-37.97683,-9.76176],[-37.97571,-9.74344],[-37.98102,-9.72919],[-37.9702,-9.72157],[-37.97946,-9.71125],[-37.98411,-9.7155],[-37.98547,-9.70266],[-37.96156,-9.7121],[-37.96425,-9.7163],[-37.95125,-9.72687],[-37.96017,-9.73619],[-37.95585,-9.74425],[-37.96267,-9.75158],[-37.96513,-9.75051],[-37.96615,-9.75717],[-37.97267,-9.76327]]]}},{"type":"Feature","properties":{"nome_proje":"PA CUIABÁ"},"geometry":{"type":"MultiPolygon","coordinates":[[[[-37.81305,-9.69603],[-37.81458,-9.73079],[-37.83623,-9.72569],[-37.83499,-9.71003],[-37.82749,-9.69657],[-37.82986,-9.69221],[-37.82047,-9.68842],[-37.81305,-9.69603]]],[[[-37.83628,-9.72578],[-37.80095,-9.73406],[-37.80676,-9.75774],[-37.82476,-9.75776],[-37.84289,-9.75355],[-37.84425,-9.74921],[-37.83628,-9.72578]]]]}},{"type":"Feature","properties":{"nome_proje":"PA FLORESTAN FERNANDES"},"geometry":{"type":"Polygon","coordinates":[[[-37.87621,-9.69682],[-37.87941,-9.71033],[-37.87628,-9.71369],[-37.88326,-9.72594],[-37.87537,-9.74387],[-37.89662,-9.73206],[-37.90684,-9.70616],[-37.89679,-9.71031],[-37.88478,-9.71033],[-37.88765,-9.69854],[-37.88297,-9.7],[-37.87621,-9.69682]]]}},{"type":"Feature","properties":{"nome_proje":"PA DOZE DE MARÇO"},"geometry":{"type":"Polygon","coordinates":[[[-38.03225,-9.66591],[-38.04086,-9.65492],[-38.03761,-9.65233],[-38.01909,-9.6638],[-38.01508,-9.65264],[-38.00254,-9.65726],[-37.99304,-9.66747],[-38.00249,-9.68816],[-38.02672,-9.6992],[-38.034,-9.68659],[-38.02459,-9.6817],[-38.02671,-9.67943],[-38.02392,-9.67075],[-38.03225,-9.66591]]]}},{"type":"Feature","properties":{"nome_proje":"PA MODELO"},"geometry":{"type":"Polygon","coordinates":[[[-37.86891,-9.64859],[-37.86529,-9.64231],[-37.8557,-9.64491],[-37.83767,-9.6786],[-37.84394,-9.68045],[-37.84506,-9.68791],[-37.83946,-9.69459],[-37.84691,-9.69667],[-37.85823,-9.68578],[-37.85224,-9.67619],[-37.86891,-9.64859]]]}},{"type":"Feature","properties":{"nome_proje":"PA NOSSA SENHORA DE FATIMA"},"geometry":{"type":"Polygon","coordinates":[[[-38.03384,-9.63634],[-38.04308,-9.65213],[-38.03204,-9.66551],[-38.04044,-9.67485],[-38.04099,-9.68019],[-38.05248,-9.69077],[-38.07395,-9.68362],[-38.06884,-9.68077],[-38.06049,-9.68426],[-38.05822,-9.68208],[-38.06665,-9.67912],[-38.0624,-9.6734],[-38.06998,-9.66992],[-38.05939,-9.6646],[-38.06124,-9.66145],[-38.05075,-9.65698],[-38.05592,-9.64838],[-38.05033,-9.64282],[-38.04574,-9.64465],[-38.04162,-9.63612],[-38.03384,-9.63634]]]}},{"type":"Feature","properties":{"nome_proje":"PA GUANABARA"},"geometry":{"type":"Polygon","coordinates":[[[-38.02011,-9.65988],[-38.04343,-9.65253],[-38.03519,-9.63812],[-38.025,-9.6495],[-38.01557,-9.65259],[-38.02011,-9.65988]]]}},{"type":"Feature","properties":{"nome_proje":"PA MANDACARU"},"geometry":{"type":"Polygon","coordinates":[[[-37.96878,-9.60125],[-37.96331,-9.57881],[-37.9572,-9.585],[-37.94658,-9.58709],[-37.94715,-9.60713],[-37.932,-9.63717],[-37.93333,-9.6564],[-37.94516,-9.65629],[-37.95453,-9.65091],[-37.96021,-9.60395],[-37.96878,-9.60125]]]}},{"type":"Feature","properties":{"nome_proje":"PA JACOBINA I"},"geometry":{"type":"Polygon","coordinates":[[[-37.12915,-9.85845],[-37.12471,-9.86028],[-37.12558,-9.87439],[-37.13461,-9.89463],[-37.13786,-9.8949],[-37.13011,-9.8748],[-37.12915,-9.85845]]]}},{"type":"Feature","properties":{"nome_proje":"PA JACOBINA II"},"geometry":{"type":"Polygon","coordinates":[[[-37.13121,-9.8576],[-37.13011,-9.8748],[-37.14112,-9.89524],[-37.14313,-9.89442],[-37.13996,-9.88181],[-37.13145,-9.87041],[-37.13391,-9.86686],[-37.13121,-9.8576]]]}},{"type":"Feature","properties":{"nome_proje":"PA JACOBINA III"},"geometry":{"type":"Polygon","coordinates":[[[-37.11906,-9.85675],[-37.12767,-9.89477],[-37.134,-9.89331],[-37.12636,-9.87719],[-37.12471,-9.86028],[-37.12167,-9.86153],[-37.11906,-9.85675]]]}},{"type":"Feature","properties":{"nome_proje":"PA JOSÉ UNALDO DE OLIVEIRA"},"geometry":{"type":"Polygon","coordinates":[[[-37.3035,-9.85792],[-37.31314,-9.85427],[-37.30258,-9.83368],[-37.29149,-9.83107],[-37.30518,-9.85659],[-37.3035,-9.85792]]]}},{"type":"Feature","properties":{"nome_proje":"PA VITORIA DO SÄO FRANCISCO"},"geometry":{"type":"Polygon","coordinates":[[[-37.33277,-9.81415],[-37.33074,-9.82044],[-37.3626,-9.87262],[-37.36714,-9.86885],[-37.33277,-9.81415]]]}},{"type":"Feature","properties":{"nome_proje":"PA PAULO FREIRE"},"geometry":{"type":"Polygon","coordinates":[[[-37.49911,-9.82981],[-37.49908,-9.82462],[-37.48909,-9.8309],[-37.48212,-9.82016],[-37.46715,-9.82824],[-37.47172,-9.83566],[-37.45686,-9.84352],[-37.46624,-9.85557],[-37.48266,-9.86502],[-37.48985,-9.85628],[-37.48518,-9.84972],[-37.49601,-9.84151],[-37.49248,-9.83609],[-37.49911,-9.82981]]]}},{"type":"Feature","properties":{"nome_proje":"RTRQ TQ MOCAMBO"},"geometry":{"type":"Polygon","coordinates":[[[-37.39729,-9.78044],[-37.42876,-9.82863],[-37.45207,-9.80667],[-37.42368,-9.76368],[-37.39729,-9.78044]]]}},{"type":"Feature","properties":{"nome_proje":"PA NOSSA SENHORA DO CARMO"},"geometry":{"type":"Polygon","coordinates":[[[-37.45334,-9.75632],[-37.43458,-9.76097],[-37.4348,-9.76933],[-37.43651,-9.77141],[-37.44657,-9.76378],[-37.44828,-9.76809],[-37.45539,-9.76345],[-37.45334,-9.75632]]]}},{"type":"Feature","properties":{"nome_proje":"PA SERROTE AROEIRAS"},"geometry":{"type":"Polygon","coordinates":[[[-37.22171,-9.71222],[-37.20767,-9.72535],[-37.2028,-9.72589],[-37.20765,-9.7299],[-37.23481,-9.71927],[-37.23185,-9.71021],[-37.22171,-9.71222]]]}},{"type":"Feature","properties":{"nome_proje":"PA SANTA MARIA"},"geometry":{"type":"Polygon","coordinates":[[[-37.05006,-9.389],[-37.00241,-9.39902],[-37.00444,-9.40535],[-37.01009,-9.40666],[-37.01389,-9.41399],[-37.03055,-9.41635],[-37.03521,-9.41121],[-37.04657,-9.41142],[-37.05,-9.4159],[-37.04711,-9.41792],[-37.05072,-9.43008],[-37.05945,-9.42285],[-37.06347,-9.42301],[-37.06609,-9.42783],[-37.06847,-9.42707],[-37.06642,-9.42249],[-37.06902,-9.42192],[-37.07086,-9.42581],[-37.07303,-9.42464],[-37.07026,-9.4223],[-37.07447,-9.42031],[-37.07327,-9.41735],[-37.06374,-9.41885],[-37.05747,-9.40674],[-37.05039,-9.41082],[-37.05083,-9.40457],[-37.05747,-9.39826],[-37.0515,-9.39466],[-37.05006,-9.389]]]}},{"type":"Feature","properties":{"nome_proje":"PA NOVA PAZ"},"geometry":{"type":"MultiPolygon","coordinates":[[[[-36.86867,-9.75952],[-36.86087,-9.76167],[-36.85584,-9.7618],[-36.85639,-9.76824],[-36.86387,-9.76778],[-36.86606,-9.77224],[-36.87492,-9.76876],[-36.86867,-9.75952]]],[[[-36.85845,-9.74434],[-36.85584,-9.76173],[-36.86863,-9.75945],[-36.86067,-9.74869],[-36.86553,-9.74639],[-36.85845,-9.74434]]]]}},{"type":"Feature","properties":{"nome_proje":"PA JAPAOII"},"geometry":{"type":"Polygon","coordinates":[[[-36.83316,-9.72809],[-36.82666,-9.73581],[-36.83541,-9.74373],[-36.83558,-9.7485],[-36.8425,-9.74494],[-36.83316,-9.72809]]]}},{"type":"Feature","properties":{"nome_proje":"PA ROSELÍ NUNES"},"geometry":{"type":"Polygon","coordinates":[[[-36.86816,-9.71983],[-36.87089,-9.72467],[-36.85128,-9.73628],[-36.85624,-9.74303],[-36.86052,-9.74373],[-36.86538,-9.73894],[-36.87758,-9.73594],[-36.87428,-9.72731],[-36.88466,-9.72381],[-36.8805,-9.71479],[-36.86816,-9.71983]]]}},{"type":"Feature","properties":{"nome_proje":"PA PADRE CÍCERO"},"geometry":{"type":"Polygon","coordinates":[[[-36.94126,-9.72706],[-36.94219,-9.73482],[-36.95614,-9.72903],[-36.95122,-9.72107],[-36.92046,-9.72435],[-36.91889,-9.73135],[-36.92219,-9.73035],[-36.9243,-9.73368],[-36.94126,-9.72706]]]}},{"type":"Feature","properties":{"nome_proje":"PA SETE COQUEIROS"},"geometry":{"type":"Polygon","coordinates":[[[-36.82072,-9.7191],[-36.81804,-9.72192],[-36.8224,-9.73231],[-36.82679,-9.73043],[-36.82072,-9.7191]]]}},{"type":"Feature","properties":{"nome_proje":"PA RENDEIRA"},"geometry":{"type":"Polygon","coordinates":[[[-36.87832,-9.71118],[-36.88468,-9.72375],[-36.89461,-9.72037],[-36.89846,-9.72831],[-36.9028,-9.72678],[-36.90108,-9.72401],[-36.90531,-9.72065],[-36.93134,-9.71253],[-36.92681,-9.70119],[-36.96874,-9.6903],[-36.97598,-9.68483],[-36.97302,-9.68038],[-36.96636,-9.68494],[-36.96472,-9.67609],[-36.95849,-9.67267],[-36.95828,-9.66777],[-36.93505,-9.67417],[-36.92727,-9.6808],[-36.89387,-9.6968],[-36.89145,-9.68588],[-36.87163,-9.69408],[-36.86307,-9.67913],[-36.83751,-9.68904],[-36.83342,-9.68665],[-36.81211,-9.69303],[-36.81635,-9.70214],[-36.82099,-9.70081],[-36.81966,-9.69742],[-36.82761,-9.69708],[-36.85423,-9.68654],[-36.8601,-9.69691],[-36.86081,-9.70502],[-36.83854,-9.71362],[-36.8447,-9.72905],[-36.86261,-9.72272],[-36.86115,-9.71821],[-36.86599,-9.71841],[-36.86471,-9.71478],[-36.87832,-9.71118]]]}},{"type":"Feature","properties":{"nome_proje":"PA GENIVALDO MOURA II/SANTA LUZIA DO RIACHÃO e DOM BOSCO"},"geometry":{"type":"Polygon","coordinates":[[[-36.81533,-9.66015],[-36.80249,-9.65961],[-36.7987,-9.66463],[-36.80393,-9.67654],[-36.81352,-9.67709],[-36.80628,-9.66981],[-36.81895,-9.66516],[-36.81533,-9.66015]]]}},{"type":"Feature","properties":{"nome_proje":"PA ALGODÃO"},"geometry":{"type":"Polygon","coordinates":[[[-36.69237,-9.40932],[-36.7049,-9.40633],[-36.7048,-9.4027],[-36.68945,-9.40683],[-36.69237,-9.40932]]]}},{"type":"Feature","properties":{"nome_proje":"PA JACARÉ CURITUBA"},"geometry":{"type":"Polygon","coordinates":[[[-37.73474,-9.68912],[-37.72522,-9.69432],[-37.72801,-9.69866],[-37.73714,-9.69327],[-37.74075,-9.6989],[-37.73159,-9.71665],[-37.73618,-9.72352],[-37.7472,-9.7177],[-37.75067,-9.72267],[-37.75016,-9.73236],[-37.76177,-9.71753],[-37.75673,-9.69695],[-37.75779,-9.68759],[-37.75155,-9.68933],[-37.73131,-9.66389],[-37.72823,-9.66883],[-37.73474,-9.68912]]]}},{"type":"Feature","properties":{"nome_proje":"PA MONTE SANTO I"},"geometry":{"type":"Polygon","coordinates":[[[-37.758,-9.67221],[-37.75207,-9.66221],[-37.74249,-9.66643],[-37.73752,-9.65939],[-37.73201,-9.66387],[-37.74874,-9.68381],[-37.75263,-9.67637],[-37.7576,-9.67963],[-37.758,-9.67221]]]}},{"type":"Feature","properties":{"nome_proje":"PA JAPÃO I"},"geometry":{"type":"Polygon","coordinates":[[[-37.52475,-9.63854],[-37.51815,-9.64517],[-37.52507,-9.66052],[-37.51568,-9.66372],[-37.51697,-9.67159],[-37.53167,-9.67206],[-37.53084,-9.66677],[-37.5362,-9.66445],[-37.53847,-9.65726],[-37.54274,-9.65646],[-37.53511,-9.64491],[-37.53217,-9.6465],[-37.52975,-9.64033],[-37.52475,-9.63854]]]}},{"type":"Feature","properties":{"nome_proje":"PA NOVO GOSTO"},"geometry":{"type":"Polygon","coordinates":[[[-37.63937,-9.6121],[-37.62405,-9.61918],[-37.61398,-9.61958],[-37.60698,-9.62753],[-37.61458,-9.63412],[-37.61431,-9.63953],[-37.62587,-9.64694],[-37.63211,-9.6337],[-37.64596,-9.62758],[-37.63937,-9.6121]]]}},{"type":"Feature","properties":{"nome_proje":"PA LAGOA DA CACHOEIRA"},"geometry":{"type":"Polygon","coordinates":[[[-37.64915,-9.57958],[-37.64644,-9.58525],[-37.66504,-9.60298],[-37.67638,-9.59382],[-37.65612,-9.57555],[-37.64915,-9.57958]]]}},{"type":"Feature","properties":{"nome_proje":"PA LAGOA COMPRIDA"},"geometry":{"type":"Polygon","coordinates":[[[-37.73014,-9.48901],[-37.73871,-9.5143],[-37.74757,-9.51054],[-37.74422,-9.48907],[-37.73014,-9.48901]]]}},{"type":"Feature","properties":{"nome_proje":"PA DELMIRO GOUVEIA"},"geometry":{"type":"Polygon","coordinates":[[[-37.67502,-9.35296],[-37.70114,-9.34471],[-37.70196,-9.33333],[-37.68295,-9.33941],[-37.68244,-9.34227],[-37.653,-9.35603],[-37.65013,-9.353],[-37.62414,-9.36517],[-37.63289,-9.37303],[-37.6309,-9.37588],[-37.63587,-9.37601],[-37.67502,-9.35296]]]}},{"type":"Feature","properties":{"nome_proje":"PA NOSSA SENHORA APARECIDA"},"geometry":{"type":"Polygon","coordinates":[[[-37.71299,-8.9026],[-37.66977,-8.93188],[-37.68405,-8.95699],[-37.72305,-8.9446],[-37.73087,-8.93627],[-37.72086,-8.90614],[-37.71299,-8.9026]]]}},{"type":"Feature","properties":{"nome_proje":"PA POÇO VERDE"},"geometry":{"type":"MultiPolygon","coordinates":[[[[-37.71512,-8.78262],[-37.7702,-8.7163],[-37.76541,-8.71187],[-37.71138,-8.77661],[-37.71512,-8.78262]]],[[[-37.71109,-8.77695],[-37.69874,-8.79174],[-37.70294,-8.79426],[-37.70417,-8.79573],[-37.71488,-8.78291],[-37.71109,-8.77695]]],[[[-37.6986,-8.79191],[-37.68079,-8.81328],[-37.68671,-8.81666],[-37.70405,-8.79587],[-37.6986,-8.79191]]]]}},{"type":"Feature","properties":{"nome_proje":"PA SAMUEL MATIAS"},"geometry":{"type":"Polygon","coordinates":[[[-37.68087,-8.6653],[-37.67937,-8.66994],[-37.74774,-8.67786],[-37.75215,-8.6731],[-37.68087,-8.6653]]]}},{"type":"Feature","properties":{"nome_proje":"PA CAIÇARA"},"geometry":{"type":"Polygon","coordinates":[[[-37.01105,-9.21513],[-36.97034,-9.2372],[-36.97347,-9.24389],[-36.99659,-9.25189],[-37.0055,-9.2283],[-37.01262,-9.21817],[-37.01105,-9.21513]]]}},{"type":"Feature","properties":{"nome_proje":"PA MATA ESCURA"},"geometry":{"type":"Polygon","coordinates":[[[-36.96289,-9.22041],[-36.96384,-9.22895],[-36.95316,-9.22701],[-36.9576,-9.23355],[-36.95294,-9.2424],[-36.95942,-9.24702],[-36.96844,-9.2397],[-36.96427,-9.23567],[-36.9754,-9.22999],[-36.97183,-9.22447],[-36.96289,-9.22041]]]}},{"type":"Feature","properties":{"nome_proje":"PA POÇO DA CABRA"},"geometry":{"type":"Polygon","coordinates":[[[-36.97846,-9.21296],[-36.96409,-9.21933],[-36.97317,-9.22715],[-36.98171,-9.22265],[-36.97846,-9.21296]]]}},{"type":"Feature","properties":{"nome_proje":"PA MATA ESCURA II"},"geometry":{"type":"Polygon","coordinates":[[[-36.96471,-9.17108],[-36.95397,-9.18522],[-36.96815,-9.18262],[-36.97258,-9.18839],[-36.99188,-9.19881],[-36.99268,-9.19505],[-36.96471,-9.17108]]]}},{"type":"Feature","properties":{"nome_proje":"PA CRISTO REI"},"geometry":{"type":"Polygon","coordinates":[[[-36.98572,-9.11661],[-36.96587,-9.12534],[-36.96211,-9.12012],[-36.94691,-9.13053],[-36.94582,-9.12398],[-36.93601,-9.13111],[-36.9424,-9.13683],[-36.94083,-9.14731],[-36.96391,-9.14966],[-36.9701,-9.14856],[-36.97061,-9.14559],[-36.97881,-9.14811],[-36.97907,-9.1435],[-36.9823,-9.14278],[-36.9903,-9.14598],[-36.99544,-9.14338],[-36.99604,-9.13761],[-36.98498,-9.13388],[-36.9908,-9.1317],[-36.99304,-9.12512],[-36.98572,-9.11661]]]}},{"type":"Feature","properties":{"nome_proje":"PA CACIMBA DA FURNA"},"geometry":{"type":"Polygon","coordinates":[[[-37.2675,-9.0967],[-37.25088,-9.11523],[-37.23945,-9.1221],[-37.24248,-9.1336],[-37.26213,-9.12718],[-37.27831,-9.11689],[-37.27474,-9.1159],[-37.28156,-9.11094],[-37.27427,-9.10716],[-37.2675,-9.0967]]]}},{"type":"Feature","properties":{"nome_proje":"PA SANTA LUZIA"},"geometry":{"type":"Polygon","coordinates":[[[-37.31515,-9.03786],[-37.28545,-9.01892],[-37.28753,-9.01629],[-37.28347,-9.01068],[-37.26674,-9.01473],[-37.26278,-9.02184],[-37.27183,-9.02877],[-37.2738,-9.03421],[-37.28249,-9.036],[-37.29016,-9.03079],[-37.29414,-9.03926],[-37.31383,-9.04354],[-37.31515,-9.03786]]]}},{"type":"Feature","properties":{"nome_proje":"PA SERRA DOS CAVALOS"},"geometry":{"type":"Polygon","coordinates":[[[-37.2607,-8.97647],[-37.25333,-8.98394],[-37.24679,-8.97907],[-37.22905,-8.99794],[-37.25031,-9.01854],[-37.2563,-9.00302],[-37.26543,-8.99843],[-37.26968,-8.99092],[-37.2607,-8.97647]]]}},{"type":"Feature","properties":{"nome_proje":"PA UMBURANA"},"geometry":{"type":"Polygon","coordinates":[[[-37.14122,-8.97031],[-37.10706,-8.97322],[-37.10728,-8.977],[-37.10142,-8.98098],[-37.09942,-8.97792],[-37.07881,-8.98142],[-37.07271,-8.98433],[-37.07128,-8.98939],[-37.07874,-8.99359],[-37.10621,-8.99412],[-37.14597,-8.97905],[-37.14122,-8.97031]]]}},{"type":"Feature","properties":{"nome_proje":"PA SANTA ANGELA"},"geometry":{"type":"Polygon","coordinates":[[[-37.07539,-8.9378],[-37.06937,-8.94613],[-37.03369,-8.96039],[-37.03781,-8.97137],[-37.09192,-8.94994],[-37.08937,-8.9479],[-37.08477,-8.95016],[-37.07539,-8.9378]]]}},{"type":"Feature","properties":{"nome_proje":"PA BARRA NOVA"},"geometry":{"type":"Polygon","coordinates":[[[-36.93407,-9.16902],[-36.91836,-9.1724],[-36.91743,-9.19573],[-36.93154,-9.19105],[-36.94156,-9.19443],[-36.94296,-9.19946],[-36.95184,-9.20056],[-36.95241,-9.19695],[-36.96601,-9.19347],[-36.96874,-9.19776],[-36.96682,-9.20053],[-36.97242,-9.1995],[-36.97721,-9.2108],[-36.9825,-9.20881],[-36.98618,-9.21933],[-36.99655,-9.21135],[-36.99188,-9.19881],[-36.98659,-9.1961],[-36.97617,-9.20152],[-36.97325,-9.19715],[-36.98136,-9.19266],[-36.97766,-9.19054],[-36.96846,-9.19282],[-36.97342,-9.18891],[-36.96815,-9.18262],[-36.95397,-9.18522],[-36.95449,-9.17768],[-36.93903,-9.17887],[-36.93407,-9.16902]]]}},{"type":"Feature","properties":{"nome_proje":"PA JUSSARA"},"geometry":{"type":"Polygon","coordinates":[[[-36.93056,-9.15399],[-36.92055,-9.14547],[-36.91605,-9.15258],[-36.92184,-9.12863],[-36.91197,-9.12737],[-36.90859,-9.17386],[-36.93056,-9.15399]]]}},{"type":"Feature","properties":{"nome_proje":"PA LAGOA DO SERROTINHO"},"geometry":{"type":"Polygon","coordinates":[[[-36.92939,-8.96819],[-36.92284,-8.97427],[-36.90401,-8.98103],[-36.90387,-8.98653],[-36.89979,-8.99007],[-36.90191,-8.99746],[-36.91117,-8.99251],[-36.91525,-8.98645],[-36.91673,-8.98901],[-36.92573,-8.98699],[-36.93817,-8.97973],[-36.92833,-8.97112],[-36.92939,-8.96819]]]}},{"type":"Feature","properties":{"nome_proje":"PA LAGEDO DO MOCOTÓ"},"geometry":{"type":"Polygon","coordinates":[[[-36.93622,-8.89992],[-36.94678,-8.9186],[-36.93726,-8.92257],[-36.94109,-8.92651],[-36.92046,-8.93939],[-36.92792,-8.96133],[-36.92807,-8.95654],[-36.93268,-8.95487],[-36.94515,-8.95846],[-36.95533,-8.95171],[-36.94786,-8.94743],[-36.94346,-8.94013],[-36.9487,-8.9313],[-36.94348,-8.92457],[-36.95682,-8.917],[-36.94592,-8.90612],[-36.94517,-8.89975],[-36.93622,-8.89992]]]}},{"type":"Feature","properties":{"nome_proje":"PA BOI BRANCO"},"geometry":{"type":"Polygon","coordinates":[[[-36.90793,-8.90264],[-36.89959,-8.90223],[-36.87857,-8.92004],[-36.85949,-8.90726],[-36.85265,-8.92512],[-36.86335,-8.92779],[-36.86808,-8.93623],[-36.88163,-8.93539],[-36.8803,-8.93029],[-36.91508,-8.916],[-36.90793,-8.90264]]]}},{"type":"Feature","properties":{"nome_proje":"PA SAO JOSE"},"geometry":{"type":"Polygon","coordinates":[[[-36.8825,-8.87475],[-36.88191,-8.87015],[-36.87791,-8.8691],[-36.87711,-8.87571],[-36.87037,-8.87711],[-36.87467,-8.8812],[-36.86903,-8.88757],[-36.87499,-8.89329],[-36.87892,-8.88578],[-36.88534,-8.89051],[-36.87533,-8.91133],[-36.8744,-8.91746],[-36.87856,-8.92],[-36.87977,-8.91351],[-36.89173,-8.90532],[-36.89341,-8.89809],[-36.90212,-8.89138],[-36.89686,-8.88801],[-36.88904,-8.89373],[-36.88852,-8.88554],[-36.88062,-8.88415],[-36.88852,-8.87151],[-36.8921,-8.87291],[-36.89403,-8.86991],[-36.89028,-8.86359],[-36.88552,-8.86487],[-36.88296,-8.86868],[-36.88569,-8.87394],[-36.8825,-8.87475]]]}},{"type":"Feature","properties":{"nome_proje":"PA PITOMBEIRAS"},"geometry":{"type":"Polygon","coordinates":[[[-36.28772,-8.80007],[-36.28569,-8.81131],[-36.27866,-8.81747],[-36.2852,-8.82466],[-36.27796,-8.83705],[-36.27834,-8.84292],[-36.28209,-8.84602],[-36.28978,-8.83576],[-36.28516,-8.83445],[-36.28434,-8.82757],[-36.28874,-8.82454],[-36.2924,-8.83072],[-36.29916,-8.82541],[-36.2956,-8.821],[-36.29891,-8.82034],[-36.29788,-8.80982],[-36.29456,-8.81269],[-36.29451,-8.80524],[-36.28772,-8.80007]]]}},{"type":"Feature","properties":{"nome_proje":"PA CACIMBA NOVA"},"geometry":{"type":"Polygon","coordinates":[[[-36.82641,-8.79596],[-36.8369,-8.83058],[-36.84191,-8.83138],[-36.85028,-8.82667],[-36.85747,-8.83874],[-36.86327,-8.83347],[-36.85586,-8.81421],[-36.85309,-8.81336],[-36.86289,-8.8055],[-36.8556,-8.79918],[-36.8522,-8.80189],[-36.84944,-8.79872],[-36.83815,-8.80732],[-36.82641,-8.79596]]]}},{"type":"Feature","properties":{"nome_proje":"PA FAZENDA BARRA VERDE"},"geometry":{"type":"Polygon","coordinates":[[[-37.30464,-8.90796],[-37.27754,-8.93117],[-37.27367,-8.92994],[-37.26376,-8.93713],[-37.26172,-8.94348],[-37.21494,-8.95086],[-37.22317,-8.96881],[-37.26076,-8.97199],[-37.26313,-8.95993],[-37.28118,-8.9633],[-37.27528,-8.97144],[-37.2607,-8.97647],[-37.26968,-8.99092],[-37.28114,-8.9821],[-37.29426,-8.98364],[-37.30548,-8.97425],[-37.3079,-8.97677],[-37.31241,-8.97314],[-37.29934,-8.96121],[-37.30491,-8.95081],[-37.29248,-8.93791],[-37.28226,-8.93673],[-37.296,-8.92512],[-37.29996,-8.91794],[-37.31069,-8.91277],[-37.30464,-8.90796]]]}},{"type":"Feature","properties":{"nome_proje":"PA SÃO JOSÉ II"},"geometry":{"type":"Polygon","coordinates":[[[-37.06758,-8.92778],[-37.03763,-8.95307],[-37.03929,-8.95879],[-37.06937,-8.94613],[-37.07454,-8.93679],[-37.08198,-8.93536],[-37.08099,-8.92909],[-37.06758,-8.92778]]]}},{"type":"Feature","properties":{"nome_proje":"PA ANGICO TORTO"},"geometry":{"type":"Polygon","coordinates":[[[-37.30836,-8.91425],[-37.29996,-8.91794],[-37.296,-8.92512],[-37.28226,-8.93673],[-37.29248,-8.93791],[-37.30491,-8.95081],[-37.2996,-8.96277],[-37.30917,-8.97071],[-37.3399,-8.94682],[-37.3349,-8.92594],[-37.32946,-8.92428],[-37.32961,-8.91892],[-37.33371,-8.91966],[-37.33397,-8.91495],[-37.30836,-8.91425]]]}},{"type":"Feature","properties":{"nome_proje":"PA SÃO GERALDO"},"geometry":{"type":"Polygon","coordinates":[[[-37.22061,-8.93301],[-37.22198,-8.94992],[-37.25789,-8.9441],[-37.25806,-8.94088],[-37.22061,-8.93301]]]}},{"type":"Feature","properties":{"nome_proje":"PA LIBERTAÇÃO"},"geometry":{"type":"MultiPolygon","coordinates":[[[[-37.41176,-8.88466],[-37.41171,-8.8936],[-37.4043,-8.89269],[-37.40351,-8.89818],[-37.39839,-8.89797],[-37.39779,-8.90367],[-37.40736,-8.90357],[-37.40586,-8.89869],[-37.40863,-8.89739],[-37.41686,-8.90152],[-37.41715,-8.92117],[-37.42052,-8.92066],[-37.41924,-8.93036],[-37.42622,-8.92959],[-37.42449,-8.93528],[-37.42055,-8.93486],[-37.42272,-8.9427],[-37.43191,-8.93926],[-37.43291,-8.94493],[-37.4372,-8.94348],[-37.44152,-8.92876],[-37.45168,-8.93062],[-37.45073,-8.92669],[-37.45307,-8.92696],[-37.45193,-8.92256],[-37.44672,-8.9225],[-37.44709,-8.91737],[-37.45067,-8.91664],[-37.43745,-8.91397],[-37.43745,-8.90675],[-37.44251,-8.91314],[-37.44716,-8.91298],[-37.4448,-8.9104],[-37.4477,-8.90847],[-37.44358,-8.90948],[-37.44065,-8.90786],[-37.44464,-8.9058],[-37.43764,-8.90534],[-37.4415,-8.8998],[-37.43831,-8.89738],[-37.4389,-8.88841],[-37.41176,-8.88466]]],[[[-37.36998,-8.94858],[-37.36962,-8.95482],[-37.36523,-8.95324],[-37.35995,-8.95585],[-37.36084,-8.9582],[-37.36656,-8.95775],[-37.36208,-8.96268],[-37.36365,-8.96695],[-37.3816,-8.96768],[-37.37754,-8.97339],[-37.37709,-8.99142],[-37.37226,-8.99152],[-37.37227,-8.99388],[-37.3958,-8.9917],[-37.42584,-8.97706],[-37.42773,-8.96945],[-37.42541,-8.95564],[-37.42102,-8.95618],[-37.41834,-8.95177],[-37.41151,-8.95003],[-37.38927,-8.96224],[-37.38616,-8.95187],[-37.36998,-8.94858]]]]}},{"type":"Feature","properties":{"nome_proje":"PA RIACHO DO CAROÁ"},"geometry":{"type":"Polygon","coordinates":[[[-36.96599,-8.92686],[-36.95883,-8.93215],[-36.96523,-8.94834],[-36.97838,-8.94025],[-36.96599,-8.92686]]]}},{"type":"Feature","properties":{"nome_proje":"PA BRABINHO"},"geometry":{"type":"Polygon","coordinates":[[[-37.26716,-8.92066],[-37.24805,-8.91892],[-37.24413,-8.93442],[-37.26312,-8.93833],[-37.27371,-8.9299],[-37.26716,-8.92066]]]}},{"type":"Feature","properties":{"nome_proje":"PA CACHOEIRINHA"},"geometry":{"type":"Polygon","coordinates":[[[-37.2626,-8.91269],[-37.23938,-8.90848],[-37.24058,-8.90498],[-37.2316,-8.90355],[-37.23176,-8.90701],[-37.19766,-8.90112],[-37.17281,-8.8946],[-37.17387,-8.8906],[-37.15186,-8.88474],[-37.14668,-8.88755],[-37.13217,-8.9105],[-37.13914,-8.91232],[-37.13863,-8.91713],[-37.15998,-8.92312],[-37.16069,-8.91797],[-37.1708,-8.92065],[-37.17257,-8.91508],[-37.16312,-8.9125],[-37.16597,-8.90087],[-37.20538,-8.91213],[-37.20579,-8.9101],[-37.26714,-8.92067],[-37.2626,-8.91269]]]}},{"type":"Feature","properties":{"nome_proje":"PA ILHA GRANDE"},"geometry":{"type":"Polygon","coordinates":[[[-37.12027,-8.85723],[-37.08105,-8.86192],[-37.07643,-8.85894],[-37.07243,-8.86391],[-37.03895,-8.87538],[-37.04292,-8.88128],[-37.08136,-8.87093],[-37.12223,-8.86583],[-37.12027,-8.85723]]]}},{"type":"Feature","properties":{"nome_proje":"PA CACHOEIRA GRANDE"},"geometry":{"type":"Polygon","coordinates":[[[-37.18276,-8.85733],[-37.1689,-8.87029],[-37.22071,-8.87779],[-37.22446,-8.87353],[-37.22099,-8.86696],[-37.18661,-8.86566],[-37.18657,-8.85769],[-37.18276,-8.85733]]]}},{"type":"Feature","properties":{"nome_proje":"PA RIACHÃO DO CARIÉ"},"geometry":{"type":"Polygon","coordinates":[[[-37.1423,-8.83415],[-37.11691,-8.84624],[-37.12148,-8.86247],[-37.14139,-8.86095],[-37.13995,-8.86574],[-37.15594,-8.86155],[-37.15261,-8.85016],[-37.14745,-8.85246],[-37.14475,-8.84838],[-37.1423,-8.83415]]]}},{"type":"Feature","properties":{"nome_proje":"PA MANUINO"},"geometry":{"type":"MultiPolygon","coordinates":[[[[-37.40761,-8.81389],[-37.40119,-8.8201],[-37.40323,-8.82471],[-37.39616,-8.83585],[-37.39914,-8.83937],[-37.39826,-8.8481],[-37.40314,-8.84751],[-37.40646,-8.85286],[-37.40479,-8.86075],[-37.42033,-8.86184],[-37.42568,-8.85797],[-37.42303,-8.85295],[-37.42541,-8.85245],[-37.42362,-8.84638],[-37.42315,-8.84326],[-37.42416,-8.83965],[-37.42491,-8.8385],[-37.41843,-8.82934],[-37.41156,-8.8316],[-37.41537,-8.82425],[-37.41221,-8.81534],[-37.40761,-8.81389]]],[[[-37.42851,-8.83449],[-37.42325,-8.84306],[-37.42574,-8.85334],[-37.44128,-8.84361],[-37.43685,-8.83998],[-37.4314,-8.84318],[-37.43221,-8.83347],[-37.42851,-8.83449]]]]}},{"type":"Feature","properties":{"nome_proje":"PA FAZENDA CALDEIRÃO"},"geometry":{"type":"Polygon","coordinates":[[[-36.98137,-8.54426],[-36.98246,-8.55033],[-36.97387,-8.55857],[-36.9808,-8.5863],[-36.98906,-8.58256],[-36.98883,-8.57757],[-36.98183,-8.57192],[-36.98874,-8.56951],[-36.99772,-8.5756],[-37.00391,-8.56913],[-37.00978,-8.57513],[-37.01683,-8.56807],[-37.0159,-8.56263],[-36.99103,-8.56466],[-36.98781,-8.54559],[-36.98137,-8.54426]]]}},{"type":"Feature","properties":{"nome_proje":"PA DOIS IRMÃOS"},"geometry":{"type":"Polygon","coordinates":[[[-37.15271,-8.4527],[-37.13288,-8.45371],[-37.12949,-8.47238],[-37.11637,-8.47245],[-37.11339,-8.48681],[-37.12332,-8.4968],[-37.14563,-8.50422],[-37.17134,-8.49951],[-37.16771,-8.49349],[-37.16894,-8.47733],[-37.16165,-8.47628],[-37.16197,-8.46199],[-37.15271,-8.4527]]]}},{"type":"Feature","properties":{"nome_proje":"PA PEDRA VERMELHA"},"geometry":{"type":"Polygon","coordinates":[[[-37.02654,-8.42749],[-37.02063,-8.44263],[-37.04888,-8.44299],[-37.04568,-8.44046],[-37.04678,-8.43446],[-37.05083,-8.4342],[-37.05281,-8.42756],[-37.02654,-8.42749]]]}},{"type":"Feature","properties":{"nome_proje":"PA RIACHO SECO"},"geometry":{"type":"MultiPolygon","coordinates":[[[[-37.24173,-8.33785],[-37.23821,-8.38958],[-37.25193,-8.38208],[-37.25925,-8.37229],[-37.27201,-8.36045],[-37.27204,-8.34676],[-37.24173,-8.33785]]],[[[-37.2684,-8.3642],[-37.25239,-8.38253],[-37.24634,-8.38595],[-37.24383,-8.40792],[-37.25286,-8.4108],[-37.25524,-8.38745],[-37.25618,-8.39276],[-37.26179,-8.39491],[-37.26026,-8.41225],[-37.27451,-8.41494],[-37.27589,-8.38864],[-37.28102,-8.36715],[-37.2684,-8.3642]]]]}},{"type":"Feature","properties":{"nome_proje":"PA NOSSA SENHORA DO CARMO"},"geometry":{"type":"Polygon","coordinates":[[[-37.30382,-8.35874],[-37.3007,-8.37559],[-37.32592,-8.38795],[-37.32664,-8.38565],[-37.33098,-8.38782],[-37.33606,-8.3719],[-37.30382,-8.35874]]]}},{"type":"Feature","properties":{"nome_proje":"PA SERROTE REDONDO"},"geometry":{"type":"Polygon","coordinates":[[[-36.96331,-8.32785],[-36.95477,-8.34926],[-36.95982,-8.35272],[-36.95758,-8.35924],[-36.96267,-8.36193],[-36.96415,-8.35736],[-36.97006,-8.35886],[-36.97643,-8.34682],[-36.96331,-8.32785]]]}},{"type":"Feature","properties":{"nome_proje":"PA QUEIMADA DA ONÇA"},"geometry":{"type":"Polygon","coordinates":[[[-37.03328,-8.30679],[-37.00974,-8.34551],[-37.01385,-8.3488],[-37.01749,-8.34362],[-37.03431,-8.34721],[-37.03989,-8.31461],[-37.03328,-8.30679]]]}},{"type":"Feature","properties":{"nome_proje":"PA BOA SORTE"},"geometry":{"type":"Polygon","coordinates":[[[-37.00424,-8.22823],[-37.00545,-8.23728],[-37.01328,-8.24108],[-37.01388,-8.24443],[-37.00371,-8.27632],[-37.01489,-8.27782],[-37.01278,-8.28954],[-37.02259,-8.29124],[-37.03083,-8.27372],[-37.03896,-8.26555],[-37.03883,-8.25665],[-37.02884,-8.24671],[-37.02791,-8.23893],[-37.0227,-8.23784],[-37.01661,-8.22965],[-37.01753,-8.22618],[-37.0135,-8.22663],[-37.01221,-8.23029],[-37.00675,-8.22476],[-37.00424,-8.22823]]]}},{"type":"Feature","properties":{"nome_proje":"PA MARIA PARAIBA"},"geometry":{"type":"Polygon","coordinates":[[[-37.64916,-8.66092],[-37.64648,-8.65527],[-37.64269,-8.65569],[-37.63521,-8.64922],[-37.64078,-8.64096],[-37.59213,-8.63581],[-37.59086,-8.65556],[-37.64916,-8.66092]]]}},{"type":"Feature","properties":{"nome_proje":"PA JOSIAS BARROS I"},"geometry":{"type":"Polygon","coordinates":[[[-37.76982,-8.64946],[-37.77353,-8.64368],[-37.67045,-8.63188],[-37.66731,-8.63559],[-37.76982,-8.64946]]]}},{"type":"Feature","properties":{"nome_proje":"PA NOVO HORIZONTE"},"geometry":{"type":"Polygon","coordinates":[[[-37.67,-8.49163],[-37.66069,-8.49291],[-37.67392,-8.49976],[-37.65625,-8.50044],[-37.64253,-8.50764],[-37.644,-8.51088],[-37.66211,-8.50615],[-37.66745,-8.50631],[-37.66375,-8.5095],[-37.67545,-8.50696],[-37.67911,-8.50946],[-37.68072,-8.50432],[-37.70089,-8.5069],[-37.69063,-8.50109],[-37.69004,-8.50363],[-37.6801,-8.50244],[-37.67183,-8.50707],[-37.66928,-8.50713],[-37.67248,-8.50447],[-37.67085,-8.5031],[-37.65482,-8.5045],[-37.64992,-8.50857],[-37.6451,-8.50894],[-37.66257,-8.50083],[-37.67744,-8.50175],[-37.665,-8.49258],[-37.67,-8.49163]]]}},{"type":"Feature","properties":{"nome_proje":"PA CASA NOVA"},"geometry":{"type":"Polygon","coordinates":[[[-37.73118,-8.47733],[-37.73261,-8.48177],[-37.72821,-8.48187],[-37.72983,-8.48554],[-37.72276,-8.48267],[-37.72316,-8.48591],[-37.71891,-8.48602],[-37.72257,-8.49228],[-37.72539,-8.4921],[-37.72559,-8.48561],[-37.731,-8.48779],[-37.73554,-8.4842],[-37.73714,-8.48129],[-37.73118,-8.47733]]]}},{"type":"Feature","properties":{"nome_proje":"PA PADRE CICERO"},"geometry":{"type":"MultiPolygon","coordinates":[[[[-37.61525,-8.47388],[-37.61587,-8.47389],[-37.61589,-8.47388],[-37.61525,-8.47388]]],[[[-37.61506,-8.46951],[-37.61506,-8.46951],[-37.61529,-8.46857],[-37.61506,-8.46951]]],[[[-37.61545,-8.46793],[-37.6188,-8.46571],[-37.61681,-8.463],[-37.62037,-8.46204],[-37.61436,-8.46053],[-37.61545,-8.46793]]],[[[-37.61369,-8.47389],[-37.61405,-8.47284],[-37.61541,-8.4719],[-37.61506,-8.46951],[-37.61369,-8.47389]]],[[[-37.66069,-8.49291],[-37.66519,-8.49041],[-37.65627,-8.49112],[-37.65193,-8.48807],[-37.6552,-8.48914],[-37.65713,-8.4877],[-37.65057,-8.48309],[-37.63965,-8.4824],[-37.63446,-8.47594],[-37.63993,-8.47176],[-37.64253,-8.47543],[-37.64819,-8.47338],[-37.6453,-8.46571],[-37.63279,-8.46106],[-37.63176,-8.46601],[-37.63458,-8.46929],[-37.63132,-8.47018],[-37.63359,-8.47461],[-37.62617,-8.46444],[-37.62092,-8.46678],[-37.62375,-8.47065],[-37.61641,-8.47107],[-37.61589,-8.47388],[-37.62619,-8.47381],[-37.64035,-8.48351],[-37.65046,-8.48629],[-37.65157,-8.49091],[-37.66069,-8.49291]]]]}},{"type":"Feature","properties":{"nome_proje":"PA BANDEIRA II"},"geometry":{"type":"Polygon","coordinates":[[[-37.72927,-8.4725],[-37.72629,-8.46279],[-37.7224,-8.46399],[-37.72381,-8.47493],[-37.71575,-8.46972],[-37.71327,-8.47586],[-37.70987,-8.47424],[-37.70877,-8.47951],[-37.70398,-8.47853],[-37.70244,-8.4821],[-37.71215,-8.48258],[-37.71239,-8.4779],[-37.71573,-8.48113],[-37.71703,-8.47342],[-37.72147,-8.47603],[-37.72051,-8.47818],[-37.72558,-8.47875],[-37.72927,-8.4725]]]}},{"type":"Feature","properties":{"nome_proje":"PA JATOBÁ DOS BASILIOS"},"geometry":{"type":"Polygon","coordinates":[[[-37.64426,-8.44259],[-37.64167,-8.44747],[-37.64532,-8.45116],[-37.6511,-8.45115],[-37.64602,-8.45516],[-37.6486,-8.45495],[-37.64803,-8.45832],[-37.65487,-8.45996],[-37.65735,-8.45421],[-37.65886,-8.4575],[-37.66309,-8.45602],[-37.66038,-8.45919],[-37.66397,-8.46239],[-37.66036,-8.46423],[-37.66995,-8.46724],[-37.66988,-8.47685],[-37.67274,-8.47608],[-37.68181,-8.48766],[-37.67921,-8.49171],[-37.68846,-8.49462],[-37.67606,-8.47479],[-37.68253,-8.47427],[-37.67492,-8.47133],[-37.67778,-8.46314],[-37.67256,-8.46114],[-37.67027,-8.4559],[-37.67196,-8.46705],[-37.6657,-8.46122],[-37.66475,-8.45483],[-37.65669,-8.4515],[-37.65313,-8.4569],[-37.65056,-8.45528],[-37.65388,-8.45022],[-37.64629,-8.44853],[-37.64426,-8.44259]]]}},{"type":"Feature","properties":{"nome_proje":"PA BANDEIRA I"},"geometry":{"type":"Polygon","coordinates":[[[-37.74367,-8.45456],[-37.74195,-8.4578],[-37.73939,-8.45544],[-37.7364,-8.45918],[-37.73108,-8.45943],[-37.73389,-8.46599],[-37.73119,-8.46698],[-37.72759,-8.45243],[-37.72178,-8.45608],[-37.7224,-8.46399],[-37.7256,-8.46298],[-37.72463,-8.45836],[-37.72639,-8.45825],[-37.72748,-8.4666],[-37.73263,-8.47426],[-37.73332,-8.46809],[-37.73665,-8.469],[-37.73419,-8.46128],[-37.73765,-8.46305],[-37.73995,-8.45859],[-37.74439,-8.46349],[-37.74445,-8.45829],[-37.74685,-8.45681],[-37.74565,-8.46203],[-37.74977,-8.46172],[-37.75045,-8.46528],[-37.73903,-8.46477],[-37.7391,-8.46916],[-37.74368,-8.46849],[-37.74201,-8.47159],[-37.73463,-8.47302],[-37.73698,-8.47453],[-37.7341,-8.47448],[-37.7357,-8.47876],[-37.73127,-8.47662],[-37.73716,-8.4813],[-37.73781,-8.47727],[-37.74205,-8.47685],[-37.75128,-8.46424],[-37.74996,-8.45794],[-37.74367,-8.45456]]]}},{"type":"Feature","properties":{"nome_proje":"PA SANTA HELENA"},"geometry":{"type":"Polygon","coordinates":[[[-37.69591,-8.45444],[-37.69274,-8.45402],[-37.69266,-8.45922],[-37.68766,-8.46034],[-37.69847,-8.46231],[-37.68969,-8.47085],[-37.69665,-8.47609],[-37.69819,-8.47189],[-37.705,-8.47171],[-37.70034,-8.4761],[-37.70201,-8.47992],[-37.7059,-8.47124],[-37.70304,-8.4683],[-37.69568,-8.47016],[-37.70174,-8.46247],[-37.69538,-8.45895],[-37.69591,-8.45444]]]}},{"type":"Feature","properties":{"nome_proje":"PA MULUNGÚ"},"geometry":{"type":"Polygon","coordinates":[[[-37.53903,-8.42678],[-37.53787,-8.43025],[-37.53476,-8.42919],[-37.53302,-8.43363],[-37.52714,-8.43338],[-37.52724,-8.43565],[-37.52986,-8.43645],[-37.54105,-8.48613],[-37.547,-8.48996],[-37.55995,-8.48306],[-37.55827,-8.47883],[-37.56413,-8.47532],[-37.53903,-8.42678]]]}},{"type":"Feature","properties":{"nome_proje":"PA FREI DAMIÃO"},"geometry":{"type":"Polygon","coordinates":[[[-37.6259,-8.45506],[-37.62094,-8.44632],[-37.6122,-8.44493],[-37.61527,-8.45094],[-37.60092,-8.44656],[-37.5871,-8.44803],[-37.58787,-8.45312],[-37.59929,-8.45198],[-37.60334,-8.45614],[-37.59559,-8.46111],[-37.60165,-8.46318],[-37.62243,-8.4604],[-37.60901,-8.4572],[-37.6087,-8.45952],[-37.59945,-8.46107],[-37.60768,-8.45541],[-37.5989,-8.44915],[-37.59536,-8.45054],[-37.58957,-8.45078],[-37.59966,-8.44858],[-37.61226,-8.45497],[-37.61409,-8.45259],[-37.61895,-8.45471],[-37.61572,-8.44729],[-37.62033,-8.44806],[-37.6259,-8.45506]]]}},{"type":"Feature","properties":{"nome_proje":"PA MELANCIA"},"geometry":{"type":"Polygon","coordinates":[[[-37.71557,-8.44752],[-37.71723,-8.44317],[-37.71235,-8.43882],[-37.71077,-8.4294],[-37.70496,-8.43113],[-37.70133,-8.43908],[-37.7024,-8.4414],[-37.70898,-8.43369],[-37.70464,-8.44087],[-37.70965,-8.44462],[-37.69936,-8.44342],[-37.70379,-8.44712],[-37.69261,-8.44536],[-37.69307,-8.44918],[-37.69032,-8.4492],[-37.69814,-8.45268],[-37.69601,-8.45204],[-37.69751,-8.45718],[-37.70238,-8.45357],[-37.69848,-8.44869],[-37.70533,-8.45151],[-37.70712,-8.44794],[-37.71557,-8.44752]]]}},{"type":"Feature","properties":{"nome_proje":"PA ESPERANÇA I"},"geometry":{"type":"Polygon","coordinates":[[[-37.62714,-8.45239],[-37.63316,-8.45542],[-37.62964,-8.45325],[-37.63157,-8.4504],[-37.62865,-8.45003],[-37.63268,-8.44317],[-37.6297,-8.44103],[-37.63352,-8.43754],[-37.62289,-8.43643],[-37.62786,-8.43337],[-37.6326,-8.43467],[-37.6324,-8.43027],[-37.62737,-8.42872],[-37.62983,-8.42522],[-37.62103,-8.42673],[-37.61294,-8.42284],[-37.60149,-8.42557],[-37.62559,-8.42927],[-37.62699,-8.43175],[-37.61799,-8.43695],[-37.62793,-8.43986],[-37.62714,-8.45239]]]}},{"type":"Feature","properties":{"nome_proje":"PA NOSSA SENHORA APARECIDA"},"geometry":{"type":"MultiPolygon","coordinates":[[[[-37.68882,-8.4177],[-37.69235,-8.41397],[-37.68247,-8.41202],[-37.68118,-8.41467],[-37.68882,-8.4177]]],[[[-37.68078,-8.46102],[-37.68306,-8.45753],[-37.6808,-8.45472],[-37.68709,-8.45498],[-37.68732,-8.44896],[-37.67093,-8.43377],[-37.67423,-8.43487],[-37.67595,-8.42896],[-37.68001,-8.42879],[-37.67442,-8.42467],[-37.67727,-8.42516],[-37.67581,-8.42111],[-37.67999,-8.42391],[-37.68112,-8.42151],[-37.67831,-8.41877],[-37.68005,-8.41579],[-37.6778,-8.41912],[-37.67527,-8.41606],[-37.67871,-8.4156],[-37.67898,-8.412],[-37.67381,-8.41083],[-37.67061,-8.41805],[-37.67329,-8.42881],[-37.66837,-8.43389],[-37.68018,-8.44715],[-37.67919,-8.45331],[-37.67027,-8.4559],[-37.68078,-8.46102]]]]}},{"type":"Feature","properties":{"nome_proje":"PA SÃO FRANCISCO I"},"geometry":{"type":"Polygon","coordinates":[[[-37.69235,-8.41397],[-37.68508,-8.41982],[-37.69207,-8.42016],[-37.68488,-8.42105],[-37.68767,-8.42553],[-37.68388,-8.42663],[-37.68892,-8.42785],[-37.68397,-8.43114],[-37.68865,-8.4337],[-37.68308,-8.43205],[-37.68535,-8.43545],[-37.68298,-8.43853],[-37.68854,-8.44308],[-37.68909,-8.43954],[-37.69571,-8.44105],[-37.69569,-8.43765],[-37.69691,-8.44254],[-37.70187,-8.44171],[-37.70189,-8.43468],[-37.69271,-8.4334],[-37.68973,-8.42996],[-37.69257,-8.42851],[-37.68988,-8.42376],[-37.69453,-8.42411],[-37.69631,-8.41688],[-37.69235,-8.41397]]]}},{"type":"Feature","properties":{"nome_proje":"PA NOSSA SENHORA DA CONCEIÇÃO I"},"geometry":{"type":"Polygon","coordinates":[[[-37.6298,-8.42275],[-37.62377,-8.42002],[-37.62372,-8.41654],[-37.61888,-8.41635],[-37.62274,-8.41288],[-37.62056,-8.41069],[-37.61683,-8.41616],[-37.61228,-8.4147],[-37.60941,-8.41849],[-37.60734,-8.41596],[-37.60502,-8.41884],[-37.60902,-8.42076],[-37.60284,-8.4247],[-37.61484,-8.42007],[-37.62436,-8.42386],[-37.6298,-8.42275]]]}},{"type":"Feature","properties":{"nome_proje":"PA SÃO JOSÉ"},"geometry":{"type":"Polygon","coordinates":[[[-37.63657,-8.38786],[-37.62761,-8.40924],[-37.62347,-8.40915],[-37.62861,-8.41448],[-37.62942,-8.40748],[-37.63366,-8.40685],[-37.63057,-8.40255],[-37.63394,-8.40181],[-37.63301,-8.39668],[-37.63677,-8.39135],[-37.6358,-8.39865],[-37.64123,-8.39757],[-37.64181,-8.39976],[-37.6364,-8.40298],[-37.63723,-8.40728],[-37.64333,-8.40783],[-37.64196,-8.41057],[-37.63574,-8.408],[-37.6366,-8.41291],[-37.63316,-8.41371],[-37.64018,-8.41817],[-37.63439,-8.42261],[-37.63807,-8.42815],[-37.63785,-8.42505],[-37.64742,-8.42408],[-37.64116,-8.42684],[-37.64154,-8.43284],[-37.648,-8.43382],[-37.64171,-8.43928],[-37.64715,-8.43791],[-37.6444,-8.44259],[-37.64668,-8.44499],[-37.65011,-8.43285],[-37.64453,-8.43056],[-37.64503,-8.4275],[-37.64939,-8.42724],[-37.64926,-8.42256],[-37.63709,-8.42212],[-37.64208,-8.41662],[-37.63775,-8.41116],[-37.64296,-8.41257],[-37.64663,-8.40532],[-37.64054,-8.40603],[-37.64384,-8.4011],[-37.64275,-8.39357],[-37.63883,-8.39713],[-37.6398,-8.39248],[-37.63657,-8.38786]]]}},{"type":"Feature","properties":{"nome_proje":"PA SÃO JOAQUIM I"},"geometry":{"type":"MultiPolygon","coordinates":[[[[-37.56704,-8.40202],[-37.56702,-8.40312],[-37.56704,-8.40202],[-37.56704,-8.40202]]],[[[-37.56906,-8.41159],[-37.57331,-8.40851],[-37.57283,-8.40535],[-37.57624,-8.40386],[-37.57514,-8.40244],[-37.56702,-8.40312],[-37.5709,-8.40449],[-37.57127,-8.40771],[-37.56679,-8.40945],[-37.56906,-8.41159]]],[[[-37.61186,-8.41289],[-37.61539,-8.41114],[-37.6101,-8.40367],[-37.60903,-8.40844],[-37.59188,-8.40216],[-37.58363,-8.40126],[-37.5837,-8.40368],[-37.57221,-8.39862],[-37.56706,-8.39994],[-37.56704,-8.40202],[-37.57253,-8.40059],[-37.58547,-8.40648],[-37.59723,-8.40515],[-37.61186,-8.41289]]],[[[-37.60502,-8.41884],[-37.60734,-8.41596],[-37.60231,-8.41538],[-37.60179,-8.41162],[-37.59776,-8.41259],[-37.59935,-8.41122],[-37.58934,-8.40767],[-37.58411,-8.40923],[-37.58539,-8.40767],[-37.57777,-8.40447],[-37.56961,-8.41211],[-37.57589,-8.40683],[-37.5839,-8.41112],[-37.59342,-8.41134],[-37.60502,-8.41884]]],[[[-37.56961,-8.41211],[-37.56961,-8.41211],[-37.56919,-8.41171],[-37.56961,-8.41211]]]]}},{"type":"Feature","properties":{"nome_proje":"PA CARAIBAS III"},"geometry":{"type":"MultiPolygon","coordinates":[[[[-37.65698,-8.40848],[-37.67857,-8.4115],[-37.69141,-8.41324],[-37.68408,-8.40759],[-37.68314,-8.40513],[-37.68371,-8.4027],[-37.67771,-8.40104],[-37.67894,-8.39837],[-37.66602,-8.39809],[-37.6621,-8.39685],[-37.65698,-8.40848]]],[[[-37.69081,-8.41248],[-37.74409,-8.42067],[-37.74775,-8.41135],[-37.7551,-8.40815],[-37.69077,-8.39979],[-37.68412,-8.40185],[-37.68326,-8.40506],[-37.69081,-8.41248]]],[[[-37.65615,-8.39554],[-37.65686,-8.40846],[-37.66057,-8.39794],[-37.66207,-8.39672],[-37.66935,-8.39717],[-37.65615,-8.39554]]]]}},{"type":"Feature","properties":{"nome_proje":"PA VALE DO PIUTÁ"},"geometry":{"type":"Polygon","coordinates":[[[-37.61001,-8.38316],[-37.6081,-8.3768],[-37.60057,-8.37986],[-37.60299,-8.37729],[-37.59749,-8.37388],[-37.5879,-8.38161],[-37.58018,-8.38195],[-37.58797,-8.38088],[-37.595,-8.37526],[-37.5905,-8.3714],[-37.59178,-8.3693],[-37.59565,-8.37342],[-37.6026,-8.37349],[-37.60421,-8.37761],[-37.60662,-8.37528],[-37.60323,-8.37323],[-37.61059,-8.37644],[-37.6107,-8.38018],[-37.61355,-8.37854],[-37.61128,-8.37161],[-37.61338,-8.37037],[-37.59757,-8.35748],[-37.60182,-8.35117],[-37.59778,-8.33692],[-37.6,-8.35279],[-37.59605,-8.35867],[-37.61012,-8.37357],[-37.58913,-8.36754],[-37.58895,-8.37311],[-37.59181,-8.3744],[-37.58025,-8.3796],[-37.58012,-8.38404],[-37.58974,-8.38279],[-37.59641,-8.37732],[-37.59955,-8.38262],[-37.60546,-8.38013],[-37.60825,-8.39573],[-37.61215,-8.39691],[-37.60772,-8.39767],[-37.60903,-8.40844],[-37.60942,-8.39968],[-37.61522,-8.39588],[-37.61042,-8.39391],[-37.61439,-8.39285],[-37.61062,-8.39194],[-37.61311,-8.38936],[-37.61019,-8.38555],[-37.613,-8.38306],[-37.60974,-8.38366],[-37.60802,-8.38213],[-37.61001,-8.38316]]]}},{"type":"Feature","properties":{"nome_proje":"PA DA CIDADANIA"},"geometry":{"type":"Polygon","coordinates":[[[-38.28342,-9.15186],[-38.27417,-9.14617],[-38.27238,-9.15545],[-38.27467,-9.15752],[-38.26992,-9.1628],[-38.26748,-9.15567],[-38.26458,-9.1547],[-38.26424,-9.16013],[-38.2593,-9.15752],[-38.25754,-9.16222],[-38.2653,-9.17314],[-38.28129,-9.15871],[-38.28342,-9.15186]]]}},{"type":"Feature","properties":{"nome_proje":"PA VILA NOVA"},"geometry":{"type":"Polygon","coordinates":[[[-38.26229,-9.10116],[-38.25758,-9.11571],[-38.26119,-9.10891],[-38.26651,-9.10869],[-38.266,-9.10331],[-38.26229,-9.10116]]]}},{"type":"Feature","properties":{"nome_proje":"PA LAGO AZUL"},"geometry":{"type":"Polygon","coordinates":[[[-38.42059,-9.00451],[-38.39601,-9.00448],[-38.39116,-8.99456],[-38.38677,-9.00107],[-38.39461,-9.01283],[-38.39993,-9.01186],[-38.39546,-9.01596],[-38.39912,-9.01685],[-38.40467,-9.03039],[-38.40756,-9.02675],[-38.40407,-9.01852],[-38.41269,-9.02438],[-38.42059,-9.00451]]]}},{"type":"Feature","properties":{"nome_proje":"PE MIGUEL ARRAES DE ALENCAR"},"geometry":{"type":"Polygon","coordinates":[[[-38.48397,-8.95691],[-38.4728,-8.96323],[-38.42885,-8.94369],[-38.41407,-8.983],[-38.42703,-8.98854],[-38.41254,-9.02475],[-38.41872,-9.01778],[-38.41994,-9.02495],[-38.42515,-9.02483],[-38.42506,-9.02158],[-38.42751,-9.02417],[-38.42269,-9.02805],[-38.42708,-9.02987],[-38.42606,-9.02727],[-38.43126,-9.02667],[-38.42958,-9.02467],[-38.43176,-9.02388],[-38.42824,-9.0239],[-38.4268,-9.01746],[-38.43135,-9.02174],[-38.44551,-9.01595],[-38.44626,-9.0043],[-38.45363,-9.00743],[-38.48372,-8.97719],[-38.49527,-8.97744],[-38.49535,-8.96554],[-38.49046,-8.96092],[-38.49276,-8.95911],[-38.48397,-8.95691]]]}},{"type":"Feature","properties":{"nome_proje":"PA MOURA"},"geometry":{"type":"Polygon","coordinates":[[[-38.24832,-8.87533],[-38.21454,-8.86943],[-38.21358,-8.89209],[-38.23691,-8.89059],[-38.24832,-8.87533]]]}},{"type":"Feature","properties":{"nome_proje":"PE JANUÁRIO MOREIRA"},"geometry":{"type":"Polygon","coordinates":[[[-38.3627,-8.83036],[-38.32885,-8.85977],[-38.32202,-8.85264],[-38.31345,-8.86672],[-38.29849,-8.8692],[-38.28384,-8.87829],[-38.31236,-8.89458],[-38.31204,-8.89988],[-38.31803,-8.89867],[-38.34637,-8.92293],[-38.37294,-8.88514],[-38.35462,-8.87092],[-38.38112,-8.87368],[-38.38516,-8.86014],[-38.3627,-8.83036]]]}},{"type":"Feature","properties":{"nome_proje":"PA CURRALINHO DOS ANGICOS"},"geometry":{"type":"MultiPolygon","coordinates":[[[[-38.23889,-8.85357],[-38.24158,-8.8564],[-38.26433,-8.82193],[-38.28063,-8.78859],[-38.29154,-8.78851],[-38.30217,-8.77496],[-38.30793,-8.75556],[-38.29969,-8.75075],[-38.29941,-8.755],[-38.29553,-8.75597],[-38.29443,-8.75578],[-38.29391,-8.75499],[-38.29012,-8.75608],[-38.28942,-8.75569],[-38.28927,-8.75479],[-38.28811,-8.75436],[-38.28724,-8.75271],[-38.2845,-8.7511],[-38.23889,-8.85357]]],[[[-38.30324,-8.71728],[-38.28723,-8.7524],[-38.2894,-8.7547],[-38.28954,-8.75561],[-38.29396,-8.75483],[-38.29553,-8.75583],[-38.29928,-8.7549],[-38.29949,-8.75049],[-38.30797,-8.75543],[-38.317,-8.72502],[-38.31109,-8.72409],[-38.30324,-8.71728]]],[[[-38.30348,-8.70334],[-38.3086,-8.70404],[-38.30498,-8.71594],[-38.31628,-8.7137],[-38.31939,-8.71657],[-38.32793,-8.69822],[-38.31955,-8.69804],[-38.32827,-8.6765],[-38.31345,-8.67808],[-38.30348,-8.70334]]]]}},{"type":"Feature","properties":{"nome_proje":"PA TERRA NOVA I"},"geometry":{"type":"MultiPolygon","coordinates":[[[[-38.56195,-8.75569],[-38.56599,-8.72549],[-38.55955,-8.72201],[-38.55784,-8.75495],[-38.56195,-8.75569]]],[[[-38.55223,-8.7749],[-38.55231,-8.76874],[-38.54998,-8.76959],[-38.54855,-8.76606],[-38.54826,-8.7721],[-38.55223,-8.7749]]],[[[-38.55723,-8.77581],[-38.56412,-8.76427],[-38.56153,-8.76262],[-38.56225,-8.75591],[-38.55589,-8.7551],[-38.54919,-8.75131],[-38.5488,-8.76076],[-38.5546,-8.762],[-38.55348,-8.76651],[-38.55794,-8.76885],[-38.55723,-8.77581]]],[[[-38.566,-8.77744],[-38.57065,-8.77212],[-38.56827,-8.76787],[-38.56987,-8.76064],[-38.56905,-8.76025],[-38.5636,-8.76897],[-38.56342,-8.77355],[-38.5655,-8.77274],[-38.5631,-8.77653],[-38.566,-8.77744]]]]}},{"type":"Feature","properties":{"nome_proje":"PA PAULO FREIRE"},"geometry":{"type":"Polygon","coordinates":[[[-38.69277,-8.68972],[-38.67855,-8.69893],[-38.6889,-8.72102],[-38.69517,-8.72103],[-38.69516,-8.73912],[-38.68925,-8.73911],[-38.70461,-8.77065],[-38.7219,-8.75008],[-38.70475,-8.7147],[-38.69646,-8.71877],[-38.69496,-8.71579],[-38.70136,-8.70762],[-38.69277,-8.68972]]]}},{"type":"Feature","properties":{"nome_proje":"PA MARIA BONITA I"},"geometry":{"type":"Polygon","coordinates":[[[-38.57653,-8.74747],[-38.58264,-8.72812],[-38.57994,-8.72202],[-38.62351,-8.67597],[-38.61722,-8.67327],[-38.56587,-8.72698],[-38.56153,-8.76262],[-38.56412,-8.76427],[-38.56657,-8.75762],[-38.56577,-8.763],[-38.56987,-8.76064],[-38.56827,-8.76787],[-38.57061,-8.76892],[-38.57359,-8.76323],[-38.57345,-8.76563],[-38.57833,-8.74964],[-38.57653,-8.74747]],[[-38.57433,-8.76264],[-38.57433,-8.76264],[-38.57433,-8.76264],[-38.57433,-8.76264]]]}},{"type":"Feature","properties":{"nome_proje":"PA AREIAS"},"geometry":{"type":"Polygon","coordinates":[[[-37.95284,-9.03034],[-37.96043,-9.00854],[-37.95707,-9.00376],[-37.94122,-9.00036],[-37.93327,-9.01602],[-37.92365,-9.02669],[-37.93778,-9.02464],[-37.94377,-9.02813],[-37.9469,-9.0189],[-37.9479,-9.02968],[-37.95284,-9.03034]]]}},{"type":"Feature","properties":{"nome_proje":"PA ANTONIO CONSELHEIRO I"},"geometry":{"type":"Polygon","coordinates":[[[-38.11122,-8.90329],[-38.123,-8.86649],[-38.10327,-8.86747],[-38.09314,-8.88086],[-38.07821,-8.91696],[-38.06797,-8.92302],[-38.0719,-8.95718],[-38.0776,-8.95292],[-38.08621,-8.96078],[-38.07921,-8.96677],[-38.08498,-8.97506],[-38.09581,-8.95961],[-38.09844,-8.9725],[-38.09165,-8.98442],[-38.10456,-9.00245],[-38.10818,-8.99437],[-38.11162,-8.99602],[-38.11425,-8.98639],[-38.11832,-8.99018],[-38.11767,-9.01005],[-38.16035,-9.02524],[-38.18273,-9.03853],[-38.18358,-9.06005],[-38.20222,-9.00947],[-38.16199,-9.02272],[-38.16745,-8.99771],[-38.18695,-8.99682],[-38.11641,-8.93838],[-38.10447,-8.94597],[-38.12254,-8.96081],[-38.1135,-8.96544],[-38.07854,-8.94315],[-38.10409,-8.90486],[-38.11122,-8.90329]]]}},{"type":"Feature","properties":{"nome_proje":"PA ANTONIO CONSELHEIRO III"},"geometry":{"type":"Polygon","coordinates":[[[-38.10409,-8.90486],[-38.07854,-8.94315],[-38.1135,-8.96544],[-38.12254,-8.96081],[-38.10447,-8.94597],[-38.1253,-8.93274],[-38.10888,-8.9346],[-38.11102,-8.90392],[-38.10409,-8.90486]]]}},{"type":"Feature","properties":{"nome_proje":"PA ANTONIO CONSELHEIRO II"},"geometry":{"type":"MultiPolygon","coordinates":[[[[-38.18194,-8.9262],[-38.20305,-8.97129],[-38.20722,-8.9734],[-38.2172,-8.94498],[-38.20195,-8.9461],[-38.2035,-8.94173],[-38.19688,-8.94124],[-38.19669,-8.93648],[-38.22775,-8.93875],[-38.22913,-8.93325],[-38.22216,-8.9322],[-38.22939,-8.93124],[-38.22817,-8.90772],[-38.23213,-8.90221],[-38.24258,-8.89752],[-38.24202,-8.89035],[-38.21792,-8.89188],[-38.21799,-8.89747],[-38.23091,-8.89765],[-38.22289,-8.90934],[-38.19067,-8.90118],[-38.1926,-8.89603],[-38.2117,-8.89769],[-38.21434,-8.86081],[-38.14366,-8.86601],[-38.141,-8.87407],[-38.16936,-8.87234],[-38.16928,-8.9027],[-38.1822,-8.90271],[-38.18194,-8.9262]]],[[[-38.20428,-8.97486],[-38.20703,-8.9738],[-38.20337,-8.97198],[-38.20428,-8.97486]]]]}},{"type":"Feature","properties":{"nome_proje":"PA VALE DO MOXOTÓ"},"geometry":{"type":"Polygon","coordinates":[[[-37.85721,-8.86642],[-37.83334,-8.8971],[-37.83134,-8.9057],[-37.86643,-8.91371],[-37.89104,-8.87444],[-37.85721,-8.86642]]]}},{"type":"Feature","properties":{"nome_proje":"PA PROVINCIA DO UIGE"},"geometry":{"type":"Polygon","coordinates":[[[-37.9659,-8.81716],[-37.93765,-8.80566],[-37.93245,-8.79898],[-37.92638,-8.81512],[-37.90664,-8.80539],[-37.89897,-8.82721],[-37.92225,-8.85472],[-37.92429,-8.85302],[-37.91927,-8.86503],[-37.91523,-8.86412],[-37.91262,-8.87012],[-37.93417,-8.87837],[-37.93875,-8.86205],[-37.93469,-8.86103],[-37.93895,-8.84815],[-37.93555,-8.84355],[-37.9659,-8.81716]]]}},{"type":"Feature","properties":{"nome_proje":"PA ABREU E LIMA"},"geometry":{"type":"Polygon","coordinates":[[[-38.07425,-8.69684],[-37.98313,-8.79485],[-37.98579,-8.79721],[-37.99131,-8.79159],[-38.02826,-8.74782],[-38.03195,-8.75118],[-37.99657,-8.79344],[-37.98838,-8.79953],[-38.08773,-8.88811],[-38.0986,-8.86782],[-38.1041,-8.86755],[-38.15452,-8.80397],[-38.07425,-8.69684]],[[-38.06965,-8.73388],[-38.02077,-8.77836],[-38.01688,-8.77479],[-38.06445,-8.72844],[-38.06965,-8.73388]]]}},{"type":"Feature","properties":{"nome_proje":"PA MARIA OTILIA"},"geometry":{"type":"Polygon","coordinates":[[[-37.93173,-8.74958],[-37.91664,-8.77662],[-37.92664,-8.78047],[-37.93146,-8.78843],[-37.93728,-8.78878],[-37.95475,-8.77494],[-37.95572,-8.77086],[-37.93173,-8.74958]]]}},{"type":"Feature","properties":{"nome_proje":"PA SERRA NEGRA"},"geometry":{"type":"Polygon","coordinates":[[[-38.04215,-8.55447],[-38.04683,-8.53352],[-38.03192,-8.52631],[-38.01004,-8.63145],[-38.00995,-8.63756],[-38.01518,-8.64016],[-38.02698,-8.64041],[-38.0463,-8.55432],[-38.04215,-8.55447]]]}},{"type":"Feature","properties":{"nome_proje":"PA CALDEIRÃO DO PERIQUITO"},"geometry":{"type":"Polygon","coordinates":[[[-37.91819,-8.51281],[-37.90513,-8.56944],[-37.90452,-8.57421],[-37.91369,-8.57428],[-37.92722,-8.5145],[-37.91819,-8.51281]]]}},{"type":"Feature","properties":{"nome_proje":"PA ANGICO II"},"geometry":{"type":"Polygon","coordinates":[[[-38.68015,-8.69753],[-38.67481,-8.68882],[-38.67149,-8.69107],[-38.67683,-8.6973],[-38.67197,-8.70182],[-38.66326,-8.69533],[-38.64859,-8.69988],[-38.65828,-8.72177],[-38.6634,-8.72157],[-38.6667,-8.71737],[-38.66669,-8.72087],[-38.67512,-8.72262],[-38.67921,-8.71987],[-38.67466,-8.71237],[-38.68129,-8.70925],[-38.67685,-8.70003],[-38.68015,-8.69753]]]}},{"type":"Feature","properties":{"nome_proje":"PA ANGICOS"},"geometry":{"type":"Polygon","coordinates":[[[-38.68665,-8.66894],[-38.6755,-8.67967],[-38.67219,-8.68678],[-38.66956,-8.68679],[-38.66863,-8.67929],[-38.6606,-8.68638],[-38.65253,-8.68649],[-38.65451,-8.68998],[-38.64935,-8.6879],[-38.6461,-8.69111],[-38.64413,-8.68855],[-38.64145,-8.69163],[-38.64338,-8.69444],[-38.65631,-8.69054],[-38.66181,-8.6921],[-38.65207,-8.69472],[-38.64324,-8.70382],[-38.64548,-8.71425],[-38.64993,-8.71385],[-38.6473,-8.71785],[-38.65091,-8.72556],[-38.65118,-8.7392],[-38.65909,-8.73591],[-38.65964,-8.72567],[-38.66231,-8.73601],[-38.66737,-8.731],[-38.66631,-8.735],[-38.66838,-8.73532],[-38.68185,-8.72424],[-38.67921,-8.71987],[-38.67512,-8.72262],[-38.66669,-8.72087],[-38.66694,-8.71735],[-38.6634,-8.72157],[-38.65828,-8.72177],[-38.64859,-8.69988],[-38.66326,-8.69533],[-38.66459,-8.69824],[-38.6692,-8.69794],[-38.67074,-8.70222],[-38.67683,-8.6973],[-38.67149,-8.69107],[-38.67481,-8.68882],[-38.68032,-8.69778],[-38.69795,-8.68637],[-38.68665,-8.66894]]]}},{"type":"Feature","properties":{"nome_proje":"PA ANGICO III"},"geometry":{"type":"Polygon","coordinates":[[[-38.66622,-8.63873],[-38.66414,-8.64543],[-38.65285,-8.65031],[-38.64383,-8.66341],[-38.65256,-8.68024],[-38.64609,-8.68486],[-38.6461,-8.69111],[-38.64935,-8.6879],[-38.65451,-8.68998],[-38.65253,-8.68649],[-38.6606,-8.68638],[-38.66863,-8.67929],[-38.66956,-8.68679],[-38.67219,-8.68678],[-38.68665,-8.66894],[-38.66622,-8.63873]]]}},{"type":"Feature","properties":{"nome_proje":"PA VÁRZEA COMPRIDA"},"geometry":{"type":"Polygon","coordinates":[[[-38.39599,-8.62163],[-38.39197,-8.62153],[-38.37327,-8.70053],[-38.37865,-8.70154],[-38.39599,-8.62163]]]}},{"type":"Feature","properties":{"nome_proje":"PA VARZEA DO EXU"},"geometry":{"type":"Polygon","coordinates":[[[-38.46672,-8.62275],[-38.46349,-8.63723],[-38.45012,-8.69767],[-38.45485,-8.69796],[-38.47118,-8.62398],[-38.46672,-8.62275]]]}},{"type":"Feature","properties":{"nome_proje":"PA RIACHO DO NAVIO"},"geometry":{"type":"Polygon","coordinates":[[[-38.44076,-8.59562],[-38.4185,-8.70326],[-38.44239,-8.59577],[-38.44076,-8.59562]]]}},{"type":"Feature","properties":{"nome_proje":"PA NEWTON  HOLANDA"},"geometry":{"type":"MultiPolygon","coordinates":[[[[-38.46436,-8.69752],[-38.47392,-8.65985],[-38.47267,-8.65958],[-38.46436,-8.69752]]],[[[-38.45723,-8.69722],[-38.47379,-8.62127],[-38.47227,-8.61806],[-38.46852,-8.61849],[-38.47289,-8.59881],[-38.46672,-8.62275],[-38.47118,-8.62398],[-38.45485,-8.69796],[-38.45723,-8.69722]]]]}},{"type":"Feature","properties":{"nome_proje":"PA LAGEDO"},"geometry":{"type":"Polygon","coordinates":[[[-38.27843,-8.6268],[-38.2672,-8.62435],[-38.27401,-8.59406],[-38.26995,-8.59315],[-38.25316,-8.66907],[-38.26702,-8.6788],[-38.27843,-8.6268]]]}},{"type":"Feature","properties":{"nome_proje":"PA PEDRO JORGE DE ALBUQUERQUE"},"geometry":{"type":"Polygon","coordinates":[[[-38.2377,-8.66178],[-38.24769,-8.6167],[-38.24258,-8.61472],[-38.24618,-8.59823],[-38.23727,-8.60211],[-38.23241,-8.62402],[-38.22815,-8.62319],[-38.22082,-8.65564],[-38.22506,-8.65647],[-38.22391,-8.66238],[-38.2377,-8.66178]]]}},{"type":"Feature","properties":{"nome_proje":"PA VITORINO"},"geometry":{"type":"MultiPolygon","coordinates":[[[[-38.59759,-8.62478],[-38.61413,-8.62091],[-38.61058,-8.61716],[-38.59526,-8.62024],[-38.59759,-8.62478]]],[[[-38.58627,-8.62741],[-38.59729,-8.62485],[-38.59493,-8.62031],[-38.58457,-8.62237],[-38.58627,-8.62741]]]]}},{"type":"Feature","properties":{"nome_proje":"PA RIACHO DA SERRA"},"geometry":{"type":"Polygon","coordinates":[[[-38.94299,-8.56847],[-38.92225,-8.57648],[-38.93238,-8.58864],[-38.93916,-8.58837],[-38.93334,-8.58585],[-38.93513,-8.58246],[-38.93061,-8.57746],[-38.94299,-8.56847]]]}},{"type":"Feature","properties":{"nome_proje":"PA POÇO DA VOLTA"},"geometry":{"type":"Polygon","coordinates":[[[-39.06552,-8.54141],[-39.06685,-8.53533],[-39.01154,-8.55077],[-39.00836,-8.56276],[-39.0354,-8.55394],[-39.04162,-8.54812],[-39.06552,-8.54141]]]}},{"type":"Feature","properties":{"nome_proje":"PA VOLTA"},"geometry":{"type":"Polygon","coordinates":[[[-38.84785,-8.52185],[-38.84885,-8.51969],[-38.8314,-8.49689],[-38.83602,-8.51043],[-38.89612,-8.59168],[-38.90084,-8.59055],[-38.85081,-8.52222],[-38.84785,-8.52185]]]}},{"type":"Feature","properties":{"nome_proje":"PA SÃO MIGUEL II"},"geometry":{"type":"Polygon","coordinates":[[[-39.24992,-8.53118],[-39.27531,-8.5585],[-39.28117,-8.55238],[-39.25293,-8.52233],[-39.24992,-8.53118]]]}},{"type":"Feature","properties":{"nome_proje":"PA DONA LIDIA"},"geometry":{"type":"Polygon","coordinates":[[[-39.27173,-8.52564],[-39.26931,-8.52686],[-39.29035,-8.54903],[-39.29204,-8.54681],[-39.27173,-8.52564]]]}},{"type":"Feature","properties":{"nome_proje":"PA XIQUE XIQUE"},"geometry":{"type":"MultiPolygon","coordinates":[[[[-38.85054,-8.52221],[-38.8825,-8.5605],[-38.88681,-8.55888],[-38.85318,-8.5194],[-38.85054,-8.52221]]],[[[-38.84854,-8.5197],[-38.85057,-8.5165],[-38.82951,-8.49457],[-38.84854,-8.5197]]]]}},{"type":"Feature","properties":{"nome_proje":"PA ALIANÇA"},"geometry":{"type":"Polygon","coordinates":[[[-39.12412,-8.53195],[-39.12852,-8.53723],[-39.13934,-8.50862],[-39.13218,-8.51068],[-39.12412,-8.53195]]]}},{"type":"Feature","properties":{"nome_proje":"PA SERROTE BRANCO"},"geometry":{"type":"Polygon","coordinates":[[[-38.96903,-8.49428],[-38.96231,-8.48306],[-38.96388,-8.47015],[-38.95355,-8.46363],[-38.94733,-8.48723],[-38.96903,-8.49428]]]}},{"type":"Feature","properties":{"nome_proje":"PA MANOEL RODRIGUES"},"geometry":{"type":"Polygon","coordinates":[[[-39.28939,-8.44978],[-39.27706,-8.46793],[-39.28756,-8.47595],[-39.30129,-8.46628],[-39.29545,-8.45075],[-39.28939,-8.44978]]]}},{"type":"Feature","properties":{"nome_proje":"PA TAMBORIL"},"geometry":{"type":"Polygon","coordinates":[[[-39.202,-8.42366],[-39.25305,-8.42238],[-39.26808,-8.42083],[-39.26661,-8.41737],[-39.20133,-8.41978],[-39.202,-8.42366]]]}},{"type":"Feature","properties":{"nome_proje":"PA LULAÇO"},"geometry":{"type":"MultiPolygon","coordinates":[[[[-38.85893,-8.4081],[-38.88274,-8.40642],[-38.88245,-8.40211],[-38.89087,-8.39896],[-38.89202,-8.39532],[-38.87269,-8.40124],[-38.86915,-8.39603],[-38.86655,-8.39686],[-38.86469,-8.40433],[-38.85893,-8.4081]]],[[[-38.85038,-8.42032],[-38.84869,-8.41781],[-38.84641,-8.41846],[-38.84758,-8.42129],[-38.85038,-8.42032]]],[[[-38.83947,-8.42097],[-38.85222,-8.4138],[-38.85185,-8.41252],[-38.8304,-8.4134],[-38.83131,-8.42091],[-38.83814,-8.42879],[-38.83947,-8.42097]]]]}},{"type":"Feature","properties":{"nome_proje":"PA SANTO ANTONIO"},"geometry":{"type":"MultiPolygon","coordinates":[[[[-39.22645,-8.39592],[-39.21556,-8.40263],[-39.24708,-8.40348],[-39.24686,-8.40142],[-39.24523,-8.39922],[-39.24443,-8.39776],[-39.24416,-8.39682],[-39.22645,-8.39592]]],[[[-39.24455,-8.39771],[-39.24698,-8.40136],[-39.24722,-8.40328],[-39.25188,-8.40426],[-39.26614,-8.4028],[-39.26769,-8.39947],[-39.24455,-8.39771]]]]}},{"type":"Feature","properties":{"nome_proje":"PA NOVA CONQUISTA"},"geometry":{"type":"Polygon","coordinates":[[[-38.97347,-8.39137],[-38.94863,-8.37801],[-38.93314,-8.37578],[-38.93278,-8.39659],[-38.95407,-8.41541],[-38.95989,-8.41643],[-38.97347,-8.39137]]]}},{"type":"Feature","properties":{"nome_proje":"PA CACHOEIRINHA"},"geometry":{"type":"Polygon","coordinates":[[[-39.20437,-8.39418],[-39.24973,-8.37688],[-39.25512,-8.3741],[-39.25597,-8.3696],[-39.20399,-8.39115],[-39.20437,-8.39418]]]}},{"type":"Feature","properties":{"nome_proje":"PA VÁRZEA DA ONÇA"},"geometry":{"type":"Polygon","coordinates":[[[-39.07931,-8.3852],[-39.11493,-8.38118],[-39.11668,-8.37308],[-39.12567,-8.3677],[-39.12021,-8.36286],[-39.09318,-8.36771],[-39.09002,-8.37603],[-39.07951,-8.3773],[-39.07515,-8.381],[-39.07931,-8.3852]]]}},{"type":"Feature","properties":{"nome_proje":"PA CANDIDO GREGÓRIO"},"geometry":{"type":"Polygon","coordinates":[[[-39.26288,-8.33521],[-39.22847,-8.35074],[-39.16734,-8.37849],[-39.26288,-8.33521]]]}},{"type":"Feature","properties":{"nome_proje":"PA BARRA DA PORTEIRA"},"geometry":{"type":"Polygon","coordinates":[[[-39.26288,-8.33521],[-39.22906,-8.3491],[-39.16684,-8.37756],[-39.26288,-8.33521]]]}},{"type":"Feature","properties":{"nome_proje":"PA PAJEU"},"geometry":{"type":"Polygon","coordinates":[[[-39.08613,-8.35508],[-39.07345,-8.34831],[-39.06649,-8.3565],[-39.07364,-8.36046],[-39.12052,-8.35425],[-39.08613,-8.35508]]]}},{"type":"Feature","properties":{"nome_proje":"PA JATOBAZINHO"},"geometry":{"type":"Polygon","coordinates":[[[-39.1788,-8.35495],[-39.21232,-8.34403],[-39.26675,-8.31607],[-39.26771,-8.31101],[-39.17822,-8.35179],[-39.1788,-8.35495]]]}},{"type":"Feature","properties":{"nome_proje":"PA SÃO FRANCISCO II"},"geometry":{"type":"Polygon","coordinates":[[[-39.24108,-8.23969],[-39.22282,-8.30565],[-39.22531,-8.30647],[-39.24344,-8.24088],[-39.24108,-8.23969]]]}},{"type":"Feature","properties":{"nome_proje":"PA LAJES"},"geometry":{"type":"MultiPolygon","coordinates":[[[[-38.12886,-8.53014],[-38.13951,-8.52692],[-38.14111,-8.52687],[-38.14378,-8.51486],[-38.13867,-8.50876],[-38.1338,-8.50894],[-38.12886,-8.53014]]],[[[-38.12878,-8.53048],[-38.12529,-8.54616],[-38.13637,-8.54857],[-38.14102,-8.52723],[-38.12878,-8.53048]]]]}},{"type":"Feature","properties":{"nome_proje":"PA CANUDOS"},"geometry":{"type":"Polygon","coordinates":[[[-37.76933,-8.47477],[-37.74975,-8.48865],[-37.75695,-8.49866],[-37.79343,-8.48785],[-37.76933,-8.47477]]]}},{"type":"Feature","properties":{"nome_proje":"PA JACARÉ"},"geometry":{"type":"Polygon","coordinates":[[[-37.89342,-8.45774],[-37.88575,-8.50666],[-37.89206,-8.50781],[-37.89921,-8.45881],[-37.89342,-8.45774]]]}},{"type":"Feature","properties":{"nome_proje":"PA BARRA DO JUÁ"},"geometry":{"type":"MultiPolygon","coordinates":[[[[-38.09639,-8.39417],[-38.0915,-8.40256],[-38.08887,-8.40066],[-38.09433,-8.39039],[-38.09036,-8.38205],[-38.0929,-8.39007],[-38.08643,-8.39778],[-38.08691,-8.40161],[-38.09288,-8.40287],[-38.09639,-8.39417]]],[[[-38.09864,-8.39614],[-38.09389,-8.41087],[-38.11968,-8.40423],[-38.09635,-8.40908],[-38.09864,-8.39614]]],[[[-38.12011,-8.40606],[-38.10165,-8.41535],[-38.1015,-8.41819],[-38.12058,-8.40802],[-38.12011,-8.40606]]],[[[-38.10082,-8.41826],[-38.0985,-8.41431],[-38.09475,-8.41489],[-38.09262,-8.42125],[-38.08987,-8.41976],[-38.08744,-8.42318],[-38.10082,-8.41826]]],[[[-38.08761,-8.38274],[-38.0872,-8.39034],[-38.07357,-8.37584],[-38.07412,-8.36586],[-38.07031,-8.36564],[-38.06751,-8.37768],[-38.07803,-8.39342],[-38.07886,-8.40101],[-38.07233,-8.40522],[-38.07997,-8.41208],[-38.07487,-8.413],[-38.07203,-8.41985],[-38.07565,-8.42529],[-38.07047,-8.42971],[-38.06713,-8.41915],[-38.0637,-8.42039],[-38.06335,-8.43143],[-38.05243,-8.42047],[-38.057,-8.39487],[-38.05325,-8.39381],[-38.04332,-8.41279],[-38.0431,-8.42038],[-38.02564,-8.41985],[-38.02451,-8.42375],[-38.04582,-8.43241],[-38.05151,-8.44185],[-38.04574,-8.44425],[-38.044,-8.4528],[-38.03847,-8.45135],[-38.0336,-8.45492],[-38.02207,-8.44641],[-38.00584,-8.45276],[-38.00277,-8.45959],[-38.0055,-8.46114],[-38.01185,-8.45589],[-38.02026,-8.45544],[-38.01709,-8.46955],[-38.02091,-8.47098],[-38.02392,-8.46699],[-38.04226,-8.46371],[-38.05358,-8.45549],[-38.04768,-8.46436],[-38.05205,-8.46591],[-38.06304,-8.45536],[-38.07335,-8.45179],[-38.08279,-8.43682],[-38.09203,-8.43062],[-38.09296,-8.42528],[-38.08742,-8.42372],[-38.09207,-8.42577],[-38.08798,-8.43188],[-38.07548,-8.43938],[-38.07312,-8.44986],[-38.06684,-8.45274],[-38.06428,-8.44998],[-38.05249,-8.46514],[-38.05139,-8.46174],[-38.05628,-8.45266],[-38.0542,-8.45161],[-38.05012,-8.4521],[-38.04891,-8.45652],[-38.04045,-8.46215],[-38.01902,-8.46682],[-38.02246,-8.46015],[-38.02115,-8.45212],[-38.00532,-8.45704],[-38.0092,-8.45212],[-38.02165,-8.44798],[-38.03043,-8.45673],[-38.0383,-8.45357],[-38.04421,-8.45617],[-38.04644,-8.44601],[-38.05138,-8.44788],[-38.05725,-8.44531],[-38.05921,-8.44138],[-38.05165,-8.44018],[-38.04641,-8.42988],[-38.02614,-8.42213],[-38.04418,-8.42279],[-38.04471,-8.41171],[-38.04873,-8.41082],[-38.05337,-8.39796],[-38.05415,-8.41047],[-38.0497,-8.41409],[-38.04894,-8.42368],[-38.05382,-8.42358],[-38.06017,-8.43323],[-38.06635,-8.43557],[-38.06446,-8.42973],[-38.06698,-8.42225],[-38.06772,-8.43169],[-38.07196,-8.43255],[-38.07243,-8.42841],[-38.07794,-8.42632],[-38.07398,-8.42006],[-38.0785,-8.41723],[-38.07514,-8.4141],[-38.08297,-8.41447],[-38.08462,-8.41224],[-38.07889,-8.40877],[-38.08009,-8.40693],[-38.07341,-8.40499],[-38.0805,-8.40282],[-38.07878,-8.39545],[-38.08095,-8.39488],[-38.07863,-8.39378],[-38.08157,-8.39242],[-38.06974,-8.37905],[-38.07238,-8.36851],[-38.07161,-8.37718],[-38.08368,-8.38662],[-38.08469,-8.39426],[-38.08881,-8.3884],[-38.08761,-8.38274]]]]}},{"type":"Feature","properties":{"nome_proje":"PA PIRAMBEBA"},"geometry":{"type":"MultiPolygon","coordinates":[[[[-37.90176,-8.43767],[-37.90364,-8.42535],[-37.90144,-8.42079],[-37.87502,-8.45331],[-37.88613,-8.4568],[-37.90176,-8.43767]]],[[[-37.90291,-8.43623],[-37.91884,-8.41373],[-37.91815,-8.41276],[-37.91431,-8.40689],[-37.91414,-8.4055],[-37.90253,-8.4194],[-37.90547,-8.42555],[-37.90291,-8.43623]]],[[[-37.91426,-8.40536],[-37.92063,-8.41459],[-37.93704,-8.39454],[-37.93561,-8.39047],[-37.94659,-8.38178],[-37.93762,-8.37723],[-37.91426,-8.40536]]]]}},{"type":"Feature","properties":{"nome_proje":"PA SERRA BRANCA"},"geometry":{"type":"MultiPolygon","coordinates":[[[[-37.93582,-8.37626],[-37.92877,-8.37027],[-37.90559,-8.39778],[-37.91167,-8.40186],[-37.91343,-8.40355],[-37.93582,-8.37626]]],[[[-37.91334,-8.40365],[-37.90551,-8.39787],[-37.89559,-8.40977],[-37.90253,-8.4194],[-37.91011,-8.41038],[-37.91334,-8.40365]]],[[[-37.90144,-8.42079],[-37.89443,-8.41119],[-37.86106,-8.45117],[-37.87502,-8.45331],[-37.90144,-8.42079]]]]}},{"type":"Feature","properties":{"nome_proje":"PA TIMBURANA"},"geometry":{"type":"Polygon","coordinates":[[[-38.16879,-8.24165],[-38.17294,-8.25021],[-38.17415,-8.26633],[-38.17881,-8.27149],[-38.1785,-8.27961],[-38.19273,-8.27927],[-38.20564,-8.28941],[-38.22002,-8.27746],[-38.2088,-8.23607],[-38.16879,-8.24165]]]}},{"type":"Feature","properties":{"nome_proje":"PA SANTA RITA II"},"geometry":{"type":"Polygon","coordinates":[[[-37.72982,-8.19312],[-37.73556,-8.19746],[-37.76146,-8.20087],[-37.74804,-8.21384],[-37.73799,-8.21577],[-37.72956,-8.23151],[-37.72389,-8.23087],[-37.72582,-8.23618],[-37.73658,-8.23747],[-37.73533,-8.24252],[-37.77373,-8.24695],[-37.76953,-8.2381],[-37.77053,-8.23156],[-37.78551,-8.22105],[-37.79295,-8.20226],[-37.77296,-8.20004],[-37.76739,-8.19591],[-37.72982,-8.19312]]]}},{"type":"Feature","properties":{"nome_proje":"PA SÃO BOA VENTURA"},"geometry":{"type":"Polygon","coordinates":[[[-37.78499,-8.18017],[-37.80157,-8.20091],[-37.85244,-8.21707],[-37.87441,-8.2347],[-37.87921,-8.22451],[-37.85736,-8.20295],[-37.85902,-8.18179],[-37.8555,-8.17355],[-37.84098,-8.16787],[-37.8317,-8.15969],[-37.81401,-8.16099],[-37.80451,-8.1763],[-37.78499,-8.18017]]]}},{"type":"Feature","properties":{"nome_proje":"PA RIACHO DO NAVIO II"},"geometry":{"type":"MultiPolygon","coordinates":[[[[-37.92995,-8.19203],[-37.89895,-8.26203],[-37.90313,-8.2646],[-37.93256,-8.1922],[-37.93185,-8.19255],[-37.92995,-8.19203]]],[[[-37.90292,-8.12707],[-37.88254,-8.16727],[-37.89022,-8.17302],[-37.8917,-8.17746],[-37.89977,-8.18043],[-37.90527,-8.18365],[-37.91929,-8.13788],[-37.90292,-8.12707]]],[[[-37.93841,-8.04058],[-37.91833,-8.04059],[-37.90865,-8.04247],[-37.91791,-8.05386],[-37.91575,-8.0559],[-37.95629,-8.05332],[-37.95239,-8.0502],[-37.94692,-8.05144],[-37.93841,-8.04058]]],[[[-37.9556,-8.05418],[-37.91495,-8.05664],[-37.90115,-8.06981],[-37.89903,-8.0774],[-37.8873,-8.08464],[-37.88921,-8.0974],[-37.9028,-8.11061],[-37.89333,-8.1137],[-37.89244,-8.11752],[-37.89478,-8.12014],[-37.90356,-8.11714],[-37.90629,-8.12058],[-37.9031,-8.12675],[-37.95268,-8.15974],[-37.95951,-8.14477],[-37.96385,-8.14684],[-37.97902,-8.11602],[-37.98701,-8.11085],[-37.98672,-8.08664],[-37.94542,-8.07309],[-37.94346,-8.06687],[-37.94762,-8.0584],[-37.95288,-8.05925],[-37.9556,-8.05418]]],[[[-37.88177,-8.16885],[-37.88406,-8.1769],[-37.88988,-8.17718],[-37.90782,-8.18836],[-37.91366,-8.18926],[-37.90904,-8.18841],[-37.89155,-8.17761],[-37.89007,-8.17314],[-37.88177,-8.16885]]],[[[-37.91953,-8.13804],[-37.90551,-8.1838],[-37.90767,-8.18722],[-37.92081,-8.19087],[-37.92337,-8.18833],[-37.93183,-8.19238],[-37.93893,-8.18745],[-37.94328,-8.18859],[-37.95256,-8.16007],[-37.91953,-8.13804]]]]}},{"type":"Feature","properties":{"nome_proje":"PA BARRA DA FORQUILHA"},"geometry":{"type":"Polygon","coordinates":[[[-38.47549,-8.49884],[-38.50999,-8.49016],[-38.50809,-8.48909],[-38.52491,-8.48575],[-38.52283,-8.4771],[-38.47317,-8.48698],[-38.47549,-8.49884]]]}},{"type":"Feature","properties":{"nome_proje":"PA SERRA DO CAPIM"},"geometry":{"type":"MultiPolygon","coordinates":[[[[-38.24982,-8.42229],[-38.24592,-8.4214],[-38.23452,-8.47259],[-38.23843,-8.47344],[-38.24982,-8.42229]]],[[[-38.24805,-8.48174],[-38.26545,-8.41525],[-38.26354,-8.41481],[-38.24805,-8.48174]]]]}},{"type":"Feature","properties":{"nome_proje":"PA QUEBRA UNHAS"},"geometry":{"type":"Polygon","coordinates":[[[-38.24688,-8.39882],[-38.23756,-8.42521],[-38.24086,-8.42601],[-38.24688,-8.39882]]]}},{"type":"Feature","properties":{"nome_proje":"PA CACHOEIRA"},"geometry":{"type":"Polygon","coordinates":[[[-38.5739,-8.37071],[-38.57787,-8.39698],[-38.59509,-8.39946],[-38.57852,-8.39189],[-38.5739,-8.37071]]]}},{"type":"Feature","properties":{"nome_proje":"PA PAULISTA"},"geometry":{"type":"Polygon","coordinates":[[[-38.46922,-8.3655],[-38.48029,-8.36737],[-38.48248,-8.37227],[-38.47136,-8.37031],[-38.47333,-8.37472],[-38.51007,-8.37938],[-38.51167,-8.38295],[-38.52227,-8.38468],[-38.52051,-8.37666],[-38.50855,-8.37326],[-38.52018,-8.37491],[-38.5182,-8.36516],[-38.46517,-8.35639],[-38.46922,-8.3655]]]}},{"type":"Feature","properties":{"nome_proje":"PA CACIMBA NOVA"},"geometry":{"type":"Polygon","coordinates":[[[-38.30062,-8.30803],[-38.24459,-8.33503],[-38.24178,-8.35014],[-38.22963,-8.36625],[-38.21992,-8.39174],[-38.24404,-8.4011],[-38.27331,-8.36204],[-38.26611,-8.35774],[-38.29799,-8.31782],[-38.30062,-8.30803]]]}},{"type":"Feature","properties":{"nome_proje":"PA TRES IRMÃOS"},"geometry":{"type":"Polygon","coordinates":[[[-38.48122,-8.1542],[-38.44726,-8.19243],[-38.45202,-8.1988],[-38.48854,-8.15814],[-38.48122,-8.1542]]]}},{"type":"Feature","properties":{"nome_proje":"PA ANTONIO HENRIQUE NOGUEIRA"},"geometry":{"type":"MultiPolygon","coordinates":[[[[-38.61143,-8.15702],[-38.61965,-8.15916],[-38.62785,-8.166],[-38.63099,-8.15743],[-38.62358,-8.14402],[-38.6216,-8.15072],[-38.6116,-8.1534],[-38.61143,-8.15702]]],[[[-38.61072,-8.15687],[-38.60363,-8.18483],[-38.6196,-8.18771],[-38.6278,-8.16613],[-38.61955,-8.1593],[-38.61072,-8.15687]]]]}},{"type":"Feature","properties":{"nome_proje":"PA VIRGULINO FERREIRA"},"geometry":{"type":"MultiPolygon","coordinates":[[[[-38.46545,-8.1152],[-38.46814,-8.1153],[-38.46766,-8.11295],[-38.46545,-8.1152]]],[[[-38.4718,-8.11792],[-38.4735,-8.11665],[-38.47449,-8.10793],[-38.46905,-8.11154],[-38.4718,-8.11792]]],[[[-38.50544,-8.14065],[-38.50524,-8.13425],[-38.51028,-8.13112],[-38.50289,-8.12713],[-38.50515,-8.12511],[-38.5079,-8.12813],[-38.50939,-8.1243],[-38.51252,-8.12599],[-38.51143,-8.12146],[-38.51482,-8.12239],[-38.51266,-8.11851],[-38.51536,-8.11738],[-38.51572,-8.11543],[-38.51632,-8.11469],[-38.51712,-8.1143],[-38.517,-8.1161],[-38.51386,-8.11919],[-38.51668,-8.12295],[-38.51572,-8.12616],[-38.5238,-8.12464],[-38.52363,-8.12151],[-38.52696,-8.1248],[-38.53065,-8.12118],[-38.52928,-8.12556],[-38.53489,-8.12403],[-38.53542,-8.12763],[-38.5326,-8.12797],[-38.54088,-8.13587],[-38.54623,-8.13382],[-38.54358,-8.12888],[-38.54735,-8.13116],[-38.53856,-8.12584],[-38.53914,-8.12282],[-38.54268,-8.12784],[-38.54255,-8.12629],[-38.54394,-8.12485],[-38.54344,-8.12439],[-38.54369,-8.12409],[-38.55124,-8.12546],[-38.55101,-8.12487],[-38.55213,-8.12211],[-38.5487,-8.11571],[-38.54869,-8.11537],[-38.54884,-8.11539],[-38.55455,-8.12363],[-38.55177,-8.12309],[-38.5515,-8.1257],[-38.5436,-8.12426],[-38.54413,-8.12487],[-38.54289,-8.12806],[-38.54943,-8.12822],[-38.54902,-8.13372],[-38.54233,-8.13727],[-38.5631,-8.13346],[-38.56241,-8.12646],[-38.59343,-8.13717],[-38.59416,-8.13372],[-38.58413,-8.13207],[-38.57541,-8.12368],[-38.56047,-8.1214],[-38.56714,-8.11214],[-38.55017,-8.10197],[-38.54699,-8.12043],[-38.52164,-8.12004],[-38.52619,-8.11462],[-38.52339,-8.11048],[-38.51687,-8.11018],[-38.50864,-8.12436],[-38.49641,-8.12126],[-38.50245,-8.11558],[-38.49689,-8.10953],[-38.50125,-8.10365],[-38.48639,-8.08532],[-38.48386,-8.10089],[-38.48182,-8.10055],[-38.47581,-8.10661],[-38.48199,-8.10667],[-38.48931,-8.1143],[-38.48,-8.10886],[-38.47585,-8.11525],[-38.4886,-8.12082],[-38.49077,-8.11675],[-38.49269,-8.11953],[-38.49052,-8.12304],[-38.48023,-8.1238],[-38.47779,-8.12851],[-38.48485,-8.1271],[-38.48562,-8.13025],[-38.49025,-8.12999],[-38.49557,-8.126],[-38.49425,-8.13151],[-38.49926,-8.13084],[-38.49789,-8.13653],[-38.50544,-8.14065]]],[[[-38.55157,-8.18466],[-38.55111,-8.17645],[-38.55995,-8.17577],[-38.55851,-8.16624],[-38.56639,-8.16677],[-38.56419,-8.15563],[-38.55753,-8.15927],[-38.54985,-8.15595],[-38.54344,-8.16872],[-38.54031,-8.16908],[-38.53566,-8.16345],[-38.53696,-8.15754],[-38.54349,-8.15564],[-38.5429,-8.14891],[-38.5279,-8.15106],[-38.52539,-8.14761],[-38.53246,-8.14256],[-38.54284,-8.14631],[-38.54097,-8.13728],[-38.53567,-8.13801],[-38.52436,-8.12919],[-38.52769,-8.13191],[-38.526,-8.13526],[-38.52918,-8.13458],[-38.5303,-8.1379],[-38.52647,-8.1375],[-38.52421,-8.1431],[-38.51562,-8.14159],[-38.52109,-8.15033],[-38.51577,-8.14875],[-38.51504,-8.15394],[-38.51913,-8.15352],[-38.52096,-8.15795],[-38.52396,-8.15681],[-38.52365,-8.15985],[-38.52711,-8.16437],[-38.52371,-8.15444],[-38.52906,-8.15571],[-38.53373,-8.15256],[-38.5344,-8.15223],[-38.53609,-8.15214],[-38.53041,-8.15695],[-38.53293,-8.16373],[-38.53699,-8.16529],[-38.53239,-8.16655],[-38.53764,-8.16805],[-38.53738,-8.17199],[-38.54133,-8.16964],[-38.54028,-8.17395],[-38.5469,-8.17765],[-38.54417,-8.17106],[-38.54701,-8.16639],[-38.5493,-8.16911],[-38.55115,-8.1644],[-38.55144,-8.16978],[-38.54871,-8.17076],[-38.551,-8.1719],[-38.5477,-8.17302],[-38.55104,-8.18024],[-38.54768,-8.17849],[-38.54615,-8.18348],[-38.55157,-8.18466]]],[[[-38.53849,-8.22473],[-38.53498,-8.21382],[-38.5387,-8.21612],[-38.54712,-8.20999],[-38.54657,-8.20214],[-38.56026,-8.19558],[-38.55852,-8.19141],[-38.55063,-8.19337],[-38.54642,-8.18397],[-38.54073,-8.18313],[-38.54675,-8.186],[-38.54261,-8.19109],[-38.55354,-8.19485],[-38.54369,-8.19636],[-38.54102,-8.20448],[-38.54481,-8.2068],[-38.53855,-8.21149],[-38.52802,-8.20467],[-38.52922,-8.2019],[-38.52273,-8.20198],[-38.52115,-8.20523],[-38.5197,-8.19969],[-38.50939,-8.2021],[-38.51037,-8.19963],[-38.50233,-8.19755],[-38.50596,-8.19476],[-38.50216,-8.19263],[-38.49856,-8.19488],[-38.50039,-8.19097],[-38.49596,-8.1873],[-38.48407,-8.18783],[-38.48229,-8.18578],[-38.49833,-8.18351],[-38.50102,-8.18023],[-38.50006,-8.18502],[-38.50362,-8.18481],[-38.50327,-8.18707],[-38.50937,-8.1827],[-38.50964,-8.18764],[-38.51577,-8.18809],[-38.51367,-8.18516],[-38.51598,-8.18364],[-38.50936,-8.17936],[-38.51446,-8.17813],[-38.51112,-8.17488],[-38.51598,-8.17162],[-38.51305,-8.16881],[-38.51624,-8.16563],[-38.51009,-8.16245],[-38.51079,-8.16777],[-38.50804,-8.16716],[-38.50623,-8.17209],[-38.50401,-8.16809],[-38.50632,-8.16459],[-38.50109,-8.1631],[-38.50423,-8.16168],[-38.50074,-8.15854],[-38.50741,-8.15795],[-38.50688,-8.15597],[-38.50273,-8.15467],[-38.49795,-8.16075],[-38.49292,-8.15853],[-38.49553,-8.15421],[-38.48774,-8.15441],[-38.49125,-8.14924],[-38.48417,-8.14916],[-38.49222,-8.14632],[-38.49108,-8.14338],[-38.49485,-8.14144],[-38.48998,-8.13669],[-38.48556,-8.14327],[-38.4838,-8.13757],[-38.4777,-8.14216],[-38.47989,-8.13851],[-38.47643,-8.13779],[-38.47581,-8.13609],[-38.48477,-8.13399],[-38.47684,-8.1318],[-38.47567,-8.13392],[-38.46824,-8.12814],[-38.47181,-8.12722],[-38.4701,-8.12581],[-38.46157,-8.1262],[-38.47484,-8.12101],[-38.47487,-8.11854],[-38.47155,-8.12022],[-38.46358,-8.11709],[-38.45427,-8.12882],[-38.45822,-8.13165],[-38.46442,-8.12936],[-38.46864,-8.13331],[-38.46576,-8.13594],[-38.4705,-8.1412],[-38.47017,-8.14846],[-38.47802,-8.14673],[-38.48071,-8.15478],[-38.49982,-8.16762],[-38.50403,-8.17564],[-38.49403,-8.17832],[-38.48444,-8.17381],[-38.48032,-8.17761],[-38.47484,-8.17341],[-38.4683,-8.18473],[-38.47875,-8.19207],[-38.48858,-8.19093],[-38.4947,-8.19853],[-38.50801,-8.206],[-38.52674,-8.20872],[-38.53252,-8.22689],[-38.53849,-8.22473]]]]}},{"type":"Feature","properties":{"nome_proje":"PA ADÃO PRETO"},"geometry":{"type":"Polygon","coordinates":[[[-38.33028,-8.13598],[-38.32794,-8.14571],[-38.34099,-8.15881],[-38.35287,-8.12505],[-38.33943,-8.12198],[-38.33028,-8.13598]]]}},{"type":"Feature","properties":{"nome_proje":"PA GILVAN SANTOS"},"geometry":{"type":"Polygon","coordinates":[[[-38.32494,-8.1128],[-38.30352,-8.10769],[-38.29838,-8.10224],[-38.29776,-8.13824],[-38.31085,-8.13892],[-38.31633,-8.1463],[-38.31883,-8.14559],[-38.32494,-8.1128]]]}},{"type":"Feature","properties":{"nome_proje":"PA SÃO BENEDITO"},"geometry":{"type":"MultiPolygon","coordinates":[[[[-38.80537,-8.11266],[-38.81685,-8.11046],[-38.82279,-8.09014],[-38.81156,-8.09083],[-38.80537,-8.11266]]],[[[-38.81587,-8.12434],[-38.81305,-8.12372],[-38.81542,-8.11537],[-38.8136,-8.11574],[-38.81283,-8.11567],[-38.80832,-8.11453],[-38.80527,-8.11302],[-38.80246,-8.12285],[-38.80701,-8.12329],[-38.80123,-8.14834],[-38.81104,-8.14792],[-38.81587,-8.12434]]],[[[-38.81285,-8.11554],[-38.81673,-8.11089],[-38.80641,-8.11323],[-38.81285,-8.11554]]]]}},{"type":"Feature","properties":{"nome_proje":"PA JOÃO PEDRO TEIXEIRA"},"geometry":{"type":"Polygon","coordinates":[[[-38.28225,-8.09389],[-38.29117,-8.09652],[-38.31127,-8.06175],[-38.30221,-8.05384],[-38.28225,-8.09389]]]}},{"type":"Feature","properties":{"nome_proje":"PA CATOLÉ"},"geometry":{"type":"Polygon","coordinates":[[[-38.58781,-8.06324],[-38.60919,-8.08644],[-38.63977,-8.08051],[-38.6426,-8.06898],[-38.60473,-8.07764],[-38.59768,-8.05276],[-38.58644,-8.05442],[-38.58781,-8.06324]]]}},{"type":"Feature","properties":{"nome_proje":"PA BELA VISTA"},"geometry":{"type":"MultiPolygon","coordinates":[[[[-38.58695,-8.06833],[-38.58644,-8.05442],[-38.56238,-8.06141],[-38.56516,-8.06265],[-38.56771,-8.06449],[-38.56782,-8.06477],[-38.56764,-8.06514],[-38.56782,-8.06627],[-38.56846,-8.06784],[-38.56925,-8.07016],[-38.56938,-8.07146],[-38.58695,-8.06833]]],[[[-38.56869,-8.07447],[-38.56513,-8.06269],[-38.56224,-8.06145],[-38.56109,-8.06471],[-38.55318,-8.0591],[-38.53501,-8.05457],[-38.53102,-8.06513],[-38.53658,-8.06697],[-38.53697,-8.06444],[-38.5542,-8.0728],[-38.55458,-8.07027],[-38.56869,-8.07447]]]]}},{"type":"Feature","properties":{"nome_proje":"PA BARRA DO EXÚ"},"geometry":{"type":"Polygon","coordinates":[[[-38.45961,-8.02665],[-38.44026,-8.02201],[-38.42698,-8.03311],[-38.43344,-8.0457],[-38.4228,-8.05473],[-38.42911,-8.06014],[-38.44165,-8.04974],[-38.44703,-8.05266],[-38.43511,-8.06275],[-38.44997,-8.07069],[-38.46268,-8.06133],[-38.44808,-8.04216],[-38.44218,-8.04726],[-38.43815,-8.04435],[-38.45961,-8.02665]]]}},{"type":"Feature","properties":{"nome_proje":"PA POLDRINHO"},"geometry":{"type":"Polygon","coordinates":[[[-38.49771,-8.03143],[-38.46188,-8.02421],[-38.43815,-8.04435],[-38.44218,-8.04726],[-38.44808,-8.04216],[-38.46268,-8.06133],[-38.50042,-8.03633],[-38.49771,-8.03143]]]}},{"type":"Feature","properties":{"nome_proje":"PA ANTÔNIO BAIÃO"},"geometry":{"type":"Polygon","coordinates":[[[-38.4594,-8.02623],[-38.4542,-8.0182],[-38.43831,-8.02148],[-38.44812,-8.02434],[-38.4594,-8.02623]]]}},{"type":"Feature","properties":{"nome_proje":"PA POÇO DO SERROTE"},"geometry":{"type":"MultiPolygon","coordinates":[[[[-38.4207,-7.99853],[-38.41513,-7.99713],[-38.41762,-7.99386],[-38.41283,-7.9964],[-38.4082,-7.9901],[-38.40251,-7.99397],[-38.3992,-7.99151],[-38.39022,-7.99472],[-38.4207,-7.99853]]],[[[-38.39617,-7.99656],[-38.38918,-7.99545],[-38.37436,-8.00094],[-38.38081,-7.99993],[-38.38818,-8.00199],[-38.39617,-7.99656]]],[[[-38.40219,-8.00921],[-38.40727,-8.00861],[-38.41811,-8.00044],[-38.40038,-7.99738],[-38.39235,-8.00327],[-38.39734,-8.00356],[-38.40219,-8.00921]]],[[[-38.38573,-8.0164],[-38.39149,-8.01323],[-38.39519,-8.01735],[-38.40676,-8.00899],[-38.40099,-8.00941],[-38.39558,-8.00356],[-38.3875,-8.00885],[-38.38413,-8.00474],[-38.38777,-8.00227],[-38.37412,-8.00136],[-38.3516,-8.03753],[-38.36097,-8.04045],[-38.38052,-8.0151],[-38.38322,-8.01574],[-38.36306,-8.0411],[-38.36559,-8.04189],[-38.38573,-8.0164]]]]}},{"type":"Feature","properties":{"nome_proje":"PA BOA VISTA"},"geometry":{"type":"Polygon","coordinates":[[[-38.57933,-7.99538],[-38.59488,-8.01725],[-38.59872,-8.01237],[-38.58511,-7.99033],[-38.57933,-7.99538]]]}},{"type":"Feature","properties":{"nome_proje":"PA ANTONIO DE BARROS"},"geometry":{"type":"Polygon","coordinates":[[[-39.29619,-8.22396],[-39.27843,-8.3083],[-39.28223,-8.30301],[-39.29382,-8.24981],[-39.29874,-8.22484],[-39.29619,-8.22396]]]}},{"type":"Feature","properties":{"nome_proje":"PA GANGORRINHA"},"geometry":{"type":"Polygon","coordinates":[[[-39.18937,-8.25177],[-39.16497,-8.28498],[-39.17153,-8.28711],[-39.18081,-8.2964],[-39.20042,-8.26344],[-39.20859,-8.22899],[-39.19671,-8.23476],[-39.18937,-8.25177]]]}},{"type":"Feature","properties":{"nome_proje":"PA SANTA LUZIA"},"geometry":{"type":"Polygon","coordinates":[[[-39.01812,-8.17988],[-38.99672,-8.17669],[-38.98792,-8.17902],[-38.99193,-8.22288],[-39.01812,-8.17988]]]}},{"type":"Feature","properties":{"nome_proje":"PA JOSÉ LUIZ DE BARROS"},"geometry":{"type":"Polygon","coordinates":[[[-38.98156,-8.15663],[-38.96158,-8.15743],[-38.95508,-8.12521],[-38.9527,-8.1248],[-38.95996,-8.17942],[-38.95403,-8.18041],[-38.95481,-8.19006],[-38.96256,-8.23685],[-38.97597,-8.24785],[-38.97857,-8.25408],[-38.98398,-8.22581],[-38.97512,-8.1748],[-38.98791,-8.179],[-38.98156,-8.15663]]]}},{"type":"Feature","properties":{"nome_proje":"PA NOSSA SENHORA APARECIDA II"},"geometry":{"type":"MultiPolygon","coordinates":[[[[-38.96007,-8.10507],[-38.95955,-8.09982],[-38.95763,-8.10071],[-38.95428,-8.10143],[-38.95352,-8.10739],[-38.96007,-8.10507]]],[[[-38.95144,-8.10813],[-38.95421,-8.10134],[-38.95945,-8.09974],[-38.9563,-8.09219],[-38.95788,-8.08243],[-38.95648,-8.08198],[-38.955,-8.08124],[-38.9544,-8.07892],[-38.95438,-8.07697],[-38.95281,-8.07689],[-38.9518,-8.0764],[-38.95141,-8.07519],[-38.95193,-8.07283],[-38.95127,-8.07189],[-38.9454,-8.07348],[-38.94404,-8.06347],[-38.94221,-8.06434],[-38.93731,-8.06026],[-38.93648,-8.05903],[-38.93617,-8.05811],[-38.93452,-8.05755],[-38.9329,-8.05532],[-38.92974,-8.05445],[-38.9285,-8.05501],[-38.92773,-8.05493],[-38.92658,-8.05444],[-38.92588,-8.05328],[-38.92473,-8.04741],[-38.92427,-8.04647],[-38.92342,-8.04603],[-38.92239,-8.04511],[-38.92212,-8.04461],[-38.92251,-8.04194],[-38.91995,-8.0381],[-38.91002,-8.0364],[-38.91579,-8.05147],[-38.92355,-8.05585],[-38.91264,-8.07056],[-38.91492,-8.07317],[-38.91325,-8.07697],[-38.91803,-8.08376],[-38.92457,-8.07995],[-38.93106,-8.0829],[-38.93797,-8.0791],[-38.94388,-8.11033],[-38.95144,-8.10813]]],[[[-38.95598,-8.06186],[-38.95315,-8.0318],[-38.94613,-8.02988],[-38.95106,-8.06377],[-38.95598,-8.06186]]],[[[-38.93877,-8.03131],[-38.92362,-8.031],[-38.91262,-8.03553],[-38.91724,-8.03609],[-38.92001,-8.038],[-38.92138,-8.03943],[-38.92262,-8.04191],[-38.92223,-8.04458],[-38.92436,-8.04639],[-38.92483,-8.04737],[-38.92666,-8.05435],[-38.92971,-8.05433],[-38.93294,-8.05522],[-38.93416,-8.05596],[-38.9422,-8.06419],[-38.94338,-8.05887],[-38.93866,-8.05396],[-38.94215,-8.05027],[-38.93877,-8.03131]]],[[[-38.95579,-8.06336],[-38.95108,-8.06389],[-38.95218,-8.0716],[-38.95152,-8.07518],[-38.95446,-8.07688],[-38.95509,-8.08116],[-38.95787,-8.08229],[-38.95579,-8.06336]]]]}},{"type":"Feature","properties":{"nome_proje":"PA MONTE ALEGRE"},"geometry":{"type":"MultiPolygon","coordinates":[[[[-39.14148,-8.00268],[-39.14175,-8.01864],[-39.14432,-8.02313],[-39.14203,-8.01015],[-39.14557,-8.00276],[-39.14148,-8.00268]]],[[[-39.13944,-8.00115],[-39.10799,-7.99408],[-39.11345,-8.01508],[-39.10409,-8.02868],[-39.08198,-8.01978],[-39.08067,-8.0278],[-39.1356,-8.04267],[-39.14138,-8.03548],[-39.14386,-8.02562],[-39.13995,-8.01891],[-39.13944,-8.00115]]]]}},{"type":"Feature","properties":{"nome_proje":"PA TERRA LIVRE"},"geometry":{"type":"Polygon","coordinates":[[[-38.90513,-7.87025],[-38.88458,-7.85143],[-38.8858,-7.94123],[-38.8955,-7.95113],[-38.90507,-7.94794],[-38.91149,-7.9357],[-38.8969,-7.89216],[-38.89934,-7.8924],[-38.90513,-7.87025]]]}},{"type":"Feature","properties":{"nome_proje":"PA VIDA NOVA"},"geometry":{"type":"Polygon","coordinates":[[[-38.82189,-7.95426],[-38.86088,-7.91568],[-38.85733,-7.91208],[-38.86592,-7.83605],[-38.85705,-7.8412],[-38.85158,-7.84962],[-38.84577,-7.90024],[-38.84039,-7.89506],[-38.80156,-7.9335],[-38.82189,-7.95426]]]}},{"type":"Feature","properties":{"nome_proje":"PA TERRA NOVA"},"geometry":{"type":"Polygon","coordinates":[[[-38.87239,-7.84186],[-38.8712,-7.86958],[-38.87708,-7.87428],[-38.87774,-7.93292],[-38.8858,-7.94123],[-38.88458,-7.85145],[-38.87239,-7.84186]]]}},{"type":"Feature","properties":{"nome_proje":"PA BAIXA GRANDE"},"geometry":{"type":"Polygon","coordinates":[[[-38.84838,-7.65031],[-38.84109,-7.65304],[-38.86615,-7.67099],[-38.8541,-7.69488],[-38.85464,-7.7145],[-38.87149,-7.71151],[-38.87595,-7.7216],[-38.88176,-7.72604],[-38.8795,-7.74608],[-38.89359,-7.74982],[-38.90537,-7.74208],[-38.91788,-7.74525],[-38.92799,-7.75496],[-38.93977,-7.75149],[-38.94215,-7.76143],[-38.95082,-7.75158],[-38.95464,-7.68688],[-38.91214,-7.67606],[-38.908,-7.67595],[-38.90734,-7.68174],[-38.90389,-7.68155],[-38.90641,-7.6734],[-38.89885,-7.66664],[-38.90046,-7.65257],[-38.87169,-7.65501],[-38.86675,-7.66007],[-38.84838,-7.65031]]]}},{"type":"Feature","properties":{"nome_proje":"PA IVAN SOUTO DE OLIVEIRA"},"geometry":{"type":"Polygon","coordinates":[[[-38.28664,-7.91179],[-38.28146,-7.89685],[-38.25255,-7.91514],[-38.26187,-7.93546],[-38.28062,-7.94869],[-38.2829,-7.94825],[-38.27177,-7.92054],[-38.28664,-7.91179]]]}},{"type":"Feature","properties":{"nome_proje":"PA MANDACARÚ I"},"geometry":{"type":"Polygon","coordinates":[[[-38.36715,-7.93346],[-38.37787,-7.92997],[-38.39623,-7.92378],[-38.37659,-7.90858],[-38.3552,-7.91486],[-38.36715,-7.93346]]]}},{"type":"Feature","properties":{"nome_proje":"PA CARNAUBA DO AJUDANTE"},"geometry":{"type":"Polygon","coordinates":[[[-38.33691,-7.90776],[-38.32851,-7.91328],[-38.34925,-7.90999],[-38.33003,-7.91605],[-38.34918,-7.91126],[-38.32961,-7.91835],[-38.372,-7.90585],[-38.36024,-7.9006],[-38.33691,-7.90776]]]}},{"type":"Feature","properties":{"nome_proje":"PA PARAISO"},"geometry":{"type":"MultiPolygon","coordinates":[[[[-38.55892,-7.91924],[-38.55286,-7.91522],[-38.55258,-7.92456],[-38.55892,-7.91924]]],[[[-38.50671,-7.87413],[-38.50575,-7.88081],[-38.51117,-7.88613],[-38.51037,-7.89194],[-38.52658,-7.91384],[-38.55498,-7.94155],[-38.55758,-7.93974],[-38.55258,-7.92456],[-38.50671,-7.87413]]]]}},{"type":"Feature","properties":{"nome_proje":"PA LAJINHA"},"geometry":{"type":"Polygon","coordinates":[[[-38.36746,-7.90119],[-38.33233,-7.89208],[-38.31062,-7.89074],[-38.30141,-7.9087],[-38.33424,-7.91101],[-38.33406,-7.90236],[-38.34949,-7.89812],[-38.36746,-7.90119]]]}},{"type":"Feature","properties":{"nome_proje":"PA JULIA SIQUEIRA"},"geometry":{"type":"Polygon","coordinates":[[[-38.73026,-7.79837],[-38.77106,-7.81608],[-38.77153,-7.80514],[-38.73739,-7.79111],[-38.73026,-7.79837]]]}},{"type":"Feature","properties":{"nome_proje":"PA SÃO LOURENÇO"},"geometry":{"type":"Polygon","coordinates":[[[-38.50663,-7.78661],[-38.51969,-7.79469],[-38.53511,-7.79533],[-38.52898,-7.78305],[-38.53582,-7.7734],[-38.5322,-7.75898],[-38.52249,-7.75675],[-38.51861,-7.74998],[-38.50663,-7.78661]]]}},{"type":"Feature","properties":{"nome_proje":"PA CACHOEIRA I"},"geometry":{"type":"Polygon","coordinates":[[[-38.45668,-7.71735],[-38.45124,-7.71649],[-38.43975,-7.72489],[-38.43206,-7.72581],[-38.43011,-7.73209],[-38.43361,-7.74071],[-38.42309,-7.74196],[-38.44753,-7.75599],[-38.47283,-7.75769],[-38.48645,-7.75255],[-38.48552,-7.7344],[-38.49571,-7.72345],[-38.48019,-7.70562],[-38.45668,-7.71735]]]}},{"type":"Feature","properties":{"nome_proje":"PA ANANIAS PEREIRA"},"geometry":{"type":"Polygon","coordinates":[[[-38.44538,-7.66862],[-38.45156,-7.6874],[-38.45978,-7.68901],[-38.46711,-7.68289],[-38.46959,-7.66753],[-38.4725,-7.66487],[-38.46932,-7.66421],[-38.4732,-7.66222],[-38.48387,-7.66466],[-38.46584,-7.65618],[-38.46818,-7.64646],[-38.46025,-7.64001],[-38.44886,-7.6423],[-38.44538,-7.66862]]]}},{"type":"Feature","properties":{"nome_proje":"PA MATA VERDE"},"geometry":{"type":"Polygon","coordinates":[[[-38.25861,-7.55228],[-38.26199,-7.56062],[-38.24537,-7.55861],[-38.24404,-7.56261],[-38.24907,-7.56588],[-38.24699,-7.56854],[-38.255,-7.57363],[-38.26657,-7.57011],[-38.27179,-7.57326],[-38.27188,-7.56724],[-38.28044,-7.55568],[-38.25861,-7.55228]]]}},{"type":"Feature","properties":{"nome_proje":"PA SANTO AMARO"},"geometry":{"type":"Polygon","coordinates":[[[-35.97042,-8.50202],[-35.97335,-8.50381],[-35.9703,-8.50888],[-35.97572,-8.50933],[-35.97559,-8.51674],[-35.96903,-8.51856],[-35.96243,-8.52809],[-35.97419,-8.52842],[-35.97571,-8.5349],[-35.98608,-8.53951],[-35.98952,-8.54525],[-35.99687,-8.54495],[-35.99889,-8.53293],[-36.0015,-8.53321],[-36.00063,-8.54447],[-36.00351,-8.54795],[-36.00923,-8.54003],[-36.01086,-8.52601],[-35.99746,-8.52124],[-35.99171,-8.5156],[-35.98191,-8.5146],[-35.98161,-8.50467],[-35.97199,-8.49965],[-35.97042,-8.50202]]]}},{"type":"Feature","properties":{"nome_proje":"PA CONQUISTA DE BONITO"},"geometry":{"type":"Polygon","coordinates":[[[-35.83183,-8.5034],[-35.83205,-8.51622],[-35.83584,-8.51631],[-35.83206,-8.51818],[-35.83211,-8.52235],[-35.83427,-8.51895],[-35.83477,-8.52257],[-35.84895,-8.52238],[-35.84883,-8.50798],[-35.83183,-8.5034]]]}},{"type":"Feature","properties":{"nome_proje":"PA SANTO ANTÔNIO II"},"geometry":{"type":"Polygon","coordinates":[[[-36.00224,-8.49556],[-35.99552,-8.50143],[-35.99907,-8.50185],[-35.99845,-8.52119],[-36.00524,-8.52399],[-36.00563,-8.49955],[-36.00224,-8.49556]]]}},{"type":"Feature","properties":{"nome_proje":"PA SILVIO JUNGMANN"},"geometry":{"type":"Polygon","coordinates":[[[-35.84705,-8.47396],[-35.83173,-8.49016],[-35.83182,-8.50306],[-35.84888,-8.50762],[-35.8493,-8.47832],[-35.84705,-8.47396]]]}},{"type":"Feature","properties":{"nome_proje":"PA PEREIROS"},"geometry":{"type":"Polygon","coordinates":[[[-36.18558,-8.69646],[-36.19277,-8.70469],[-36.18837,-8.7086],[-36.18956,-8.71102],[-36.18508,-8.71196],[-36.18565,-8.71534],[-36.20117,-8.73652],[-36.20772,-8.7262],[-36.20568,-8.72224],[-36.21119,-8.72049],[-36.20968,-8.71461],[-36.21279,-8.7097],[-36.20876,-8.69662],[-36.20052,-8.6942],[-36.19881,-8.69682],[-36.19654,-8.6937],[-36.18558,-8.69646]]]}},{"type":"Feature","properties":{"nome_proje":"PA FAZENDA NOSSA SENHORA DAS GRACAS"},"geometry":{"type":"Polygon","coordinates":[[[-36.22189,-8.67761],[-36.21715,-8.68023],[-36.22357,-8.69061],[-36.21576,-8.68996],[-36.21159,-8.69747],[-36.20874,-8.69663],[-36.21277,-8.70971],[-36.2097,-8.71457],[-36.21117,-8.7205],[-36.20565,-8.72225],[-36.20769,-8.72621],[-36.20217,-8.73488],[-36.20622,-8.74183],[-36.22881,-8.72043],[-36.22806,-8.71308],[-36.21559,-8.71689],[-36.21357,-8.71479],[-36.23034,-8.70123],[-36.23031,-8.69722],[-36.23467,-8.69369],[-36.22189,-8.67761]]]}},{"type":"Feature","properties":{"nome_proje":"PA BRABOS"},"geometry":{"type":"Polygon","coordinates":[[[-36.61425,-8.68249],[-36.59921,-8.69532],[-36.60467,-8.70171],[-36.60904,-8.69903],[-36.61707,-8.70167],[-36.61848,-8.69758],[-36.61382,-8.69546],[-36.62,-8.6836],[-36.61425,-8.68249]]]}},{"type":"Feature","properties":{"nome_proje":"PA OZIEL NUNES ALVES"},"geometry":{"type":"Polygon","coordinates":[[[-36.39335,-8.54608],[-36.38922,-8.54949],[-36.38691,-8.54297],[-36.38385,-8.54505],[-36.3809,-8.5515],[-36.37566,-8.55169],[-36.37686,-8.5587],[-36.39306,-8.56442],[-36.39218,-8.56042],[-36.39538,-8.56074],[-36.39335,-8.54608]]]}},{"type":"Feature","properties":{"nome_proje":"PA PORTEIRAS"},"geometry":{"type":"Polygon","coordinates":[[[-36.79358,-8.51735],[-36.80199,-8.53807],[-36.80581,-8.53514],[-36.80887,-8.53789],[-36.81426,-8.523],[-36.8058,-8.52992],[-36.79967,-8.51823],[-36.79358,-8.51735]]]}},{"type":"Feature","properties":{"nome_proje":"PA SANTA RITA"},"geometry":{"type":"Polygon","coordinates":[[[-36.34478,-8.53992],[-36.34988,-8.53289],[-36.36619,-8.52979],[-36.36232,-8.50655],[-36.33961,-8.51304],[-36.3493,-8.53239],[-36.34478,-8.53992]]]}},{"type":"Feature","properties":{"nome_proje":"PA GAMA"},"geometry":{"type":"Polygon","coordinates":[[[-36.55486,-8.50341],[-36.5321,-8.50141],[-36.52768,-8.53036],[-36.53332,-8.52972],[-36.53799,-8.52238],[-36.54853,-8.52685],[-36.55486,-8.50341]]]}},{"type":"Feature","properties":{"nome_proje":"PA MILHO BRANCO"},"geometry":{"type":"Polygon","coordinates":[[[-36.57914,-8.49718],[-36.56656,-8.49493],[-36.56116,-8.50602],[-36.55608,-8.50369],[-36.54853,-8.52685],[-36.5659,-8.53317],[-36.56744,-8.50866],[-36.57582,-8.5101],[-36.57914,-8.49718]]]}},{"type":"Feature","properties":{"nome_proje":"PA AÇUDE NOVO"},"geometry":{"type":"Polygon","coordinates":[[[-36.51805,-8.50357],[-36.51279,-8.51413],[-36.53025,-8.5158],[-36.5321,-8.50141],[-36.51611,-8.49862],[-36.51805,-8.50357]]]}},{"type":"Feature","properties":{"nome_proje":"PA ARMAZÉM"},"geometry":{"type":"Polygon","coordinates":[[[-36.52243,-8.49822],[-36.55533,-8.50315],[-36.55857,-8.49947],[-36.55837,-8.4919],[-36.52346,-8.48261],[-36.52068,-8.49124],[-36.52243,-8.49822]]]}},{"type":"Feature","properties":{"nome_proje":"PA SANTA IZABEL"},"geometry":{"type":"MultiPolygon","coordinates":[[[[-36.1128,-8.32619],[-36.11157,-8.34132],[-36.11957,-8.34179],[-36.12003,-8.3325],[-36.11335,-8.3307],[-36.1128,-8.32619]]],[[[-36.10826,-8.31596],[-36.10958,-8.32378],[-36.11953,-8.3279],[-36.11834,-8.31913],[-36.1115,-8.31831],[-36.10826,-8.31596]]],[[[-36.11003,-8.29351],[-36.0945,-8.29808],[-36.09293,-8.31063],[-36.11836,-8.31905],[-36.11726,-8.31008],[-36.1223,-8.31134],[-36.12508,-8.3002],[-36.11781,-8.29967],[-36.11798,-8.29647],[-36.11003,-8.29351]]]]}},{"type":"Feature","properties":{"nome_proje":"PA CAJÁ"},"geometry":{"type":"Polygon","coordinates":[[[-35.94455,-8.21966],[-35.93864,-8.22143],[-35.93859,-8.22881],[-35.9319,-8.23],[-35.93417,-8.23481],[-35.94637,-8.23257],[-35.94455,-8.21966]]]}},{"type":"Feature","properties":{"nome_proje":"PA NORMANDIA"},"geometry":{"type":"Polygon","coordinates":[[[-35.98521,-8.1818],[-35.96742,-8.18585],[-35.96778,-8.20188],[-35.97223,-8.19917],[-35.97739,-8.20653],[-35.98907,-8.20689],[-35.98831,-8.19771],[-35.99269,-8.19137],[-35.98976,-8.19065],[-35.99012,-8.18615],[-35.97934,-8.18536],[-35.98521,-8.1818]]]}},{"type":"Feature","properties":{"nome_proje":"PA MUNDO NOVO"},"geometry":{"type":"Polygon","coordinates":[[[-35.65684,-8.13181],[-35.64998,-8.16218],[-35.65061,-8.17775],[-35.66597,-8.18734],[-35.66683,-8.13376],[-35.65684,-8.13181]]]}},{"type":"Feature","properties":{"nome_proje":"PA WILSON ALVES DA SILVA"},"geometry":{"type":"Polygon","coordinates":[[[-35.80178,-8.14238],[-35.79433,-8.15126],[-35.79977,-8.15294],[-35.79852,-8.1587],[-35.81656,-8.15572],[-35.82254,-8.14563],[-35.82431,-8.14817],[-35.82439,-8.13991],[-35.81979,-8.14077],[-35.81778,-8.13738],[-35.81036,-8.13583],[-35.8044,-8.13927],[-35.80541,-8.14182],[-35.80178,-8.14238]]]}},{"type":"Feature","properties":{"nome_proje":"PA JOSUE DE CASTRO"},"geometry":{"type":"Polygon","coordinates":[[[-35.95925,-8.13871],[-35.95674,-8.14129],[-35.96157,-8.15252],[-35.9688,-8.15237],[-35.96981,-8.14238],[-35.95925,-8.13871]]]}},{"type":"Feature","properties":{"nome_proje":"PA CACHOEIRA SECA"},"geometry":{"type":"MultiPolygon","coordinates":[[[[-36.02045,-8.10877],[-36.01462,-8.11427],[-36.00624,-8.11588],[-35.99605,-8.12309],[-36.01767,-8.13198],[-36.02045,-8.10877]]],[[[-36.02933,-8.09929],[-36.01952,-8.09805],[-36.02026,-8.1027],[-36.01689,-8.10545],[-36.01894,-8.10928],[-36.02933,-8.09929]]]]}},{"type":"Feature","properties":{"nome_proje":"PA CACHOEIRA SECA VEADA MORTA"},"geometry":{"type":"Polygon","coordinates":[[[-36.00679,-8.08394],[-35.99645,-8.08676],[-35.99578,-8.10388],[-36.00795,-8.11462],[-36.0149,-8.11337],[-36.01887,-8.10898],[-36.01636,-8.10372],[-36.01099,-8.1022],[-36.01389,-8.09186],[-36.00679,-8.08394]]]}},{"type":"Feature","properties":{"nome_proje":"PA LAGO AZUL"},"geometry":{"type":"Polygon","coordinates":[[[-36.03515,-8.08875],[-36.01359,-8.0911],[-36.01427,-8.09703],[-36.01947,-8.09373],[-36.01861,-8.09819],[-36.03899,-8.10077],[-36.03415,-8.09542],[-36.04104,-8.09386],[-36.0413,-8.09063],[-36.03721,-8.09235],[-36.03349,-8.09068],[-36.03515,-8.08875]]]}},{"type":"Feature","properties":{"nome_proje":"PA DONA ISABEL"},"geometry":{"type":"Polygon","coordinates":[[[-35.99862,-8.04718],[-35.99541,-8.05155],[-35.99961,-8.05551],[-35.99711,-8.06116],[-35.99101,-8.06099],[-35.98968,-8.06576],[-35.99113,-8.07734],[-35.98511,-8.08017],[-35.98604,-8.09524],[-35.99579,-8.10388],[-35.99723,-8.08571],[-36.01289,-8.0825],[-36.00931,-8.07269],[-36.01282,-8.0656],[-36.01003,-8.06107],[-36.00577,-8.06109],[-35.99862,-8.04718]]]}},{"type":"Feature","properties":{"nome_proje":"PA CAMPO ALEGRE"},"geometry":{"type":"Polygon","coordinates":[[[-36.61046,-8.25595],[-36.59667,-8.25832],[-36.59624,-8.26574],[-36.58927,-8.27256],[-36.58522,-8.27226],[-36.58508,-8.2753],[-36.58891,-8.2763],[-36.58843,-8.28582],[-36.59401,-8.28538],[-36.59188,-8.29507],[-36.60554,-8.29486],[-36.60475,-8.28929],[-36.61313,-8.28623],[-36.6068,-8.26124],[-36.61046,-8.25595]]]}},{"type":"Feature","properties":{"nome_proje":"PA PAU FERRO II"},"geometry":{"type":"Polygon","coordinates":[[[-36.84415,-8.24993],[-36.83619,-8.25274],[-36.8313,-8.29092],[-36.83188,-8.29681],[-36.83662,-8.29847],[-36.83677,-8.27909],[-36.83824,-8.27608],[-36.84162,-8.27695],[-36.84415,-8.24993]]]}},{"type":"Feature","properties":{"nome_proje":"PA SÃO JOÃO"},"geometry":{"type":"Polygon","coordinates":[[[-36.83554,-8.25704],[-36.82166,-8.25898],[-36.81108,-8.25742],[-36.80457,-8.2619],[-36.8075,-8.2723],[-36.79995,-8.28317],[-36.80233,-8.28618],[-36.81101,-8.28003],[-36.81506,-8.28666],[-36.82068,-8.28689],[-36.82153,-8.28944],[-36.82535,-8.28774],[-36.83412,-8.27428],[-36.83554,-8.25704]]]}},{"type":"Feature","properties":{"nome_proje":"PA FAZENDA NOVA"},"geometry":{"type":"Polygon","coordinates":[[[-36.79817,-8.24397],[-36.80232,-8.26638],[-36.79971,-8.26913],[-36.80305,-8.26886],[-36.80689,-8.26723],[-36.80457,-8.2619],[-36.80793,-8.25925],[-36.80101,-8.24428],[-36.79817,-8.24397]]]}},{"type":"Feature","properties":{"nome_proje":"PA TIOGÓ"},"geometry":{"type":"Polygon","coordinates":[[[-36.82492,-8.23169],[-36.81608,-8.23619],[-36.81743,-8.2461],[-36.80101,-8.24428],[-36.80968,-8.2606],[-36.81108,-8.25742],[-36.83538,-8.25709],[-36.83733,-8.25054],[-36.84743,-8.25003],[-36.84937,-8.23772],[-36.82492,-8.23169]]]}},{"type":"Feature","properties":{"nome_proje":"PA MACAMBIRA"},"geometry":{"type":"Polygon","coordinates":[[[-36.78019,-8.20628],[-36.78017,-8.20983],[-36.77213,-8.20872],[-36.77631,-8.21901],[-36.79329,-8.23025],[-36.8061,-8.22933],[-36.80897,-8.22107],[-36.8073,-8.21356],[-36.78019,-8.20628]]]}},{"type":"Feature","properties":{"nome_proje":"PA FAZENDA SANTA ROSA"},"geometry":{"type":"Polygon","coordinates":[[[-36.28789,-8.16747],[-36.27539,-8.17564],[-36.28853,-8.18478],[-36.29364,-8.18112],[-36.29595,-8.18254],[-36.30982,-8.17107],[-36.29501,-8.1567],[-36.28789,-8.16747]]]}},{"type":"Feature","properties":{"nome_proje":"PA MOLEQUE"},"geometry":{"type":"Polygon","coordinates":[[[-36.27099,-8.02547],[-36.27058,-8.04912],[-36.27661,-8.04904],[-36.27775,-8.05248],[-36.27779,-8.07243],[-36.28716,-8.06992],[-36.28892,-8.03633],[-36.2783,-8.03589],[-36.27853,-8.02871],[-36.27522,-8.03127],[-36.27554,-8.0268],[-36.27099,-8.02547]]]}},{"type":"Feature","properties":{"nome_proje":"PA MIGUEL VELHO"},"geometry":{"type":"Polygon","coordinates":[[[-36.23677,-8.00057],[-36.23597,-8.00922],[-36.22755,-8.01691],[-36.22829,-8.03068],[-36.23199,-8.03635],[-36.2363,-8.03529],[-36.23607,-8.04258],[-36.25091,-8.04992],[-36.25113,-8.03912],[-36.26473,-8.03445],[-36.26508,-8.0231],[-36.25925,-8.02168],[-36.25652,-8.01409],[-36.24967,-8.01311],[-36.24758,-8.01743],[-36.23677,-8.00057]]]}},{"type":"Feature","properties":{"nome_proje":"PA NOSSA SENHORA DA CONCEIÇÃO"},"geometry":{"type":"Polygon","coordinates":[[[-36.70194,-8.00012],[-36.69955,-8.02617],[-36.70299,-8.02562],[-36.70751,-7.9824],[-36.71401,-7.98438],[-36.71685,-7.98056],[-36.72204,-7.98386],[-36.72139,-7.99281],[-36.72385,-7.99313],[-36.72427,-7.95952],[-36.70594,-7.95768],[-36.69133,-7.99386],[-36.70194,-8.00012]]]}},{"type":"Feature","properties":{"nome_proje":"PA SANTA HELENA"},"geometry":{"type":"Polygon","coordinates":[[[-35.61058,-8.16197],[-35.60472,-8.16141],[-35.60423,-8.16768],[-35.59573,-8.17047],[-35.59796,-8.17814],[-35.60711,-8.17921],[-35.61112,-8.18492],[-35.61433,-8.17726],[-35.61058,-8.16197]]]}},{"type":"Feature","properties":{"nome_proje":"PA FLORESTA"},"geometry":{"type":"Polygon","coordinates":[[[-35.64304,-8.13088],[-35.62542,-8.13849],[-35.62107,-8.14504],[-35.63252,-8.14954],[-35.63389,-8.14446],[-35.63781,-8.14317],[-35.64797,-8.15591],[-35.6535,-8.14803],[-35.65237,-8.13779],[-35.64304,-8.13088]]]}},{"type":"Feature","properties":{"nome_proje":"PA NOSSA SENHORA DAS GRAÇAS"},"geometry":{"type":"Polygon","coordinates":[[[-35.58942,-8.12996],[-35.60271,-8.13512],[-35.60475,-8.14158],[-35.6012,-8.14894],[-35.61242,-8.15313],[-35.61307,-8.14355],[-35.6179,-8.14168],[-35.62107,-8.14504],[-35.62258,-8.14025],[-35.61864,-8.13915],[-35.61871,-8.13436],[-35.58952,-8.12698],[-35.58942,-8.12996]]]}},{"type":"Feature","properties":{"nome_proje":"PA VALENTIM"},"geometry":{"type":"Polygon","coordinates":[[[-35.58948,-8.11934],[-35.58974,-8.12712],[-35.61875,-8.13429],[-35.61894,-8.12366],[-35.58948,-8.11934]]]}},{"type":"Feature","properties":{"nome_proje":"PA POÇO GRANDE"},"geometry":{"type":"Polygon","coordinates":[[[-35.49527,-8.03499],[-35.50485,-8.03736],[-35.50838,-8.04444],[-35.5087,-8.03658],[-35.51388,-8.03241],[-35.51111,-8.03066],[-35.50688,-8.03622],[-35.49394,-8.03034],[-35.49527,-8.03499]]]}},{"type":"Feature","properties":{"nome_proje":"PA RECREIO II"},"geometry":{"type":"Polygon","coordinates":[[[-35.53969,-8.01729],[-35.52172,-8.01711],[-35.5211,-8.03239],[-35.52714,-8.03325],[-35.52703,-8.03615],[-35.54317,-8.03455],[-35.54212,-8.025],[-35.55006,-8.02423],[-35.53969,-8.01729]]]}},{"type":"Feature","properties":{"nome_proje":"PA VARAME II"},"geometry":{"type":"MultiPolygon","coordinates":[[[[-35.52546,-7.9929],[-35.51874,-7.99466],[-35.51574,-8.00624],[-35.53503,-8.01232],[-35.53437,-8.00541],[-35.53958,-8.00528],[-35.53845,-7.99704],[-35.52718,-7.99719],[-35.52546,-7.9929]]],[[[-35.527,-7.99241],[-35.52579,-7.99221],[-35.52,-7.99361],[-35.527,-7.99241]]]]}},{"type":"Feature","properties":{"nome_proje":"PA VARAME I"},"geometry":{"type":"Polygon","coordinates":[[[-35.52075,-7.99184],[-35.49741,-7.99334],[-35.49788,-7.99755],[-35.50875,-7.99774],[-35.50939,-8.00649],[-35.51543,-8.00613],[-35.52075,-7.99184]]]}},{"type":"Feature","properties":{"nome_proje":"PA INDEPENDÊNCIA"},"geometry":{"type":"Polygon","coordinates":[[[-35.60488,-7.96546],[-35.60195,-7.96961],[-35.59323,-7.96682],[-35.59294,-7.98748],[-35.60731,-7.98771],[-35.60856,-7.98543],[-35.60977,-7.96755],[-35.60472,-7.9719],[-35.60488,-7.96546]]]}},{"type":"Feature","properties":{"nome_proje":"PA RECREIO"},"geometry":{"type":"Polygon","coordinates":[[[-35.62625,-7.89317],[-35.61121,-7.89377],[-35.61405,-7.89913],[-35.61377,-7.92445],[-35.61499,-7.91483],[-35.61999,-7.91891],[-35.62266,-7.90607],[-35.62827,-7.90592],[-35.62541,-7.90436],[-35.62625,-7.89317]]]}},{"type":"Feature","properties":{"nome_proje":"PA PAU SANTO"},"geometry":{"type":"Polygon","coordinates":[[[-35.55714,-7.8856],[-35.55625,-7.87698],[-35.56008,-7.87833],[-35.55797,-7.86791],[-35.55134,-7.86195],[-35.53951,-7.859],[-35.53604,-7.86294],[-35.54207,-7.88298],[-35.54479,-7.88577],[-35.55714,-7.8856]]]}},{"type":"Feature","properties":{"nome_proje":"PA GARROTE"},"geometry":{"type":"Polygon","coordinates":[[[-36.16937,-7.97039],[-36.15815,-7.97425],[-36.16455,-7.98019],[-36.1664,-7.9874],[-36.16192,-7.98994],[-36.16397,-7.99459],[-36.15603,-8.00234],[-36.15674,-8.00581],[-36.16346,-8.0049],[-36.16266,-8.01067],[-36.17043,-8.01205],[-36.17574,-7.99489],[-36.17829,-7.99469],[-36.17669,-7.98956],[-36.18152,-7.99141],[-36.18335,-7.98919],[-36.18165,-7.98467],[-36.17776,-7.98669],[-36.17674,-7.9808],[-36.16788,-7.97517],[-36.16937,-7.97039]]]}},{"type":"Feature","properties":{"nome_proje":"PA BARAÚNAS"},"geometry":{"type":"Polygon","coordinates":[[[-36.26622,-7.95221],[-36.26783,-7.96312],[-36.26213,-7.96204],[-36.26193,-7.97086],[-36.25099,-7.9653],[-36.25121,-7.95683],[-36.24576,-7.95541],[-36.2449,-7.9651],[-36.23629,-7.96277],[-36.23476,-7.97846],[-36.23828,-7.98126],[-36.24306,-7.97974],[-36.24371,-7.97607],[-36.24935,-7.9771],[-36.25072,-7.96719],[-36.25264,-7.9849],[-36.25886,-7.98319],[-36.26138,-7.9888],[-36.2665,-7.9876],[-36.2664,-7.9943],[-36.26771,-7.98753],[-36.27394,-7.98866],[-36.274,-7.98103],[-36.27778,-7.98185],[-36.27816,-7.97152],[-36.27212,-7.96702],[-36.2722,-7.96349],[-36.26951,-7.9642],[-36.26622,-7.95221]]]}},{"type":"Feature","properties":{"nome_proje":"PA AVELOZINHO"},"geometry":{"type":"Polygon","coordinates":[[[-36.429,-7.94512],[-36.42879,-7.95034],[-36.42153,-7.94616],[-36.41549,-7.94716],[-36.42034,-7.94954],[-36.42125,-7.95963],[-36.42523,-7.95929],[-36.42422,-7.95299],[-36.43285,-7.95191],[-36.43353,-7.94418],[-36.429,-7.94512]]]}},{"type":"Feature","properties":{"nome_proje":"PA ELDORADO DOS CARAJÁS"},"geometry":{"type":"Polygon","coordinates":[[[-36.88129,-7.91731],[-36.87791,-7.92341],[-36.87585,-7.91921],[-36.8708,-7.9193],[-36.87523,-7.94563],[-36.87466,-7.95216],[-36.86989,-7.95299],[-36.86995,-7.95794],[-36.87448,-7.96073],[-36.88556,-7.95087],[-36.88572,-7.94794],[-36.88152,-7.9462],[-36.88436,-7.93353],[-36.89145,-7.92906],[-36.89098,-7.92326],[-36.88129,-7.91731]]]}},{"type":"Feature","properties":{"nome_proje":"PA BOA VISTA II"},"geometry":{"type":"Polygon","coordinates":[[[-36.41707,-7.91851],[-36.41132,-7.92966],[-36.40896,-7.94855],[-36.42153,-7.94616],[-36.42879,-7.95034],[-36.43567,-7.93507],[-36.4333,-7.91908],[-36.41707,-7.91851]]]}},{"type":"Feature","properties":{"nome_proje":"PA ORLANDO ANDRE"},"geometry":{"type":"Polygon","coordinates":[[[-36.58532,-7.90774],[-36.55693,-7.92509],[-36.56191,-7.93779],[-36.55769,-7.94099],[-36.56649,-7.9594],[-36.57707,-7.94936],[-36.57148,-7.94483],[-36.5662,-7.93779],[-36.56635,-7.93708],[-36.56994,-7.94167],[-36.56818,-7.93514],[-36.57116,-7.93309],[-36.57057,-7.93644],[-36.57573,-7.93992],[-36.57369,-7.93502],[-36.59405,-7.91751],[-36.58901,-7.91629],[-36.58532,-7.90774]]]}},{"type":"Feature","properties":{"nome_proje":"PA NOVO MUNDO"},"geometry":{"type":"Polygon","coordinates":[[[-36.84805,-7.89302],[-36.86187,-7.89905],[-36.85911,-7.90234],[-36.86825,-7.90918],[-36.86091,-7.90681],[-36.86175,-7.9108],[-36.85863,-7.91019],[-36.84952,-7.89849],[-36.84334,-7.90296],[-36.84487,-7.90933],[-36.84144,-7.90624],[-36.83337,-7.90763],[-36.83277,-7.91503],[-36.83856,-7.91718],[-36.84322,-7.93857],[-36.86086,-7.94917],[-36.87393,-7.95273],[-36.87523,-7.94563],[-36.86883,-7.91202],[-36.87192,-7.90808],[-36.87047,-7.90178],[-36.86242,-7.90145],[-36.86207,-7.8989],[-36.85317,-7.89352],[-36.84805,-7.89302]]]}},{"type":"Feature","properties":{"nome_proje":"PA XIQUE XIQUE"},"geometry":{"type":"Polygon","coordinates":[[[-36.95088,-7.86903],[-36.93842,-7.93298],[-36.94142,-7.93764],[-36.93775,-7.94548],[-36.94134,-7.9589],[-36.94038,-7.96804],[-36.94277,-7.97135],[-36.94751,-7.96093],[-36.95048,-7.97187],[-36.95391,-7.97112],[-36.95017,-7.96214],[-36.9619,-7.96573],[-36.96283,-7.96226],[-36.95841,-7.96072],[-36.95852,-7.94783],[-36.96523,-7.9322],[-36.96166,-7.93056],[-36.96371,-7.91878],[-36.95769,-7.91681],[-36.95335,-7.90674],[-36.95958,-7.87292],[-36.95234,-7.87248],[-36.95088,-7.86903]]]}},{"type":"Feature","properties":{"nome_proje":"PA CACIMBA DE BAIXO"},"geometry":{"type":"Polygon","coordinates":[[[-36.2549,-7.89204],[-36.25346,-7.90484],[-36.25812,-7.91052],[-36.26172,-7.9086],[-36.26339,-7.89644],[-36.2549,-7.89204]]]}},{"type":"Feature","properties":{"nome_proje":"PA BEIRA RIO"},"geometry":{"type":"MultiPolygon","coordinates":[[[[-36.85432,-7.86178],[-36.84942,-7.88531],[-36.85884,-7.88251],[-36.86223,-7.87618],[-36.86803,-7.88368],[-36.86573,-7.87369],[-36.8583,-7.86934],[-36.8584,-7.86034],[-36.85432,-7.86178]]],[[[-36.87791,-7.92341],[-36.88131,-7.91761],[-36.88005,-7.89823],[-36.87661,-7.89439],[-36.87023,-7.8973],[-36.86921,-7.8867],[-36.85857,-7.88667],[-36.85551,-7.89129],[-36.84789,-7.89034],[-36.86242,-7.90145],[-36.87047,-7.90178],[-36.8708,-7.9193],[-36.87585,-7.91921],[-36.87791,-7.92341]]]]}},{"type":"Feature","properties":{"nome_proje":"PA MARIA ALICE GONCALVES"},"geometry":{"type":"Polygon","coordinates":[[[-36.20439,-7.88847],[-36.19841,-7.8936],[-36.19873,-7.88756],[-36.1935,-7.88734],[-36.19407,-7.86802],[-36.18923,-7.86767],[-36.18804,-7.89785],[-36.19297,-7.90036],[-36.19641,-7.89552],[-36.23319,-7.89662],[-36.23353,-7.88984],[-36.20439,-7.88847]]]}},{"type":"Feature","properties":{"nome_proje":"PA MANDACARU"},"geometry":{"type":"Polygon","coordinates":[[[-36.80983,-7.80595],[-36.81413,-7.82228],[-36.83302,-7.83228],[-36.85737,-7.83272],[-36.88154,-7.82581],[-36.8736,-7.82184],[-36.87651,-7.81081],[-36.86397,-7.79881],[-36.86589,-7.79301],[-36.8507,-7.78176],[-36.84431,-7.78059],[-36.84933,-7.77481],[-36.84586,-7.77186],[-36.84737,-7.76887],[-36.83887,-7.75671],[-36.82751,-7.74937],[-36.81841,-7.75017],[-36.80983,-7.80595]]]}},{"type":"Feature","properties":{"nome_proje":"PA NOVO CAMPO"},"geometry":{"type":"Polygon","coordinates":[[[-36.1694,-7.73187],[-36.16943,-7.72132],[-36.16234,-7.72138],[-36.16154,-7.73679],[-36.13966,-7.72745],[-36.13728,-7.74796],[-36.15089,-7.7502],[-36.14752,-7.75549],[-36.15126,-7.7582],[-36.15944,-7.74871],[-36.16761,-7.75491],[-36.17853,-7.75006],[-36.18557,-7.75154],[-36.18535,-7.73819],[-36.17372,-7.73901],[-36.1694,-7.73187]]]}},{"type":"Feature","properties":{"nome_proje":"PA BOM JESUS I"},"geometry":{"type":"Polygon","coordinates":[[[-36.29388,-7.66453],[-36.30972,-7.67628],[-36.3198,-7.67761],[-36.31935,-7.68038],[-36.32759,-7.68244],[-36.33929,-7.67744],[-36.34032,-7.67231],[-36.33506,-7.66398],[-36.35319,-7.66568],[-36.35897,-7.66208],[-36.33371,-7.6528],[-36.30852,-7.65119],[-36.2993,-7.64707],[-36.29388,-7.66453]]]}},{"type":"Feature","properties":{"nome_proje":"PA PINHEIROS"},"geometry":{"type":"Polygon","coordinates":[[[-36.7148,-7.62522],[-36.70656,-7.67799],[-36.71038,-7.68067],[-36.71935,-7.67423],[-36.72331,-7.64894],[-36.72386,-7.64316],[-36.71651,-7.63867],[-36.71738,-7.62514],[-36.7148,-7.62522]]]}},{"type":"Feature","properties":{"nome_proje":"PA ASA BRANCA"},"geometry":{"type":"Polygon","coordinates":[[[-36.71351,-7.62517],[-36.70113,-7.62015],[-36.70001,-7.62313],[-36.67696,-7.61952],[-36.68927,-7.63896],[-36.6889,-7.64973],[-36.69551,-7.65253],[-36.6939,-7.66193],[-36.70476,-7.66263],[-36.70244,-7.67917],[-36.70548,-7.67726],[-36.71169,-7.64385],[-36.71351,-7.62517]]]}},{"type":"Feature","properties":{"nome_proje":"PA TRINCHEIRAS DE CARNOIO"},"geometry":{"type":"Polygon","coordinates":[[[-36.1263,-7.6228],[-36.12284,-7.62711],[-36.14674,-7.63239],[-36.14561,-7.61655],[-36.13617,-7.61557],[-36.13406,-7.62298],[-36.1263,-7.6228]]]}},{"type":"Feature","properties":{"nome_proje":"PA BOA VISTA I"},"geometry":{"type":"Polygon","coordinates":[[[-36.65853,-7.59373],[-36.66012,-7.62059],[-36.65758,-7.63125],[-36.66326,-7.63494],[-36.66586,-7.64145],[-36.66326,-7.64252],[-36.66387,-7.64879],[-36.66641,-7.64967],[-36.66815,-7.63868],[-36.66128,-7.61357],[-36.66978,-7.62555],[-36.66557,-7.61593],[-36.66949,-7.61413],[-36.66956,-7.60423],[-36.66707,-7.59808],[-36.65848,-7.59358],[-36.65578,-7.58306],[-36.66071,-7.57098],[-36.65575,-7.56927],[-36.6505,-7.57439],[-36.64973,-7.58318],[-36.64159,-7.58047],[-36.63832,-7.58474],[-36.6377,-7.59706],[-36.63993,-7.59991],[-36.65853,-7.59373]]]}},{"type":"Feature","properties":{"nome_proje":"PA SERRA DO MONTE"},"geometry":{"type":"Polygon","coordinates":[[[-36.23617,-7.42465],[-36.23956,-7.39592],[-36.23527,-7.39464],[-36.22836,-7.38399],[-36.21452,-7.38607],[-36.20834,-7.38155],[-36.2042,-7.36632],[-36.20908,-7.36454],[-36.20378,-7.35658],[-36.20281,-7.35863],[-36.18398,-7.35482],[-36.17554,-7.34928],[-36.15744,-7.35234],[-36.158,-7.35469],[-36.14538,-7.35138],[-36.14285,-7.35574],[-36.14594,-7.39151],[-36.17455,-7.38066],[-36.17729,-7.39363],[-36.18808,-7.39499],[-36.18887,-7.39846],[-36.19453,-7.39691],[-36.19682,-7.40574],[-36.19052,-7.40761],[-36.19441,-7.42468],[-36.20244,-7.42671],[-36.20714,-7.44286],[-36.217,-7.44505],[-36.22791,-7.42533],[-36.23617,-7.42465]]]}},{"type":"Feature","properties":{"nome_proje":"PA JOSÉ JOVEM"},"geometry":{"type":"Polygon","coordinates":[[[-36.1284,-7.29911],[-36.13074,-7.29932],[-36.13005,-7.32566],[-36.17447,-7.33033],[-36.16788,-7.30397],[-36.15028,-7.30542],[-36.14272,-7.29986],[-36.1284,-7.29911]]]}},{"type":"Feature","properties":{"nome_proje":"PA MACAMBIRA/BORBA"},"geometry":{"type":"Polygon","coordinates":[[[-36.02027,-8.03037],[-36.00578,-8.03006],[-36.0038,-8.03331],[-36.00574,-8.03727],[-36.00257,-8.04429],[-36.00576,-8.04547],[-36.00154,-8.05413],[-36.0057,-8.06094],[-36.00995,-8.06098],[-36.01247,-8.06554],[-36.01813,-8.06327],[-36.01661,-8.05327],[-36.02387,-8.05658],[-36.02924,-8.05392],[-36.03653,-8.05792],[-36.04825,-8.05552],[-36.04986,-8.04667],[-36.02504,-8.05246],[-36.02274,-8.04124],[-36.0187,-8.03803],[-36.02027,-8.03037]]]}},{"type":"Feature","properties":{"nome_proje":"PA FAZENDA GANGUNGO"},"geometry":{"type":"MultiPolygon","coordinates":[[[[-35.68395,-7.87925],[-35.67507,-7.88161],[-35.67791,-7.88286],[-35.6839,-7.90102],[-35.69133,-7.89775],[-35.68774,-7.89644],[-35.68395,-7.87925]]],[[[-35.67582,-7.88002],[-35.67183,-7.87853],[-35.67154,-7.88081],[-35.67582,-7.88002]]]]}},{"type":"Feature","properties":{"nome_proje":"PA CACHOEIRA GRANDE"},"geometry":{"type":"Polygon","coordinates":[[[-35.79195,-7.5054],[-35.80447,-7.50689],[-35.8035,-7.47942],[-35.79919,-7.47674],[-35.79888,-7.47161],[-35.80207,-7.44801],[-35.81,-7.4486],[-35.81043,-7.44096],[-35.80153,-7.4412],[-35.80231,-7.44482],[-35.78946,-7.44452],[-35.78849,-7.46419],[-35.78442,-7.46975],[-35.78552,-7.47246],[-35.78913,-7.47193],[-35.78971,-7.46818],[-35.79587,-7.47138],[-35.79195,-7.5054]]]}},{"type":"Feature","properties":{"nome_proje":"PA VENÂNCIO TOMÉ DE ARAÚJO"},"geometry":{"type":"Polygon","coordinates":[[[-36.03294,-7.3013],[-36.04216,-7.31317],[-36.04417,-7.32496],[-36.03377,-7.3291],[-36.03572,-7.33545],[-36.03228,-7.33652],[-36.0302,-7.34327],[-36.03117,-7.3462],[-36.03761,-7.34692],[-36.03029,-7.35513],[-36.04107,-7.35796],[-36.04562,-7.35616],[-36.04338,-7.3501],[-36.05557,-7.34715],[-36.05932,-7.33838],[-36.06409,-7.33755],[-36.05872,-7.30988],[-36.05391,-7.31179],[-36.04983,-7.30186],[-36.03294,-7.3013]]]}},{"type":"Feature","properties":{"nome_proje":"PA VITORIA"},"geometry":{"type":"Polygon","coordinates":[[[-36.04188,-7.3131],[-36.02953,-7.30028],[-36.03464,-7.32248],[-36.00428,-7.32416],[-36.01586,-7.35583],[-36.02439,-7.35062],[-36.03029,-7.35513],[-36.0366,-7.34957],[-36.0376,-7.34692],[-36.03117,-7.3462],[-36.0302,-7.34327],[-36.03228,-7.33653],[-36.03571,-7.33545],[-36.03376,-7.32911],[-36.04488,-7.32888],[-36.04188,-7.3131]]]}},{"type":"Feature","properties":{"nome_proje":"PA SANTA CRUZ"},"geometry":{"type":"Polygon","coordinates":[[[-35.84999,-7.26037],[-35.84879,-7.26925],[-35.86506,-7.27349],[-35.86814,-7.26069],[-35.854,-7.25808],[-35.84999,-7.26037]]]}},{"type":"Feature","properties":{"nome_proje":"PA PEQUENO RICHARD"},"geometry":{"type":"Polygon","coordinates":[[[-36.1105,-7.25032],[-36.0821,-7.24631],[-36.07465,-7.26004],[-36.06358,-7.26457],[-36.06696,-7.27533],[-36.11344,-7.27097],[-36.11553,-7.25564],[-36.1105,-7.25032]]]}},{"type":"Feature","properties":{"nome_proje":"PA JOSÉ ANTÔNIO EUFROUZINO"},"geometry":{"type":"Polygon","coordinates":[[[-36.0404,-7.18804],[-36.02779,-7.19065],[-36.02771,-7.20062],[-36.01822,-7.20376],[-36.0215,-7.23395],[-36.02792,-7.23318],[-36.02726,-7.25047],[-36.02152,-7.25921],[-36.02604,-7.26542],[-36.02303,-7.275],[-36.06688,-7.27528],[-36.06345,-7.26468],[-36.05303,-7.259],[-36.05333,-7.24903],[-36.04998,-7.248],[-36.04996,-7.23824],[-36.04533,-7.23217],[-36.05765,-7.22781],[-36.05554,-7.22322],[-36.05807,-7.21579],[-36.05597,-7.2121],[-36.0431,-7.2113],[-36.0404,-7.18804]]]}},{"type":"Feature","properties":{"nome_proje":"PA QUEBRA-QUILOS"},"geometry":{"type":"Polygon","coordinates":[[[-36.10177,-7.18152],[-36.08405,-7.18807],[-36.07599,-7.17716],[-36.06418,-7.18173],[-36.05927,-7.18755],[-36.06438,-7.2009],[-36.08038,-7.19738],[-36.09047,-7.20077],[-36.09647,-7.21252],[-36.10567,-7.21701],[-36.12765,-7.21174],[-36.12401,-7.2052],[-36.12555,-7.1993],[-36.10399,-7.20123],[-36.10177,-7.18152]]]}},{"type":"Feature","properties":{"nome_proje":"PA IMBIRAS"},"geometry":{"type":"Polygon","coordinates":[[[-35.69035,-7.12482],[-35.69053,-7.13633],[-35.70736,-7.1333],[-35.72698,-7.13966],[-35.73044,-7.13491],[-35.73015,-7.13884],[-35.7335,-7.13878],[-35.7374,-7.12914],[-35.74054,-7.13047],[-35.74245,-7.12719],[-35.72709,-7.12208],[-35.69035,-7.12482]]]}},{"type":"Feature","properties":{"nome_proje":"PA CAMPOS"},"geometry":{"type":"Polygon","coordinates":[[[-35.50348,-7.43719],[-35.51857,-7.40524],[-35.48895,-7.38898],[-35.45978,-7.38258],[-35.44781,-7.405],[-35.46312,-7.40741],[-35.47311,-7.41365],[-35.47639,-7.41997],[-35.48291,-7.42294],[-35.4806,-7.43073],[-35.4845,-7.43778],[-35.50127,-7.44053],[-35.5048,-7.43952],[-35.50348,-7.43719]]]}},{"type":"Feature","properties":{"nome_proje":"PA NOSSA SENHORA APARECIDA I"},"geometry":{"type":"Polygon","coordinates":[[[-35.35685,-7.38978],[-35.35993,-7.37248],[-35.35472,-7.36568],[-35.34584,-7.39143],[-35.35685,-7.38978]]]}},{"type":"Feature","properties":{"nome_proje":"PA JOÃO PEDRO TEIXEIRA"},"geometry":{"type":"Polygon","coordinates":[[[-35.47568,-7.36108],[-35.48064,-7.33169],[-35.47012,-7.31555],[-35.45633,-7.32107],[-35.43656,-7.31839],[-35.44767,-7.32922],[-35.47701,-7.3375],[-35.47315,-7.36276],[-35.47568,-7.36108]]]}},{"type":"Feature","properties":{"nome_proje":"PA PAU BRASIL"},"geometry":{"type":"Polygon","coordinates":[[[-35.36333,-7.33237],[-35.36604,-7.30873],[-35.35829,-7.30724],[-35.35572,-7.33168],[-35.36333,-7.33237]]]}},{"type":"Feature","properties":{"nome_proje":"PA PADRE JOÃO MARIA CALCHI"},"geometry":{"type":"Polygon","coordinates":[[[-35.41838,-7.27617],[-35.41371,-7.28408],[-35.41329,-7.29877],[-35.42544,-7.30252],[-35.44051,-7.29994],[-35.43875,-7.31819],[-35.44358,-7.31842],[-35.44644,-7.2901],[-35.43922,-7.28375],[-35.41838,-7.27617]]]}},{"type":"Feature","properties":{"nome_proje":"PA NOVA CONQUISTA"},"geometry":{"type":"MultiPolygon","coordinates":[[[[-35.28703,-7.26763],[-35.28935,-7.27814],[-35.30023,-7.27336],[-35.29717,-7.26992],[-35.30611,-7.26605],[-35.30573,-7.2709],[-35.30215,-7.27265],[-35.30176,-7.27658],[-35.29493,-7.28828],[-35.30013,-7.28968],[-35.30323,-7.27505],[-35.30443,-7.2869],[-35.30728,-7.28449],[-35.30586,-7.27682],[-35.3081,-7.28388],[-35.31473,-7.28428],[-35.32654,-7.25267],[-35.30014,-7.252],[-35.28703,-7.26763]]],[[[-35.3017,-7.27338],[-35.29022,-7.28143],[-35.29081,-7.28264],[-35.29923,-7.27574],[-35.29144,-7.28378],[-35.29353,-7.28628],[-35.3017,-7.27338]]]]}},{"type":"Feature","properties":{"nome_proje":"PA DOM MARCELO CARVALHEIRA"},"geometry":{"type":"Polygon","coordinates":[[[-35.43415,-7.24467],[-35.42097,-7.24438],[-35.42451,-7.24717],[-35.42378,-7.25088],[-35.42095,-7.25017],[-35.41743,-7.25784],[-35.41255,-7.26068],[-35.42243,-7.26401],[-35.41841,-7.27618],[-35.43953,-7.28388],[-35.44886,-7.29191],[-35.46399,-7.29627],[-35.46507,-7.28334],[-35.44256,-7.26337],[-35.43105,-7.2598],[-35.43415,-7.24467]]]}},{"type":"Feature","properties":{"nome_proje":"PA  ALMIR MUNIZ DA SILVA"},"geometry":{"type":"Polygon","coordinates":[[[-35.37946,-7.25776],[-35.37979,-7.28217],[-35.39477,-7.2828],[-35.39451,-7.25795],[-35.37946,-7.25776]]]}},{"type":"Feature","properties":{"nome_proje":"PA NOVO HORIZONTE"},"geometry":{"type":"Polygon","coordinates":[[[-35.55638,-7.15933],[-35.54606,-7.15837],[-35.53849,-7.19778],[-35.54274,-7.20174],[-35.55287,-7.19509],[-35.55426,-7.20202],[-35.56334,-7.20468],[-35.56109,-7.19144],[-35.56434,-7.17726],[-35.55945,-7.17355],[-35.55285,-7.1741],[-35.55638,-7.15933]]]}},{"type":"Feature","properties":{"nome_proje":"PA CANUDOS"},"geometry":{"type":"Polygon","coordinates":[[[-35.19986,-7.17504],[-35.19097,-7.17065],[-35.18713,-7.17758],[-35.20128,-7.18617],[-35.19986,-7.17504]]]}},{"type":"Feature","properties":{"nome_proje":"PA CHICO MENDES"},"geometry":{"type":"Polygon","coordinates":[[[-35.27336,-7.12587],[-35.26657,-7.13355],[-35.2713,-7.13687],[-35.27107,-7.14081],[-35.28293,-7.13877],[-35.28963,-7.14706],[-35.29031,-7.15608],[-35.29311,-7.15851],[-35.30022,-7.15507],[-35.3089,-7.16612],[-35.31199,-7.16596],[-35.31385,-7.15267],[-35.30594,-7.14175],[-35.2977,-7.13804],[-35.29762,-7.12028],[-35.28004,-7.1261],[-35.28099,-7.13052],[-35.27336,-7.12587]]]}},{"type":"Feature","properties":{"nome_proje":"PA NOVA VIVÊNCIA"},"geometry":{"type":"Polygon","coordinates":[[[-35.23654,-7.13827],[-35.23192,-7.1423],[-35.23556,-7.14673],[-35.23686,-7.14056],[-35.23654,-7.13827]]]}},{"type":"Feature","properties":{"nome_proje":"PA 21 DE ABRIL"},"geometry":{"type":"Polygon","coordinates":[[[-35.27878,-7.12],[-35.27242,-7.11643],[-35.2784,-7.12315],[-35.27878,-7.12]]]}},{"type":"Feature","properties":{"nome_proje":"PA CHÃ DO BÁLSAMO"},"geometry":{"type":"Polygon","coordinates":[[[-35.73817,-7.11355],[-35.7414,-7.11579],[-35.73589,-7.11808],[-35.74458,-7.1218],[-35.7419,-7.1239],[-35.74827,-7.12339],[-35.74542,-7.12706],[-35.7561,-7.13599],[-35.75114,-7.11242],[-35.7416,-7.10472],[-35.73817,-7.11355]]]}},{"type":"Feature","properties":{"nome_proje":"PA CAJA DE MATINHAS"},"geometry":{"type":"MultiPolygon","coordinates":[[[[-35.76869,-7.12205],[-35.76399,-7.11717],[-35.75078,-7.11186],[-35.75186,-7.11312],[-35.75379,-7.11623],[-35.75572,-7.12296],[-35.76797,-7.1287],[-35.76869,-7.12205]]],[[[-35.75349,-7.11577],[-35.75349,-7.11577],[-35.75349,-7.11577],[-35.75349,-7.11577]]]]}},{"type":"Feature","properties":{"nome_proje":"PA CAIANA"},"geometry":{"type":"Polygon","coordinates":[[[-35.70677,-7.10978],[-35.70217,-7.10861],[-35.69861,-7.11468],[-35.72181,-7.1203],[-35.72414,-7.11507],[-35.70798,-7.10422],[-35.70677,-7.10978]]]}},{"type":"Feature","properties":{"nome_proje":"PA SAPE DE ALAGOA GRANDE"},"geometry":{"type":"Polygon","coordinates":[[[-35.66647,-7.09216],[-35.6621,-7.1146],[-35.68125,-7.11253],[-35.67772,-7.09054],[-35.66647,-7.09216]]]}},{"type":"Feature","properties":{"nome_proje":"PA CICERO ROMANA/LAGES"},"geometry":{"type":"Polygon","coordinates":[[[-35.90756,-7.04951],[-35.88829,-7.05657],[-35.8925,-7.05723],[-35.89154,-7.05981],[-35.885,-7.05994],[-35.88716,-7.06269],[-35.89103,-7.06103],[-35.88969,-7.06541],[-35.89495,-7.06353],[-35.89725,-7.0712],[-35.89769,-7.06293],[-35.90107,-7.06832],[-35.90262,-7.05989],[-35.90671,-7.05936],[-35.90709,-7.06489],[-35.91179,-7.06114],[-35.91128,-7.05338],[-35.90756,-7.04951]]]}},{"type":"Feature","properties":{"nome_proje":"PA CORAÇÃO DE JESUS"},"geometry":{"type":"Polygon","coordinates":[[[-35.71124,-7.05269],[-35.70443,-7.04683],[-35.6982,-7.0497],[-35.69457,-7.04721],[-35.68233,-7.06473],[-35.68888,-7.06995],[-35.69296,-7.06079],[-35.69512,-7.06228],[-35.70089,-7.0544],[-35.71124,-7.05269]]]}},{"type":"Feature","properties":{"nome_proje":"PA JOSE HORÁCIO"},"geometry":{"type":"Polygon","coordinates":[[[-35.6797,-7.0331],[-35.66561,-7.03565],[-35.66499,-7.03956],[-35.6618,-7.03733],[-35.65802,-7.04461],[-35.6569,-7.05219],[-35.66853,-7.06083],[-35.67074,-7.05186],[-35.66794,-7.05043],[-35.67012,-7.04689],[-35.67429,-7.04907],[-35.67426,-7.0355],[-35.6797,-7.0331]]]}},{"type":"Feature","properties":{"nome_proje":"PA GRAVATÁ"},"geometry":{"type":"Polygon","coordinates":[[[-36.1207,-7.05417],[-36.12041,-7.04822],[-36.13125,-7.0481],[-36.12527,-7.02656],[-36.1057,-7.02609],[-36.09134,-7.0412],[-36.09,-7.04518],[-36.10504,-7.05035],[-36.106,-7.05945],[-36.11222,-7.05937],[-36.1207,-7.05417]]]}},{"type":"Feature","properties":{"nome_proje":"PA CICERO ROMANA II"},"geometry":{"type":"Polygon","coordinates":[[[-35.88021,-7.04115],[-35.88302,-7.03871],[-35.88128,-7.03132],[-35.87919,-7.03609],[-35.88021,-7.04115]]]}},{"type":"Feature","properties":{"nome_proje":"PA CICERO ROMANO"},"geometry":{"type":"Polygon","coordinates":[[[-35.91219,-7.04105],[-35.90967,-7.03941],[-35.91123,-7.03089],[-35.90838,-7.02548],[-35.90333,-7.02356],[-35.90264,-7.03714],[-35.90867,-7.04299],[-35.91219,-7.04105]]]}},{"type":"Feature","properties":{"nome_proje":"PA MARGARIDA MARIA ALVES"},"geometry":{"type":"Polygon","coordinates":[[[-35.52079,-7.09912],[-35.50517,-7.11711],[-35.54564,-7.12622],[-35.54588,-7.11559],[-35.52079,-7.09912]]]}},{"type":"Feature","properties":{"nome_proje":"PA PADRE GINO"},"geometry":{"type":"Polygon","coordinates":[[[-35.26593,-7.08314],[-35.27101,-7.0883],[-35.27963,-7.10367],[-35.28159,-7.09701],[-35.27943,-7.09203],[-35.2715,-7.08688],[-35.27003,-7.08122],[-35.26593,-7.08314]]]}},{"type":"Feature","properties":{"nome_proje":"PA MARIA DA PENHA II"},"geometry":{"type":"Polygon","coordinates":[[[-35.62156,-7.045],[-35.61637,-7.05282],[-35.61365,-7.05027],[-35.59691,-7.06097],[-35.5988,-7.07122],[-35.60849,-7.07035],[-35.60584,-7.07603],[-35.61043,-7.08157],[-35.62118,-7.08145],[-35.62742,-7.07794],[-35.62236,-7.07345],[-35.6211,-7.0752],[-35.62303,-7.06779],[-35.61982,-7.07149],[-35.61606,-7.06871],[-35.62156,-7.045]]]}},{"type":"Feature","properties":{"nome_proje":"PA SEVERINO RAMALHO"},"geometry":{"type":"Polygon","coordinates":[[[-35.65279,-7.05831],[-35.6461,-7.05331],[-35.65432,-7.04884],[-35.64896,-7.04497],[-35.64032,-7.04871],[-35.64189,-7.05107],[-35.63734,-7.05334],[-35.64461,-7.05227],[-35.62982,-7.06029],[-35.63171,-7.06728],[-35.6356,-7.06783],[-35.65279,-7.05831]]]}},{"type":"Feature","properties":{"nome_proje":"PA ALAGOA NOVA"},"geometry":{"type":"Polygon","coordinates":[[[-35.50484,-7.04045],[-35.50949,-7.05192],[-35.50896,-7.05781],[-35.50098,-7.0594],[-35.49996,-7.06626],[-35.50394,-7.07209],[-35.50941,-7.06931],[-35.52345,-7.03075],[-35.52086,-7.02963],[-35.51871,-7.03598],[-35.50484,-7.04045]]]}},{"type":"Feature","properties":{"nome_proje":"PA MARIA DA PENHA I"},"geometry":{"type":"Polygon","coordinates":[[[-35.61822,-7.02572],[-35.60506,-7.03191],[-35.59758,-7.04298],[-35.58663,-7.04727],[-35.59985,-7.04887],[-35.60327,-7.05448],[-35.60785,-7.04714],[-35.60998,-7.05267],[-35.62088,-7.04417],[-35.61789,-7.04194],[-35.61794,-7.03573],[-35.62535,-7.0368],[-35.61822,-7.02572]]]}},{"type":"Feature","properties":{"nome_proje":"PA TIRADENTES"},"geometry":{"type":"Polygon","coordinates":[[[-35.30765,-7.01272],[-35.29338,-7.00354],[-35.28465,-7.00811],[-35.26082,-7.02422],[-35.2646,-7.03419],[-35.30149,-7.04187],[-35.30765,-7.01272]]]}},{"type":"Feature","properties":{"nome_proje":"PA ZUMBI DOS PALMARES"},"geometry":{"type":"Polygon","coordinates":[[[-35.33487,-7.00609],[-35.31236,-7.00458],[-35.31229,-7.02721],[-35.31762,-7.03883],[-35.3347,-7.03561],[-35.34729,-7.02135],[-35.33487,-7.00609]]]}},{"type":"Feature","properties":{"nome_proje":"PA MONSENHOR LUIZ PESCARMONA"},"geometry":{"type":"Polygon","coordinates":[[[-35.56993,-7.00727],[-35.55657,-7.01177],[-35.56523,-7.03291],[-35.57937,-7.02511],[-35.56993,-7.00727]]]}},{"type":"Feature","properties":{"nome_proje":"PA NOVA MARGARIDA"},"geometry":{"type":"Polygon","coordinates":[[[-35.62018,-6.97591],[-35.61399,-6.97618],[-35.61104,-6.97954],[-35.61228,-6.98471],[-35.60124,-6.99507],[-35.60638,-7.01172],[-35.63712,-6.99776],[-35.6294,-6.98667],[-35.62372,-6.98555],[-35.62575,-6.9825],[-35.62018,-6.97591]]]}},{"type":"Feature","properties":{"nome_proje":"PA ANTONIO PAULO"},"geometry":{"type":"Polygon","coordinates":[[[-36.19451,-7.28471],[-36.19119,-7.25826],[-36.17164,-7.26052],[-36.14817,-7.26929],[-36.1475,-7.27729],[-36.13748,-7.27655],[-36.13454,-7.27952],[-36.13561,-7.28379],[-36.15444,-7.29113],[-36.15464,-7.29551],[-36.18374,-7.29005],[-36.19451,-7.28471]]]}},{"type":"Feature","properties":{"nome_proje":"PA JOSÉ MOREIRA DA SILVA"},"geometry":{"type":"Polygon","coordinates":[[[-36.84032,-7.16927],[-36.8493,-7.17502],[-36.85311,-7.17044],[-36.85973,-7.17195],[-36.86178,-7.1538],[-36.85298,-7.14578],[-36.85074,-7.15214],[-36.82458,-7.14575],[-36.81635,-7.17303],[-36.82402,-7.18729],[-36.84032,-7.16927]]]}},{"type":"Feature","properties":{"nome_proje":"PA PRIMEIRO DE MAIO I"},"geometry":{"type":"Polygon","coordinates":[[[-36.16733,-7.16658],[-36.16213,-7.13325],[-36.14768,-7.13983],[-36.15314,-7.17191],[-36.16733,-7.16658]]]}},{"type":"Feature","properties":{"nome_proje":"PA JOSÉ JORDIVAN DA COSTA LUCENA"},"geometry":{"type":"Polygon","coordinates":[[[-36.7998,-7.08866],[-36.78299,-7.0859],[-36.77537,-7.09101],[-36.75704,-7.08874],[-36.75324,-7.0948],[-36.74476,-7.09387],[-36.75894,-7.12215],[-36.75824,-7.11135],[-36.76782,-7.11297],[-36.77011,-7.11004],[-36.79086,-7.11555],[-36.7998,-7.08866]]]}},{"type":"Feature","properties":{"nome_proje":"PA ANTONIO AVELINO DE SOUSA"},"geometry":{"type":"Polygon","coordinates":[[[-36.4174,-7.0691],[-36.42076,-7.05442],[-36.4276,-7.05534],[-36.42789,-7.04493],[-36.42568,-7.04434],[-36.43053,-7.03842],[-36.40827,-7.04073],[-36.37443,-7.05385],[-36.37284,-7.06114],[-36.36893,-7.0627],[-36.37127,-7.0699],[-36.3619,-7.07366],[-36.3677,-7.07612],[-36.40681,-7.07301],[-36.40695,-7.06695],[-36.40795,-7.06698],[-36.40723,-7.07369],[-36.41143,-7.0796],[-36.4224,-7.07934],[-36.4174,-7.0691]]]}},{"type":"Feature","properties":{"nome_proje":"PA OLHO D´AGUA"},"geometry":{"type":"Polygon","coordinates":[[[-36.4404,-6.87204],[-36.43033,-6.86856],[-36.43126,-6.87346],[-36.42361,-6.8773],[-36.4215,-6.85193],[-36.41503,-6.85105],[-36.41708,-6.85409],[-36.41289,-6.86499],[-36.40193,-6.86487],[-36.39871,-6.88213],[-36.40371,-6.88079],[-36.39836,-6.88593],[-36.40428,-6.88294],[-36.40533,-6.88693],[-36.40048,-6.88925],[-36.40348,-6.89279],[-36.40621,-6.88973],[-36.41039,-6.90234],[-36.42344,-6.89427],[-36.42592,-6.88855],[-36.42351,-6.87933],[-36.43325,-6.87653],[-36.43118,-6.89356],[-36.4361,-6.89233],[-36.44017,-6.89686],[-36.44192,-6.88816],[-36.4483,-6.88161],[-36.4404,-6.87204]]]}},{"type":"Feature","properties":{"nome_proje":"PA SERROTE VERDE"},"geometry":{"type":"Polygon","coordinates":[[[-36.1686,-6.8667],[-36.16308,-6.8694],[-36.16367,-6.87225],[-36.15263,-6.88523],[-36.17602,-6.89284],[-36.20212,-6.87144],[-36.18918,-6.841],[-36.1686,-6.8667]]]}},{"type":"Feature","properties":{"nome_proje":"PA DORCELINA FOLADOR"},"geometry":{"type":"Polygon","coordinates":[[[-36.34647,-6.83781],[-36.34654,-6.84196],[-36.3419,-6.84622],[-36.3293,-6.84744],[-36.34055,-6.85534],[-36.34238,-6.8527],[-36.35221,-6.86256],[-36.36164,-6.86017],[-36.36371,-6.85262],[-36.36057,-6.83634],[-36.34647,-6.83781]]]}},{"type":"Feature","properties":{"nome_proje":"PA SÃO DOMINGOS I"},"geometry":{"type":"Polygon","coordinates":[[[-36.3419,-6.84622],[-36.34654,-6.84196],[-36.34642,-6.83646],[-36.33582,-6.82424],[-36.32599,-6.82381],[-36.32574,-6.82671],[-36.30797,-6.8348],[-36.30552,-6.84189],[-36.30763,-6.8474],[-36.3419,-6.84622]]]}},{"type":"Feature","properties":{"nome_proje":"PA CAMPOS NOVOS"},"geometry":{"type":"Polygon","coordinates":[[[-36.22163,-6.78545],[-36.21643,-6.7885],[-36.20369,-6.78593],[-36.20841,-6.81043],[-36.21039,-6.81607],[-36.21545,-6.80992],[-36.22027,-6.81047],[-36.23949,-6.83219],[-36.23721,-6.84043],[-36.24257,-6.86096],[-36.25553,-6.83979],[-36.26085,-6.83674],[-36.25488,-6.81747],[-36.25672,-6.80487],[-36.25321,-6.79392],[-36.24659,-6.79483],[-36.23575,-6.77875],[-36.22217,-6.77494],[-36.22163,-6.78545]]]}},{"type":"Feature","properties":{"nome_proje":"PA QUITERIA"},"geometry":{"type":"MultiPolygon","coordinates":[[[[-35.59751,-6.98776],[-35.59892,-6.9808],[-35.59607,-6.97878],[-35.59562,-6.97902],[-35.59751,-6.98776]]],[[[-35.58628,-6.98371],[-35.58674,-6.99382],[-35.58839,-6.99526],[-35.59403,-6.98954],[-35.59249,-6.97919],[-35.58628,-6.98371]]],[[[-35.58626,-6.98369],[-35.5794,-6.98611],[-35.58133,-6.99245],[-35.58626,-6.98369]]]]}},{"type":"Feature","properties":{"nome_proje":"PA SEVERINO CASSIMIRO"},"geometry":{"type":"Polygon","coordinates":[[[-35.60123,-6.99501],[-35.61274,-6.9838],[-35.61101,-6.97949],[-35.61335,-6.97526],[-35.59768,-6.9782],[-35.59728,-6.99145],[-35.60123,-6.99501]]]}},{"type":"Feature","properties":{"nome_proje":"PA SANTA TEREZINHA I"},"geometry":{"type":"Polygon","coordinates":[[[-35.56302,-6.96962],[-35.54541,-6.97993],[-35.54815,-6.98593],[-35.56088,-6.98325],[-35.55823,-6.97948],[-35.5682,-6.97547],[-35.56302,-6.96962]]]}},{"type":"Feature","properties":{"nome_proje":"PA CAJA DE ALAGOINHA"},"geometry":{"type":"Polygon","coordinates":[[[-35.53012,-6.96278],[-35.52617,-6.97108],[-35.51407,-6.97519],[-35.51224,-6.98851],[-35.51427,-6.97997],[-35.51913,-6.98786],[-35.52229,-6.98729],[-35.5251,-6.97851],[-35.53172,-6.97959],[-35.53794,-6.97571],[-35.53271,-6.97385],[-35.53012,-6.96278]]]}},{"type":"Feature","properties":{"nome_proje":"PA PAULO FREIRE"},"geometry":{"type":"Polygon","coordinates":[[[-35.35344,-6.95642],[-35.34648,-6.94211],[-35.34283,-6.94212],[-35.33258,-6.95255],[-35.33883,-6.95768],[-35.34877,-6.95906],[-35.35344,-6.95642]]]}},{"type":"Feature","properties":{"nome_proje":"PA MARIA PRETA"},"geometry":{"type":"Polygon","coordinates":[[[-35.28839,-6.93485],[-35.28631,-6.92552],[-35.27259,-6.9319],[-35.26696,-6.93807],[-35.26483,-6.94942],[-35.26609,-6.95234],[-35.27344,-6.948],[-35.28009,-6.96209],[-35.28655,-6.95936],[-35.28456,-6.96453],[-35.28972,-6.97033],[-35.30121,-6.96971],[-35.29925,-6.96672],[-35.30937,-6.95601],[-35.30291,-6.93134],[-35.28839,-6.93485]]]}},{"type":"Feature","properties":{"nome_proje":"PA RIBEIRO GRANDE"},"geometry":{"type":"Polygon","coordinates":[[[-35.55326,-6.93634],[-35.55589,-6.94287],[-35.56368,-6.94085],[-35.55974,-6.93401],[-35.55326,-6.93634]]]}},{"type":"Feature","properties":{"nome_proje":"PA ESPERANÇA"},"geometry":{"type":"Polygon","coordinates":[[[-35.62121,-6.92042],[-35.62103,-6.92644],[-35.61475,-6.92807],[-35.6084,-6.92371],[-35.60997,-6.93964],[-35.60479,-6.94511],[-35.60866,-6.95273],[-35.61314,-6.95203],[-35.61698,-6.94623],[-35.61652,-6.93496],[-35.6245,-6.92687],[-35.62121,-6.92042]]]}},{"type":"Feature","properties":{"nome_proje":"PA SENHOR DO BONFIM"},"geometry":{"type":"Polygon","coordinates":[[[-35.53004,-6.93375],[-35.52122,-6.92108],[-35.50802,-6.9203],[-35.50461,-6.93315],[-35.50835,-6.9325],[-35.50716,-6.93694],[-35.51215,-6.94973],[-35.51983,-6.95325],[-35.53622,-6.94348],[-35.53904,-6.9405],[-35.53004,-6.93375]]]}},{"type":"Feature","properties":{"nome_proje":"PA SOCORRO"},"geometry":{"type":"Polygon","coordinates":[[[-35.64757,-6.91058],[-35.64339,-6.91672],[-35.63585,-6.91303],[-35.62846,-6.92639],[-35.63686,-6.92441],[-35.63836,-6.93128],[-35.64435,-6.9347],[-35.64765,-6.92809],[-35.65144,-6.92751],[-35.64958,-6.92175],[-35.65401,-6.91961],[-35.65309,-6.91364],[-35.64757,-6.91058]]]}},{"type":"Feature","properties":{"nome_proje":"PA MARGARIDA MARIA ALVES II"},"geometry":{"type":"Polygon","coordinates":[[[-35.65882,-7.01409],[-35.65612,-7.01184],[-35.65174,-7.01447],[-35.64948,-7.01176],[-35.64611,-7.01741],[-35.64711,-7.02581],[-35.64335,-7.02921],[-35.646,-7.03268],[-35.65317,-7.03056],[-35.6516,-7.04179],[-35.65591,-7.04202],[-35.65588,-7.03096],[-35.66306,-7.03025],[-35.66587,-7.02662],[-35.66972,-7.02871],[-35.67441,-7.02497],[-35.67116,-7.01947],[-35.66175,-7.02303],[-35.65514,-7.01896],[-35.65273,-7.02244],[-35.65132,-7.01887],[-35.65882,-7.01409]]]}},{"type":"Feature","properties":{"nome_proje":"PA CICERO ROMANA I"},"geometry":{"type":"Polygon","coordinates":[[[-35.88575,-7.00099],[-35.86689,-7.0114],[-35.86423,-7.01736],[-35.86688,-7.02694],[-35.87262,-7.03206],[-35.87189,-7.02734],[-35.87421,-7.02483],[-35.87702,-7.02706],[-35.87921,-7.02345],[-35.86797,-7.02093],[-35.86725,-7.01829],[-35.87519,-7.0184],[-35.87288,-7.01346],[-35.87662,-7.01688],[-35.87736,-7.01098],[-35.88187,-7.01308],[-35.88896,-7.00584],[-35.88575,-7.00099]]]}},{"type":"Feature","properties":{"nome_proje":"PA EMANOEL JOAQUIM"},"geometry":{"type":"Polygon","coordinates":[[[-35.74401,-6.99676],[-35.74347,-7.01112],[-35.75671,-7.00956],[-35.75404,-7.00768],[-35.75669,-7.00108],[-35.74522,-7.00053],[-35.74401,-6.99676]]]}},{"type":"Feature","properties":{"nome_proje":"PA UNIÃO"},"geometry":{"type":"Polygon","coordinates":[[[-35.65656,-6.91264],[-35.65384,-6.92118],[-35.65021,-6.92404],[-35.65205,-6.9288],[-35.66445,-6.93443],[-35.66301,-6.9387],[-35.65903,-6.93928],[-35.66425,-6.9554],[-35.66779,-6.94886],[-35.66359,-6.94306],[-35.66987,-6.93724],[-35.66723,-6.93378],[-35.66759,-6.92344],[-35.65952,-6.92065],[-35.65656,-6.91264]]]}},{"type":"Feature","properties":{"nome_proje":"PA IRMA DOROTHY STANG"},"geometry":{"type":"Polygon","coordinates":[[[-35.86949,-6.93607],[-35.8783,-6.94055],[-35.8798,-6.93732],[-35.88922,-6.93609],[-35.8898,-6.94405],[-35.89736,-6.94891],[-35.89958,-6.9455],[-35.91241,-6.94655],[-35.92036,-6.93952],[-35.91871,-6.92544],[-35.89959,-6.92277],[-35.89409,-6.91734],[-35.8733,-6.92759],[-35.86914,-6.93132],[-35.86949,-6.93607]]]}},{"type":"Feature","properties":{"nome_proje":"PA ROSA LUXEMBURGO"},"geometry":{"type":"Polygon","coordinates":[[[-35.95037,-6.89086],[-35.94319,-6.90031],[-35.94509,-6.90791],[-35.9416,-6.91232],[-35.93684,-6.9125],[-35.93113,-6.92433],[-35.94653,-6.93599],[-35.95683,-6.93612],[-35.96163,-6.94084],[-35.96602,-6.93601],[-35.96027,-6.92892],[-35.96472,-6.9301],[-35.97454,-6.9251],[-35.97533,-6.91828],[-35.96033,-6.90992],[-35.96516,-6.89555],[-35.95037,-6.89086]]]}},{"type":"Feature","properties":{"nome_proje":"PA CORREDOR"},"geometry":{"type":"Polygon","coordinates":[[[-35.90297,-6.88989],[-35.88935,-6.89778],[-35.87639,-6.89279],[-35.86918,-6.90013],[-35.87196,-6.90725],[-35.8811,-6.9117],[-35.88301,-6.90812],[-35.89069,-6.90808],[-35.89307,-6.91679],[-35.89929,-6.91064],[-35.91068,-6.91153],[-35.91384,-6.88963],[-35.90297,-6.88989]]]}},{"type":"Feature","properties":{"nome_proje":"PA HAMILTON JOSÉ"},"geometry":{"type":"Polygon","coordinates":[[[-35.93045,-6.91517],[-35.93428,-6.89538],[-35.92846,-6.89137],[-35.91427,-6.89013],[-35.91128,-6.91087],[-35.91943,-6.91027],[-35.93045,-6.91517]]]}},{"type":"Feature","properties":{"nome_proje":"PA QUEIMADAS"},"geometry":{"type":"Polygon","coordinates":[[[-35.84596,-6.85198],[-35.84898,-6.85845],[-35.8191,-6.88262],[-35.80673,-6.89798],[-35.80278,-6.91823],[-35.79212,-6.91757],[-35.79149,-6.9363],[-35.7854,-6.94036],[-35.78291,-6.93246],[-35.77787,-6.93952],[-35.77956,-6.94098],[-35.7944,-6.94345],[-35.79165,-6.94657],[-35.79441,-6.94861],[-35.79748,-6.94673],[-35.80059,-6.94126],[-35.79686,-6.94016],[-35.79717,-6.93661],[-35.80742,-6.92749],[-35.80961,-6.9132],[-35.8162,-6.90359],[-35.84545,-6.8768],[-35.84846,-6.88337],[-35.86837,-6.87578],[-35.86631,-6.85962],[-35.85577,-6.85847],[-35.84596,-6.85198]]]}},{"type":"Feature","properties":{"nome_proje":"PA OZIEL PEREIRA"},"geometry":{"type":"Polygon","coordinates":[[[-35.84934,-6.88267],[-35.86801,-6.8753],[-35.86744,-6.86775],[-35.86591,-6.85916],[-35.85538,-6.858],[-35.84557,-6.85152],[-35.84218,-6.8583],[-35.79802,-6.88481],[-35.79791,-6.91619],[-35.79244,-6.91427],[-35.78746,-6.92032],[-35.78265,-6.91983],[-35.78097,-6.92872],[-35.78503,-6.92966],[-35.78493,-6.93251],[-35.78086,-6.93283],[-35.77658,-6.93927],[-35.78622,-6.94352],[-35.79174,-6.94168],[-35.79124,-6.9461],[-35.79404,-6.94814],[-35.79286,-6.94262],[-35.79944,-6.94445],[-35.79677,-6.93615],[-35.80702,-6.92707],[-35.8092,-6.91274],[-35.81572,-6.90319],[-35.84506,-6.87634],[-35.84934,-6.88267]]]}},{"type":"Feature","properties":{"nome_proje":"PA TABOCAL"},"geometry":{"type":"MultiPolygon","coordinates":[[[[-35.58204,-6.92147],[-35.58204,-6.92147],[-35.58204,-6.92147],[-35.58204,-6.92147]]],[[[-35.5848,-6.91226],[-35.56625,-6.91923],[-35.567,-6.92777],[-35.56937,-6.92936],[-35.57373,-6.92108],[-35.58204,-6.92147],[-35.5848,-6.91226]]],[[[-35.58335,-6.90084],[-35.576,-6.90374],[-35.57578,-6.91045],[-35.58415,-6.90627],[-35.58335,-6.90084]]]]}},{"type":"Feature","properties":{"nome_proje":"PA REDENÇÃO"},"geometry":{"type":"Polygon","coordinates":[[[-35.63005,-6.89738],[-35.62407,-6.90065],[-35.62525,-6.90717],[-35.62005,-6.90824],[-35.62025,-6.91324],[-35.62464,-6.91193],[-35.62094,-6.92037],[-35.62403,-6.92352],[-35.63275,-6.92277],[-35.63607,-6.9131],[-35.64363,-6.91681],[-35.64762,-6.9118],[-35.64615,-6.90651],[-35.65013,-6.90762],[-35.64333,-6.89041],[-35.63891,-6.89594],[-35.63369,-6.89405],[-35.6377,-6.89015],[-35.62716,-6.88676],[-35.63005,-6.89738]]]}},{"type":"Feature","properties":{"nome_proje":"PA VENEZA"},"geometry":{"type":"Polygon","coordinates":[[[-35.60153,-6.89654],[-35.58833,-6.89597],[-35.58541,-6.91364],[-35.59293,-6.90809],[-35.60153,-6.89654]]]}},{"type":"Feature","properties":{"nome_proje":"PA SÃO FRANCISCO I"},"geometry":{"type":"Polygon","coordinates":[[[-35.60451,-6.90446],[-35.61069,-6.9024],[-35.61266,-6.90696],[-35.6249,-6.90675],[-35.62444,-6.89819],[-35.62094,-6.89374],[-35.61257,-6.89315],[-35.61104,-6.88304],[-35.60646,-6.88951],[-35.6086,-6.89665],[-35.60333,-6.89682],[-35.60451,-6.90446]]]}},{"type":"Feature","properties":{"nome_proje":"PA VENEZA"},"geometry":{"type":"Polygon","coordinates":[[[-35.59392,-6.86309],[-35.58854,-6.86876],[-35.58653,-6.88163],[-35.6028,-6.86578],[-35.59392,-6.86309]]]}},{"type":"Feature","properties":{"nome_proje":"PA FLORESTAM FERNANDES"},"geometry":{"type":"Polygon","coordinates":[[[-35.62125,-6.85208],[-35.61959,-6.85515],[-35.62686,-6.86999],[-35.63341,-6.87209],[-35.63841,-6.86978],[-35.64272,-6.86345],[-35.63924,-6.85901],[-35.62125,-6.85208]]]}},{"type":"Feature","properties":{"nome_proje":"PA CAJAZEIRAS"},"geometry":{"type":"Polygon","coordinates":[[[-35.64094,-6.84329],[-35.63033,-6.83908],[-35.62876,-6.84236],[-35.62339,-6.83899],[-35.62459,-6.83526],[-35.60842,-6.83447],[-35.6076,-6.83676],[-35.61303,-6.83928],[-35.6129,-6.8507],[-35.61915,-6.85547],[-35.62491,-6.85003],[-35.63088,-6.85208],[-35.63427,-6.84891],[-35.63875,-6.8496],[-35.64094,-6.84329]]]}},{"type":"Feature","properties":{"nome_proje":"PA SANTA MARIA"},"geometry":{"type":"Polygon","coordinates":[[[-35.60769,-6.83687],[-35.60614,-6.83981],[-35.59984,-6.84025],[-35.59924,-6.84477],[-35.59428,-6.83536],[-35.59122,-6.8343],[-35.58577,-6.8383],[-35.59205,-6.83695],[-35.58908,-6.84117],[-35.59118,-6.84637],[-35.59874,-6.84577],[-35.59872,-6.85518],[-35.60108,-6.84659],[-35.60837,-6.84465],[-35.60769,-6.83687]]]}},{"type":"Feature","properties":{"nome_proje":"PA SANTA LÚCIA"},"geometry":{"type":"Polygon","coordinates":[[[-35.32689,-6.82517],[-35.3238,-6.82851],[-35.32822,-6.84074],[-35.31701,-6.8595],[-35.32343,-6.86626],[-35.33126,-6.86178],[-35.33898,-6.8504],[-35.34632,-6.85105],[-35.34898,-6.84217],[-35.35668,-6.8384],[-35.35433,-6.83243],[-35.34918,-6.83293],[-35.34681,-6.82152],[-35.32689,-6.82517]]]}},{"type":"Feature","properties":{"nome_proje":"PA CARRAPICHO"},"geometry":{"type":"Polygon","coordinates":[[[-36.7033,-8.46466],[-36.72069,-8.44958],[-36.71683,-8.44403],[-36.69471,-8.44916],[-36.69463,-8.45688],[-36.7033,-8.46466]]]}},{"type":"Feature","properties":{"nome_proje":"PA NOSSA SENHORA DE FATIMA"},"geometry":{"type":"Polygon","coordinates":[[[-36.61079,-8.42964],[-36.60528,-8.45795],[-36.61852,-8.45398],[-36.61586,-8.46051],[-36.62496,-8.46299],[-36.62788,-8.4406],[-36.63342,-8.43348],[-36.61079,-8.42964]]]}},{"type":"Feature","properties":{"nome_proje":"PA LAGE GRANDE"},"geometry":{"type":"Polygon","coordinates":[[[-36.73459,-8.42994],[-36.72777,-8.42132],[-36.72401,-8.42431],[-36.72218,-8.42232],[-36.71427,-8.43332],[-36.71618,-8.44232],[-36.72558,-8.43075],[-36.73358,-8.44325],[-36.7413,-8.44023],[-36.73677,-8.4278],[-36.73459,-8.42994]]]}},{"type":"Feature","properties":{"nome_proje":"PA NOSSA SENHORA APARECIDA"},"geometry":{"type":"MultiPolygon","coordinates":[[[[-36.8563,-8.39916],[-36.876,-8.40216],[-36.87669,-8.39926],[-36.87361,-8.40157],[-36.8563,-8.39916]]],[[[-36.85654,-8.39984],[-36.86377,-8.41473],[-36.84498,-8.41814],[-36.83674,-8.44319],[-36.84211,-8.45461],[-36.83841,-8.46211],[-36.84421,-8.4654],[-36.85819,-8.45669],[-36.86318,-8.46458],[-36.87394,-8.45471],[-36.89639,-8.45901],[-36.90082,-8.46418],[-36.90822,-8.45756],[-36.90793,-8.45107],[-36.9019,-8.44682],[-36.90272,-8.44263],[-36.89309,-8.44213],[-36.89384,-8.43907],[-36.88107,-8.43667],[-36.88934,-8.41285],[-36.88286,-8.41259],[-36.88374,-8.40891],[-36.87489,-8.40687],[-36.87589,-8.4026],[-36.85654,-8.39984]],[[-36.87984,-8.41277],[-36.87479,-8.43258],[-36.87082,-8.43151],[-36.87493,-8.4125],[-36.87984,-8.41277]],[[-36.86027,-8.40064],[-36.86036,-8.40196],[-36.86016,-8.40194],[-36.86027,-8.40064]]]]}},{"type":"Feature","properties":{"nome_proje":"PA SANTA ROSA"},"geometry":{"type":"Polygon","coordinates":[[[-36.75561,-8.41274],[-36.74548,-8.41584],[-36.74671,-8.41922],[-36.7386,-8.42406],[-36.74109,-8.43155],[-36.75115,-8.42326],[-36.76529,-8.43128],[-36.77081,-8.42835],[-36.77513,-8.43226],[-36.77832,-8.42753],[-36.77784,-8.41922],[-36.77058,-8.41973],[-36.77055,-8.41651],[-36.75561,-8.41274]]]}},{"type":"Feature","properties":{"nome_proje":"PA CABANAS"},"geometry":{"type":"Polygon","coordinates":[[[-36.31539,-8.39289],[-36.28843,-8.39423],[-36.28081,-8.40172],[-36.28357,-8.40359],[-36.28315,-8.40966],[-36.28115,-8.4077],[-36.27908,-8.41063],[-36.28136,-8.40381],[-36.27528,-8.40641],[-36.27853,-8.41645],[-36.27527,-8.41811],[-36.28018,-8.42392],[-36.28513,-8.42196],[-36.28434,-8.42618],[-36.28772,-8.42241],[-36.29022,-8.42529],[-36.29071,-8.42078],[-36.2992,-8.42221],[-36.29546,-8.42816],[-36.30072,-8.43637],[-36.30696,-8.43911],[-36.30876,-8.43627],[-36.3159,-8.44288],[-36.31729,-8.43303],[-36.32695,-8.43111],[-36.33,-8.42677],[-36.33512,-8.42731],[-36.33595,-8.4237],[-36.33123,-8.42235],[-36.32991,-8.41495],[-36.32213,-8.40898],[-36.3233,-8.40544],[-36.31539,-8.39289]]]}},{"type":"Feature","properties":{"nome_proje":"PA OURO II"},"geometry":{"type":"Polygon","coordinates":[[[-36.40398,-8.3748],[-36.39623,-8.39196],[-36.38912,-8.39702],[-36.39328,-8.40476],[-36.39931,-8.39988],[-36.40505,-8.40196],[-36.41692,-8.38422],[-36.40927,-8.38133],[-36.40791,-8.37537],[-36.40398,-8.3748]]]}},{"type":"Feature","properties":{"nome_proje":"PA FAZENDA CACHOEIRA"},"geometry":{"type":"Polygon","coordinates":[[[-36.64944,-8.36666],[-36.63754,-8.37241],[-36.64265,-8.37467],[-36.63763,-8.3762],[-36.6367,-8.38506],[-36.63414,-8.38508],[-36.63328,-8.39086],[-36.63048,-8.39039],[-36.62596,-8.40113],[-36.63634,-8.40703],[-36.65047,-8.37141],[-36.64944,-8.36666]]]}},{"type":"Feature","properties":{"nome_proje":"PA OURO"},"geometry":{"type":"Polygon","coordinates":[[[-36.41383,-8.37007],[-36.4082,-8.37485],[-36.40862,-8.37892],[-36.41776,-8.38288],[-36.42489,-8.37368],[-36.41383,-8.37007]]]}},{"type":"Feature","properties":{"nome_proje":"PA MALHADA DOS CAVALOS"},"geometry":{"type":"Polygon","coordinates":[[[-36.24806,-8.29203],[-36.24845,-8.31164],[-36.25574,-8.3162],[-36.26631,-8.31341],[-36.26952,-8.29676],[-36.2525,-8.28798],[-36.24806,-8.29203]]]}},{"type":"Feature","properties":{"nome_proje":"PA NOSSA SENHORA SANTANA"},"geometry":{"type":"Polygon","coordinates":[[[-37.61793,-8.37267],[-37.62258,-8.37258],[-37.62113,-8.36261],[-37.61264,-8.36484],[-37.61547,-8.36076],[-37.6049,-8.35791],[-37.60371,-8.34108],[-37.59928,-8.33638],[-37.60315,-8.35135],[-37.6012,-8.35839],[-37.61018,-8.36414],[-37.6101,-8.36139],[-37.61248,-8.36158],[-37.611,-8.36689],[-37.61982,-8.36536],[-37.62049,-8.37081],[-37.61592,-8.37028],[-37.61517,-8.37418],[-37.61621,-8.38042],[-37.61908,-8.37944],[-37.61577,-8.38546],[-37.62052,-8.38657],[-37.61663,-8.38843],[-37.62019,-8.39432],[-37.61672,-8.39359],[-37.61932,-8.39656],[-37.61591,-8.39802],[-37.61896,-8.40209],[-37.61733,-8.40378],[-37.61788,-8.40653],[-37.61948,-8.4042],[-37.62347,-8.40915],[-37.62646,-8.40745],[-37.61931,-8.39896],[-37.62395,-8.38454],[-37.62098,-8.38459],[-37.61793,-8.37267]]]}},{"type":"Feature","properties":{"nome_proje":"PA JATOBA"},"geometry":{"type":"Polygon","coordinates":[[[-37.50877,-8.42515],[-37.54257,-8.31724],[-37.53638,-8.31795],[-37.54109,-8.30156],[-37.53678,-8.29855],[-37.49857,-8.42478],[-37.50877,-8.42515]]]}},{"type":"Feature","properties":{"nome_proje":"PA NOSSA SENHORA DE FATIMA JATOBA E JATOBA"},"geometry":{"type":"Polygon","coordinates":[[[-37.52732,-8.2931],[-37.48805,-8.42295],[-37.49119,-8.42398],[-37.49441,-8.42366],[-37.533,-8.29624],[-37.52732,-8.2931]]]}},{"type":"Feature","properties":{"nome_proje":"PA SAMAMBAIA"},"geometry":{"type":"Polygon","coordinates":[[[-37.65461,-8.307],[-37.64936,-8.31365],[-37.71988,-8.32279],[-37.72303,-8.31501],[-37.65461,-8.307]]]}},{"type":"Feature","properties":{"nome_proje":"PA JERAMATAIA"},"geometry":{"type":"Polygon","coordinates":[[[-37.6196,-8.24193],[-37.61816,-8.268],[-37.68729,-8.27771],[-37.69166,-8.25827],[-37.69561,-8.25802],[-37.69407,-8.25432],[-37.66401,-8.25012],[-37.66373,-8.24662],[-37.6196,-8.24193]]]}},{"type":"Feature","properties":{"nome_proje":"PA PORTEIRAS II"},"geometry":{"type":"MultiPolygon","coordinates":[[[[-37.77689,-8.25344],[-37.74162,-8.24891],[-37.74246,-8.2496],[-37.74385,-8.25203],[-37.744,-8.25312],[-37.74143,-8.25989],[-37.73988,-8.26128],[-37.77527,-8.26569],[-37.7795,-8.26094],[-37.77689,-8.25344]]],[[[-37.71832,-8.25868],[-37.734,-8.26063],[-37.72034,-8.25741],[-37.71832,-8.25868]]],[[[-37.69536,-8.2552],[-37.70178,-8.25628],[-37.69377,-8.25011],[-37.69536,-8.2552]]],[[[-37.69342,-8.24706],[-37.71771,-8.24996],[-37.72027,-8.25534],[-37.73917,-8.26051],[-37.74382,-8.2531],[-37.73974,-8.24845],[-37.69307,-8.2446],[-37.69342,-8.24706]]]]}},{"type":"Feature","properties":{"nome_proje":"PA UMBURANA"},"geometry":{"type":"MultiPolygon","coordinates":[[[[-37.65661,-8.13484],[-37.66834,-8.13612],[-37.67015,-8.13622],[-37.66772,-8.13],[-37.65821,-8.12898],[-37.65661,-8.13484]]],[[[-37.668,-8.13001],[-37.67056,-8.13636],[-37.69778,-8.13976],[-37.69694,-8.13484],[-37.668,-8.13001]]]]}},{"type":"Feature","properties":{"nome_proje":"PA SÍTIO BOQUEIRÃO"},"geometry":{"type":"Polygon","coordinates":[[[-37.75922,-7.87735],[-37.74777,-7.88949],[-37.74473,-7.90425],[-37.74131,-7.90642],[-37.74251,-7.91267],[-37.74395,-7.90991],[-37.7518,-7.91184],[-37.77367,-7.89102],[-37.75922,-7.87735]]]}},{"type":"Feature","properties":{"nome_proje":"PA CEDRO BRANCO"},"geometry":{"type":"Polygon","coordinates":[[[-37.47093,-7.83856],[-37.46315,-7.84529],[-37.4819,-7.84881],[-37.48153,-7.85242],[-37.46659,-7.85239],[-37.47156,-7.8648],[-37.4801,-7.8737],[-37.48216,-7.8741],[-37.4875,-7.8504],[-37.50562,-7.85051],[-37.50757,-7.84802],[-37.49657,-7.83923],[-37.47093,-7.83856]]]}},{"type":"Feature","properties":{"nome_proje":"PA VALE DO PAJEÚ"},"geometry":{"type":"Polygon","coordinates":[[[-37.57109,-7.78762],[-37.56655,-7.79413],[-37.55905,-7.79426],[-37.55696,-7.80092],[-37.56133,-7.80286],[-37.5608,-7.81263],[-37.5759,-7.82008],[-37.57896,-7.80842],[-37.58466,-7.81207],[-37.59686,-7.80602],[-37.59402,-7.80252],[-37.59672,-7.80138],[-37.59557,-7.79931],[-37.58595,-7.80177],[-37.58804,-7.7944],[-37.57892,-7.7934],[-37.58047,-7.78918],[-37.57109,-7.78762]]]}},{"type":"Feature","properties":{"nome_proje":"PA MARIA BONITA"},"geometry":{"type":"Polygon","coordinates":[[[-37.00348,-8.2764],[-37.00833,-8.26717],[-37.01385,-8.24395],[-37.01325,-8.24111],[-37.00607,-8.23862],[-37.00421,-8.22724],[-36.99528,-8.22411],[-36.9797,-8.25706],[-36.9907,-8.26],[-36.99021,-8.27692],[-37.00747,-8.28923],[-37.01267,-8.28956],[-37.0148,-8.27787],[-37.00348,-8.2764]]]}},{"type":"Feature","properties":{"nome_proje":"PA ESTRELA DALVA"},"geometry":{"type":"Polygon","coordinates":[[[-37.06704,-8.20838],[-37.08935,-8.22978],[-37.09905,-8.23055],[-37.11085,-8.24029],[-37.11995,-8.24036],[-37.13252,-8.19781],[-37.11882,-8.1875],[-37.11745,-8.17113],[-37.10328,-8.16771],[-37.09755,-8.15651],[-37.09615,-8.14536],[-37.08904,-8.1424],[-37.08915,-8.13946],[-37.06795,-8.14924],[-37.0619,-8.17086],[-37.06699,-8.17562],[-37.06534,-8.18895],[-37.06079,-8.19322],[-37.06704,-8.20838]]]}},{"type":"Feature","properties":{"nome_proje":"PA DOS 10"},"geometry":{"type":"Polygon","coordinates":[[[-36.98414,-8.03881],[-36.98762,-8.05587],[-36.98155,-8.06874],[-36.99623,-8.05909],[-36.99589,-8.0564],[-37.00655,-8.0544],[-37.00977,-8.04929],[-37.00614,-8.00913],[-37.00143,-8.00899],[-37.00417,-7.99846],[-36.99704,-7.99153],[-36.99513,-7.97984],[-36.98668,-7.97914],[-36.98609,-7.98268],[-36.98986,-7.9842],[-36.98061,-7.99598],[-36.98882,-8.00826],[-36.96844,-8.03985],[-36.98414,-8.03881]]]}},{"type":"Feature","properties":{"nome_proje":"PA CACHOEIRA DO GUILHERME"},"geometry":{"type":"Polygon","coordinates":[[[-37.40473,-7.99072],[-37.38818,-7.9974],[-37.37811,-7.99638],[-37.38106,-8.00577],[-37.38877,-8.01462],[-37.42178,-8.01227],[-37.41442,-8.00391],[-37.41769,-7.99795],[-37.42307,-8.00241],[-37.43965,-8.00273],[-37.43802,-7.99354],[-37.40794,-7.99342],[-37.40473,-7.99072]]]}},{"type":"Feature","properties":{"nome_proje":"PA CAPIM"},"geometry":{"type":"Polygon","coordinates":[[[-37.46149,-7.97343],[-37.44237,-7.97553],[-37.44587,-7.9847],[-37.43704,-7.99647],[-37.43982,-8.00442],[-37.44988,-8.00258],[-37.45745,-8.00501],[-37.46149,-7.97343]]]}},{"type":"Feature","properties":{"nome_proje":"PA QUEIMADA NOVA"},"geometry":{"type":"Polygon","coordinates":[[[-37.42822,-7.95298],[-37.42674,-7.96168],[-37.43612,-7.97163],[-37.44667,-7.96946],[-37.44937,-7.97298],[-37.46149,-7.97343],[-37.46688,-7.96893],[-37.47709,-7.97216],[-37.47339,-7.95447],[-37.47042,-7.95692],[-37.42822,-7.95298]]]}},{"type":"Feature","properties":{"nome_proje":"PA CALDEIRÕES"},"geometry":{"type":"Polygon","coordinates":[[[-37.31114,-7.90897],[-37.30812,-7.928],[-37.31955,-7.94064],[-37.33179,-7.94773],[-37.33607,-7.94467],[-37.34314,-7.94645],[-37.34788,-7.91693],[-37.3426,-7.92085],[-37.33723,-7.91833],[-37.32878,-7.92093],[-37.31114,-7.90897]]]}},{"type":"Feature","properties":{"nome_proje":"PA RAMADA DA QUIXABEIRA"},"geometry":{"type":"Polygon","coordinates":[[[-37.33916,-7.91941],[-37.3426,-7.92085],[-37.34788,-7.91693],[-37.34314,-7.94645],[-37.34719,-7.94714],[-37.35811,-7.89662],[-37.34496,-7.8864],[-37.33916,-7.91941]]]}},{"type":"Feature","properties":{"nome_proje":"PA SOCORRO"},"geometry":{"type":"Polygon","coordinates":[[[-37.24692,-7.77939],[-37.24533,-7.79045],[-37.25447,-7.79869],[-37.25454,-7.80679],[-37.28108,-7.84372],[-37.29037,-7.84754],[-37.30159,-7.84531],[-37.31382,-7.79898],[-37.29682,-7.79223],[-37.29473,-7.79543],[-37.28844,-7.79319],[-37.26956,-7.78131],[-37.24692,-7.77939]]]}},{"type":"Feature","properties":{"nome_proje":"PA ROSÁRIO"},"geometry":{"type":"Polygon","coordinates":[[[-37.47334,-7.7859],[-37.4745,-7.77124],[-37.46206,-7.76823],[-37.44623,-7.78992],[-37.43673,-7.78197],[-37.42413,-7.78548],[-37.3933,-7.77135],[-37.3809,-7.77457],[-37.39158,-7.78214],[-37.40569,-7.78585],[-37.40539,-7.79177],[-37.41318,-7.79151],[-37.42701,-7.80154],[-37.4169,-7.81656],[-37.42964,-7.81998],[-37.44494,-7.8029],[-37.44625,-7.81642],[-37.4507,-7.82688],[-37.45482,-7.82715],[-37.45062,-7.83651],[-37.45826,-7.84762],[-37.46121,-7.8464],[-37.45793,-7.83348],[-37.4651,-7.83699],[-37.46649,-7.82786],[-37.45931,-7.81965],[-37.46785,-7.81363],[-37.45987,-7.79889],[-37.46734,-7.79864],[-37.47334,-7.7859]]]}},{"type":"Feature","properties":{"nome_proje":"PA MATA VERDE"},"geometry":{"type":"Polygon","coordinates":[[[-37.1484,-7.77665],[-37.15852,-7.79342],[-37.16344,-7.79436],[-37.16893,-7.80319],[-37.18074,-7.79583],[-37.18165,-7.79175],[-37.18946,-7.78997],[-37.19962,-7.79977],[-37.20931,-7.80339],[-37.23321,-7.80597],[-37.23407,-7.80061],[-37.2124,-7.78493],[-37.19825,-7.78375],[-37.14809,-7.76731],[-37.1484,-7.77665]]]}},{"type":"Feature","properties":{"nome_proje":"PA SANTA CATARINA"},"geometry":{"type":"Polygon","coordinates":[[[-37.08679,-7.76125],[-37.07851,-7.76309],[-37.07544,-7.75837],[-37.07064,-7.76247],[-37.06484,-7.80449],[-37.08261,-7.80312],[-37.11644,-7.81218],[-37.12707,-7.78898],[-37.13817,-7.78363],[-37.12907,-7.77508],[-37.12137,-7.77731],[-37.11688,-7.77203],[-37.10128,-7.77578],[-37.09242,-7.76451],[-37.08679,-7.76125]]]}},{"type":"Feature","properties":{"nome_proje":"PA RENASCER"},"geometry":{"type":"Polygon","coordinates":[[[-37.07851,-7.76309],[-37.08679,-7.76125],[-37.09242,-7.76451],[-37.10128,-7.77578],[-37.11688,-7.77203],[-37.12137,-7.77731],[-37.12907,-7.77508],[-37.13817,-7.78363],[-37.14927,-7.77843],[-37.14825,-7.7661],[-37.15224,-7.76585],[-37.15072,-7.76263],[-37.08294,-7.75773],[-37.07851,-7.76309]]]}},{"type":"Feature","properties":{"nome_proje":"PA MALHADA DO RIACHÃO"},"geometry":{"type":"Polygon","coordinates":[[[-37.29355,-7.71433],[-37.28065,-7.71561],[-37.26973,-7.73078],[-37.25988,-7.73006],[-37.25747,-7.73931],[-37.26296,-7.74353],[-37.27882,-7.74378],[-37.29355,-7.71433]]]}},{"type":"Feature","properties":{"nome_proje":"PA SÍTIO JORGE"},"geometry":{"type":"Polygon","coordinates":[[[-37.44403,-7.70229],[-37.44267,-7.70875],[-37.44798,-7.71249],[-37.44106,-7.72469],[-37.44553,-7.72797],[-37.44247,-7.73476],[-37.43334,-7.74069],[-37.44016,-7.74703],[-37.46134,-7.75424],[-37.46563,-7.72954],[-37.46509,-7.71231],[-37.46299,-7.7272],[-37.45911,-7.73296],[-37.45669,-7.73162],[-37.46295,-7.70961],[-37.44403,-7.70229]]]}},{"type":"Feature","properties":{"nome_proje":"PA SÍTIO JARDIM"},"geometry":{"type":"Polygon","coordinates":[[[-37.31236,-7.67408],[-37.31019,-7.6779],[-37.30219,-7.73252],[-37.30732,-7.73308],[-37.31236,-7.67408]]]}},{"type":"Feature","properties":{"nome_proje":"PA RIACHO DOS NEGROS"},"geometry":{"type":"Polygon","coordinates":[[[-37.19732,-7.65216],[-37.18566,-7.65549],[-37.18351,-7.66495],[-37.17433,-7.67066],[-37.17671,-7.679],[-37.17349,-7.68517],[-37.16712,-7.6888],[-37.16904,-7.69173],[-37.17462,-7.69235],[-37.18171,-7.68755],[-37.18352,-7.69043],[-37.18466,-7.68175],[-37.18705,-7.68237],[-37.18903,-7.67586],[-37.20872,-7.6827],[-37.21111,-7.67218],[-37.21677,-7.67403],[-37.21829,-7.67],[-37.21365,-7.65709],[-37.2043,-7.6564],[-37.19732,-7.65216]]]}},{"type":"Feature","properties":{"nome_proje":"PA SANTO IZIDRO"},"geometry":{"type":"Polygon","coordinates":[[[-37.27183,-7.6504],[-37.26031,-7.65557],[-37.26176,-7.66336],[-37.27436,-7.66706],[-37.2789,-7.6599],[-37.27528,-7.65588],[-37.27652,-7.65336],[-37.27183,-7.6504]]]}},{"type":"Feature","properties":{"nome_proje":"PA RIACHO DOS BOIS"},"geometry":{"type":"Polygon","coordinates":[[[-37.41183,-7.64235],[-37.40405,-7.65559],[-37.3991,-7.66962],[-37.40704,-7.67114],[-37.41715,-7.65898],[-37.41941,-7.65238],[-37.41183,-7.64235]]]}},{"type":"Feature","properties":{"nome_proje":"PA SERROTE AGUDO"},"geometry":{"type":"Polygon","coordinates":[[[-37.04661,-7.64406],[-37.04831,-7.61954],[-37.07111,-7.6221],[-37.067,-7.60749],[-37.04574,-7.59235],[-37.04257,-7.58557],[-37.02566,-7.58715],[-37.02477,-7.61756],[-37.02042,-7.63189],[-37.01864,-7.65638],[-37.02206,-7.65754],[-37.02887,-7.65125],[-37.02989,-7.65472],[-37.03151,-7.64473],[-37.03791,-7.64696],[-37.04007,-7.64369],[-37.04291,-7.64698],[-37.04661,-7.64406]]]}},{"type":"Feature","properties":{"nome_proje":"PA LAGOA DA OUTRA BANDA"},"geometry":{"type":"Polygon","coordinates":[[[-37.21628,-7.52944],[-37.21908,-7.5111],[-37.21444,-7.51312],[-37.20012,-7.53731],[-37.20327,-7.53909],[-37.20762,-7.53176],[-37.21628,-7.52944]]]}},{"type":"Feature","properties":{"nome_proje":"PA AÇUDINHO"},"geometry":{"type":"Polygon","coordinates":[[[-37.24151,-7.4759],[-37.24177,-7.47959],[-37.23608,-7.48049],[-37.23584,-7.47507],[-37.21971,-7.47139],[-37.20876,-7.48767],[-37.21566,-7.49428],[-37.23089,-7.49811],[-37.2293,-7.49295],[-37.25198,-7.49477],[-37.25701,-7.48716],[-37.24895,-7.48252],[-37.25041,-7.47776],[-37.24151,-7.4759]]]}},{"type":"Feature","properties":{"nome_proje":"PA CACHOEIRA DE MATUREIA"},"geometry":{"type":"Polygon","coordinates":[[[-37.36065,-7.2819],[-37.37145,-7.28891],[-37.37609,-7.28662],[-37.37227,-7.28144],[-37.37315,-7.27481],[-37.36754,-7.2712],[-37.35234,-7.26644],[-37.34375,-7.27338],[-37.34642,-7.27798],[-37.34413,-7.28257],[-37.34859,-7.28677],[-37.36065,-7.2819]]]}},{"type":"Feature","properties":{"nome_proje":"PA PEDRA LAVRADA"},"geometry":{"type":"Polygon","coordinates":[[[-37.31945,-7.25687],[-37.30929,-7.25355],[-37.31108,-7.25981],[-37.30334,-7.25898],[-37.30951,-7.26621],[-37.31997,-7.26475],[-37.31945,-7.25687]]]}},{"type":"Feature","properties":{"nome_proje":"PA 1º DE MAIO"},"geometry":{"type":"Polygon","coordinates":[[[-37.3294,-7.23962],[-37.32549,-7.25415],[-37.33989,-7.26067],[-37.35155,-7.25896],[-37.35168,-7.25645],[-37.33293,-7.24594],[-37.3294,-7.23962]]]}},{"type":"Feature","properties":{"nome_proje":"PA POÇOS DE BAIXO"},"geometry":{"type":"Polygon","coordinates":[[[-37.20565,-7.24568],[-37.19796,-7.23308],[-37.19363,-7.23505],[-37.18882,-7.22854],[-37.1818,-7.23334],[-37.19024,-7.24341],[-37.17974,-7.2456],[-37.18036,-7.25283],[-37.18444,-7.25416],[-37.18604,-7.26115],[-37.19434,-7.26264],[-37.19411,-7.25664],[-37.2014,-7.25795],[-37.20456,-7.25482],[-37.20565,-7.24568]]]}},{"type":"Feature","properties":{"nome_proje":"PA DOM EXPEDITO EDUARDO DE OLIVEIRA"},"geometry":{"type":"Polygon","coordinates":[[[-37.47578,-7.13857],[-37.4383,-7.12952],[-37.4354,-7.16491],[-37.46817,-7.16663],[-37.47578,-7.13857]]]}},{"type":"Feature","properties":{"nome_proje":"PA TUBARÃO"},"geometry":{"type":"Polygon","coordinates":[[[-37.28704,-7.08443],[-37.27745,-7.08757],[-37.27969,-7.09551],[-37.27474,-7.09819],[-37.28881,-7.13129],[-37.30214,-7.12724],[-37.29744,-7.11116],[-37.29903,-7.10446],[-37.29291,-7.0987],[-37.28704,-7.08443]]]}},{"type":"Feature","properties":{"nome_proje":"PA CAMPO COMPRIDO"},"geometry":{"type":"Polygon","coordinates":[[[-37.32501,-7.08686],[-37.3461,-7.0902],[-37.34911,-7.05795],[-37.31372,-7.04982],[-37.31177,-7.05544],[-37.30852,-7.05589],[-37.30488,-7.04906],[-37.28489,-7.04694],[-37.28791,-7.05284],[-37.2926,-7.0526],[-37.29415,-7.06054],[-37.30228,-7.06713],[-37.31446,-7.06916],[-37.32501,-7.08686]]]}},{"type":"Feature","properties":{"nome_proje":"PA AROEIRA"},"geometry":{"type":"Polygon","coordinates":[[[-37.47516,-6.98456],[-37.44705,-6.98112],[-37.44195,-7.0014],[-37.43935,-7.01799],[-37.44435,-7.02037],[-37.46715,-7.0179],[-37.46849,-6.99694],[-37.47516,-6.98456]]]}},{"type":"Feature","properties":{"nome_proje":"PA BOA FÉ"},"geometry":{"type":"Polygon","coordinates":[[[-37.50735,-7.41611],[-37.51764,-7.42915],[-37.51449,-7.42973],[-37.51831,-7.43369],[-37.51554,-7.43837],[-37.52209,-7.44242],[-37.52281,-7.44635],[-37.52992,-7.44698],[-37.52982,-7.43578],[-37.53759,-7.43695],[-37.53352,-7.41902],[-37.51925,-7.41828],[-37.50774,-7.4106],[-37.50735,-7.41611]]]}},{"type":"Feature","properties":{"nome_proje":"PA GARRA"},"geometry":{"type":"Polygon","coordinates":[[[-37.51768,-7.39239],[-37.53253,-7.39229],[-37.53264,-7.39978],[-37.54653,-7.40807],[-37.56689,-7.4017],[-37.55821,-7.39316],[-37.55257,-7.39283],[-37.54333,-7.38212],[-37.53026,-7.38312],[-37.52408,-7.38713],[-37.51768,-7.38483],[-37.51768,-7.39239]]]}},{"type":"Feature","properties":{"nome_proje":"PA PADRE LUCIANO DIAS DE MORAIS"},"geometry":{"type":"Polygon","coordinates":[[[-37.64463,-7.19495],[-37.6245,-7.19342],[-37.6108,-7.20348],[-37.60403,-7.21897],[-37.59709,-7.22069],[-37.59559,-7.2251],[-37.58382,-7.22497],[-37.57779,-7.22101],[-37.56613,-7.22755],[-37.56546,-7.23689],[-37.56888,-7.23766],[-37.57001,-7.24427],[-37.58539,-7.23976],[-37.60364,-7.23935],[-37.62047,-7.24779],[-37.62969,-7.23861],[-37.63817,-7.24363],[-37.64453,-7.21903],[-37.64248,-7.21204],[-37.64463,-7.19495]]]}},{"type":"Feature","properties":{"nome_proje":"PA NEGO FUBA"},"geometry":{"type":"Polygon","coordinates":[[[-37.4815,-7.14909],[-37.47332,-7.14641],[-37.46885,-7.16229],[-37.50007,-7.17586],[-37.49804,-7.19034],[-37.52788,-7.19817],[-37.53042,-7.19116],[-37.52649,-7.18264],[-37.53405,-7.17807],[-37.53424,-7.1728],[-37.52997,-7.17012],[-37.53347,-7.1598],[-37.5104,-7.15736],[-37.50684,-7.14863],[-37.4815,-7.14909]]]}},{"type":"Feature","properties":{"nome_proje":"PA NOSSA SENHORA APARECIDA"},"geometry":{"type":"Polygon","coordinates":[[[-37.69686,-7.14817],[-37.69407,-7.12914],[-37.67465,-7.14249],[-37.6683,-7.13419],[-37.66146,-7.14219],[-37.65698,-7.13962],[-37.65932,-7.14873],[-37.651,-7.1622],[-37.65397,-7.1816],[-37.66518,-7.1837],[-37.67954,-7.17972],[-37.69788,-7.18118],[-37.6972,-7.16327],[-37.70129,-7.15709],[-37.69686,-7.14817]]]}},{"type":"Feature","properties":{"nome_proje":"PA SAO SEBASTIAO"},"geometry":{"type":"Polygon","coordinates":[[[-37.60765,-7.17636],[-37.61976,-7.17164],[-37.6207,-7.16338],[-37.61493,-7.15741],[-37.61273,-7.13737],[-37.60951,-7.13287],[-37.60319,-7.13285],[-37.60432,-7.13619],[-37.59986,-7.13722],[-37.59999,-7.1403],[-37.60334,-7.13948],[-37.60765,-7.17636]]]}},{"type":"Feature","properties":{"nome_proje":"PA NOVA CONQUISTA I"},"geometry":{"type":"Polygon","coordinates":[[[-37.67421,-6.90799],[-37.65948,-6.90344],[-37.65494,-6.93147],[-37.66283,-6.93181],[-37.66249,-6.93497],[-37.6762,-6.94244],[-37.68967,-6.94249],[-37.69549,-6.93925],[-37.69092,-6.9295],[-37.6929,-6.92521],[-37.68691,-6.92131],[-37.68399,-6.91425],[-37.68671,-6.90506],[-37.67421,-6.90799]]]}},{"type":"Feature","properties":{"nome_proje":"PA PADRE ACÁCIO CARTAXO ROLIM"},"geometry":{"type":"Polygon","coordinates":[[[-37.54065,-6.80402],[-37.53103,-6.8086],[-37.526,-6.80677],[-37.52653,-6.83272],[-37.5382,-6.83284],[-37.53883,-6.82947],[-37.54424,-6.82799],[-37.5447,-6.83303],[-37.54865,-6.83437],[-37.55454,-6.82683],[-37.55263,-6.81959],[-37.54742,-6.81635],[-37.54792,-6.80955],[-37.54065,-6.80402]]]}},{"type":"Feature","properties":{"nome_proje":"PA JACU"},"geometry":{"type":"Polygon","coordinates":[[[-37.74484,-6.75577],[-37.74869,-6.74593],[-37.73805,-6.74353],[-37.74047,-6.73963],[-37.73616,-6.7371],[-37.7194,-6.74343],[-37.72438,-6.74837],[-37.72059,-6.75238],[-37.70777,-6.74735],[-37.70698,-6.75871],[-37.71489,-6.76326],[-37.71561,-6.77117],[-37.72006,-6.77284],[-37.72255,-6.7689],[-37.72705,-6.76887],[-37.73399,-6.78414],[-37.75768,-6.77693],[-37.75086,-6.76866],[-37.74672,-6.77393],[-37.74847,-6.77741],[-37.73799,-6.77932],[-37.73811,-6.77628],[-37.74917,-6.77052],[-37.73954,-6.76696],[-37.73924,-6.76025],[-37.73073,-6.76368],[-37.7285,-6.76089],[-37.74484,-6.75577]]]}},{"type":"Feature","properties":{"nome_proje":"PA PAXICU"},"geometry":{"type":"Polygon","coordinates":[[[-37.55868,-6.6053],[-37.53164,-6.63541],[-37.53768,-6.64316],[-37.54497,-6.63555],[-37.55957,-6.64844],[-37.57301,-6.63378],[-37.57905,-6.63949],[-37.58486,-6.63415],[-37.5722,-6.62947],[-37.56389,-6.6187],[-37.55868,-6.6053]]]}},{"type":"Feature","properties":{"nome_proje":"PA PATATIVA DO ASSARÉ"},"geometry":{"type":"Polygon","coordinates":[[[-37.35411,-6.90581],[-37.35366,-6.91339],[-37.33857,-6.9184],[-37.33634,-6.92312],[-37.33724,-6.92704],[-37.35128,-6.92879],[-37.3507,-6.94597],[-37.36891,-6.94655],[-37.369,-6.94052],[-37.38243,-6.94596],[-37.37841,-6.95055],[-37.3816,-6.95155],[-37.38587,-6.95058],[-37.38675,-6.94666],[-37.40019,-6.94759],[-37.40074,-6.94219],[-37.40666,-6.94798],[-37.41192,-6.94096],[-37.41658,-6.94317],[-37.41364,-6.93754],[-37.41679,-6.93348],[-37.41421,-6.91937],[-37.40761,-6.92054],[-37.40731,-6.9259],[-37.38821,-6.92414],[-37.39388,-6.91734],[-37.40054,-6.91693],[-37.39966,-6.91395],[-37.36504,-6.90993],[-37.35411,-6.90581]]]}},{"type":"Feature","properties":{"nome_proje":"PA NOSSA SENHORA APARECIDA II"},"geometry":{"type":"Polygon","coordinates":[[[-37.1618,-6.87569],[-37.15706,-6.89965],[-37.16133,-6.90121],[-37.15815,-6.90857],[-37.13503,-6.92668],[-37.14041,-6.93227],[-37.14549,-6.93187],[-37.14647,-6.92761],[-37.19186,-6.93548],[-37.19376,-6.92609],[-37.16829,-6.91706],[-37.17254,-6.90821],[-37.1665,-6.90412],[-37.18166,-6.88876],[-37.16849,-6.87385],[-37.1701,-6.87067],[-37.1618,-6.87569]]]}},{"type":"Feature","properties":{"nome_proje":"PA TIRADENTES I"},"geometry":{"type":"Polygon","coordinates":[[[-37.32988,-6.84642],[-37.32828,-6.84423],[-37.33261,-6.83995],[-37.33771,-6.83869],[-37.29663,-6.82221],[-37.29066,-6.84093],[-37.29274,-6.84575],[-37.30344,-6.84773],[-37.30641,-6.85758],[-37.30527,-6.87126],[-37.31731,-6.8738],[-37.32478,-6.86271],[-37.32263,-6.85491],[-37.32988,-6.84642]]]}},{"type":"Feature","properties":{"nome_proje":"PA NOVO HORIZONTE I"},"geometry":{"type":"Polygon","coordinates":[[[-37.01202,-6.83038],[-36.9913,-6.8439],[-37.00173,-6.85744],[-37.01391,-6.85571],[-37.01904,-6.85999],[-37.02412,-6.85816],[-37.02308,-6.85454],[-37.02625,-6.85188],[-37.0385,-6.8499],[-37.04546,-6.85612],[-37.04772,-6.85173],[-37.05237,-6.8557],[-37.05455,-6.84244],[-37.03876,-6.83238],[-37.03243,-6.82428],[-37.01202,-6.83038]]]}},{"type":"Feature","properties":{"nome_proje":"PA SACO DO MONTE/BELMONTE"},"geometry":{"type":"Polygon","coordinates":[[[-37.11179,-6.85676],[-37.11676,-6.84501],[-37.10949,-6.84087],[-37.09872,-6.82272],[-37.08795,-6.83964],[-37.08783,-6.85248],[-37.09344,-6.84732],[-37.09613,-6.85204],[-37.11179,-6.85676]]]}},{"type":"Feature","properties":{"nome_proje":"PA MUNDO NOVO"},"geometry":{"type":"Polygon","coordinates":[[[-37.06273,-6.83082],[-37.06231,-6.84619],[-37.07739,-6.85963],[-37.09883,-6.82273],[-37.09165,-6.81615],[-37.06273,-6.83082]]]}},{"type":"Feature","properties":{"nome_proje":"PA OSIEL ALVES"},"geometry":{"type":"Polygon","coordinates":[[[-37.3346,-6.82163],[-37.29419,-6.80047],[-37.29258,-6.80431],[-37.30098,-6.80864],[-37.29661,-6.82218],[-37.33766,-6.83865],[-37.32824,-6.84418],[-37.33064,-6.84718],[-37.34034,-6.84083],[-37.33763,-6.83277],[-37.3399,-6.82878],[-37.3346,-6.82163]]]}},{"type":"Feature","properties":{"nome_proje":"PA CACHOEIRA"},"geometry":{"type":"Polygon","coordinates":[[[-37.30166,-6.78296],[-37.29424,-6.80051],[-37.33469,-6.82175],[-37.33992,-6.82885],[-37.37324,-6.83153],[-37.37263,-6.82107],[-37.3448,-6.80738],[-37.34872,-6.79621],[-37.32326,-6.78609],[-37.32108,-6.79088],[-37.30166,-6.78296]]]}},{"type":"Feature","properties":{"nome_proje":"PA NOVA ESPINHARAS"},"geometry":{"type":"Polygon","coordinates":[[[-37.25562,-6.80791],[-37.25234,-6.81415],[-37.2436,-6.81701],[-37.25372,-6.82585],[-37.22953,-6.82272],[-37.2309,-6.82847],[-37.2524,-6.83147],[-37.25085,-6.83724],[-37.26629,-6.84093],[-37.26879,-6.82107],[-37.25879,-6.81769],[-37.25811,-6.81295],[-37.27294,-6.81238],[-37.27233,-6.81711],[-37.27927,-6.82441],[-37.29659,-6.82229],[-37.30099,-6.80869],[-37.29258,-6.80435],[-37.30362,-6.77829],[-37.28875,-6.77245],[-37.27613,-6.7958],[-37.28119,-6.79852],[-37.28042,-6.80504],[-37.25903,-6.81054],[-37.25562,-6.80791]]]}},{"type":"Feature","properties":{"nome_proje":"PA NOVA SANTANA"},"geometry":{"type":"Polygon","coordinates":[[[-37.3941,-6.80861],[-37.42388,-6.80436],[-37.42646,-6.80766],[-37.427,-6.79544],[-37.38397,-6.78587],[-37.38268,-6.79422],[-37.37793,-6.7991],[-37.38125,-6.80601],[-37.3941,-6.80861]]]}},{"type":"Feature","properties":{"nome_proje":"PA MARIA DA PAZ"},"geometry":{"type":"Polygon","coordinates":[[[-37.37365,-6.69801],[-37.33594,-6.69152],[-37.31805,-6.69807],[-37.32625,-6.74158],[-37.35182,-6.74458],[-37.35349,-6.73481],[-37.36169,-6.72999],[-37.35486,-6.71019],[-37.37339,-6.71444],[-37.37365,-6.69801]]]}},{"type":"Feature","properties":{"nome_proje":"PA BOM FUTURO"},"geometry":{"type":"Polygon","coordinates":[[[-37.44681,-5.94227],[-37.46324,-5.94335],[-37.46279,-5.93464],[-37.45707,-5.93176],[-37.45499,-5.92455],[-37.42789,-5.92585],[-37.43116,-5.93235],[-37.42006,-5.94486],[-37.42948,-5.95892],[-37.44681,-5.94227]]]}},{"type":"Feature","properties":{"nome_proje":"PA RONALDO VALÊNÇA"},"geometry":{"type":"Polygon","coordinates":[[[-37.26998,-5.76859],[-37.23266,-5.80353],[-37.23026,-5.79932],[-37.18723,-5.82575],[-37.19912,-5.83418],[-37.23155,-5.81348],[-37.24012,-5.82765],[-37.27431,-5.7967],[-37.27055,-5.78491],[-37.27456,-5.78115],[-37.26998,-5.76859]]]}},{"type":"Feature","properties":{"nome_proje":"PA ESTRELA DO OESTE"},"geometry":{"type":"Polygon","coordinates":[[[-37.15278,-5.70035],[-37.14152,-5.68313],[-37.13879,-5.68341],[-37.13731,-5.67344],[-37.1276,-5.67986],[-37.12641,-5.6692],[-37.12378,-5.6707],[-37.12498,-5.6816],[-37.09925,-5.69936],[-37.107,-5.70571],[-37.09982,-5.71043],[-37.10041,-5.71295],[-37.11675,-5.72925],[-37.13653,-5.71655],[-37.13229,-5.71231],[-37.15278,-5.70035]]]}},{"type":"Feature","properties":{"nome_proje":"PA 1º DE MAIO"},"geometry":{"type":"Polygon","coordinates":[[[-37.48421,-5.66238],[-37.45852,-5.66217],[-37.46176,-5.69104],[-37.48789,-5.68821],[-37.49009,-5.67657],[-37.48437,-5.67151],[-37.48421,-5.66238]]]}},{"type":"Feature","properties":{"nome_proje":"PA ESPERANÇA"},"geometry":{"type":"Polygon","coordinates":[[[-37.31267,-5.65895],[-37.31048,-5.65013],[-37.2793,-5.65445],[-37.27884,-5.66033],[-37.27523,-5.65986],[-37.27474,-5.67225],[-37.28926,-5.67754],[-37.3,-5.67576],[-37.30089,-5.68119],[-37.30631,-5.68075],[-37.3072,-5.68591],[-37.35276,-5.69219],[-37.35147,-5.67139],[-37.31267,-5.65895]]]}},{"type":"Feature","properties":{"nome_proje":"PA SALGADO"},"geometry":{"type":"Polygon","coordinates":[[[-37.17891,-5.63417],[-37.14825,-5.66412],[-37.13697,-5.66155],[-37.12926,-5.65484],[-37.12157,-5.65823],[-37.1241,-5.66507],[-37.12114,-5.66824],[-37.09824,-5.68124],[-37.09351,-5.68817],[-37.09246,-5.69199],[-37.097,-5.70093],[-37.12508,-5.68168],[-37.1239,-5.67073],[-37.12655,-5.66928],[-37.12774,-5.67993],[-37.13741,-5.67352],[-37.13677,-5.66878],[-37.15527,-5.67359],[-37.15974,-5.68274],[-37.17081,-5.68078],[-37.17148,-5.67469],[-37.18789,-5.67808],[-37.18817,-5.66795],[-37.16348,-5.6625],[-37.1638,-5.65997],[-37.15929,-5.6585],[-37.18163,-5.63698],[-37.17891,-5.63417]]]}},{"type":"Feature","properties":{"nome_proje":"PA BOM LUGAR"},"geometry":{"type":"Polygon","coordinates":[[[-37.14274,-5.62174],[-37.13761,-5.61502],[-37.1246,-5.57632],[-37.10136,-5.57669],[-37.08358,-5.60825],[-37.07757,-5.61195],[-37.08096,-5.62895],[-37.11289,-5.65155],[-37.14274,-5.62174]]]}},{"type":"Feature","properties":{"nome_proje":"PA BAIXA DO DUTRA"},"geometry":{"type":"Polygon","coordinates":[[[-37.17038,-5.59666],[-37.17432,-5.59742],[-37.1711,-5.60515],[-37.1197,-5.65562],[-37.12136,-5.65811],[-37.12546,-5.65828],[-37.16765,-5.61668],[-37.17495,-5.62322],[-37.1806,-5.59505],[-37.19515,-5.5742],[-37.18994,-5.5662],[-37.17038,-5.59666]]]}},{"type":"Feature","properties":{"nome_proje":"PA PROFESSOR MAURICIO DE OLIVEIRA"},"geometry":{"type":"MultiPolygon","coordinates":[[[[-37.00609,-5.58186],[-37.02621,-5.57695],[-37.02423,-5.54557],[-37.02113,-5.54545],[-37.01563,-5.53691],[-37.014,-5.54144],[-37.01178,-5.5398],[-37.00609,-5.58186]]],[[[-37.03226,-5.65425],[-37.02279,-5.63642],[-37.01153,-5.62691],[-37.02244,-5.62158],[-37.01881,-5.60945],[-37.02668,-5.60775],[-37.02472,-5.57844],[-37.00602,-5.58251],[-37.00375,-5.59862],[-36.99758,-5.59688],[-36.9955,-5.61174],[-36.99324,-5.6122],[-36.99205,-5.59539],[-36.98487,-5.59347],[-36.98256,-5.60927],[-36.97879,-5.61011],[-36.98223,-5.58903],[-36.97197,-5.58903],[-36.97045,-5.59911],[-36.98095,-5.61828],[-36.98487,-5.61723],[-36.99073,-5.62343],[-36.9969,-5.63862],[-37.01243,-5.64093],[-37.02507,-5.65187],[-37.02737,-5.66005],[-37.03226,-5.65425]]]]}},{"type":"Feature","properties":{"nome_proje":"PA CURRALINHO"},"geometry":{"type":"Polygon","coordinates":[[[-37.59019,-6.57013],[-37.55865,-6.60526],[-37.56661,-6.62295],[-37.58915,-6.59656],[-37.59483,-6.59645],[-37.59627,-6.5901],[-37.60498,-6.58041],[-37.59019,-6.57013]]]}},{"type":"Feature","properties":{"nome_proje":"PA FREI DIMAS"},"geometry":{"type":"Polygon","coordinates":[[[-37.71705,-6.26954],[-37.71094,-6.29563],[-37.72342,-6.29601],[-37.72779,-6.29892],[-37.7361,-6.29608],[-37.74567,-6.30323],[-37.77538,-6.30109],[-37.77507,-6.29007],[-37.76288,-6.28656],[-37.76234,-6.27556],[-37.75145,-6.28243],[-37.73864,-6.28343],[-37.73364,-6.28071],[-37.72853,-6.28327],[-37.72627,-6.27505],[-37.71705,-6.26954]]]}},{"type":"Feature","properties":{"nome_proje":"PA MARAVILHA"},"geometry":{"type":"Polygon","coordinates":[[[-37.63807,-5.95345],[-37.65148,-5.95311],[-37.6514,-5.9468],[-37.65546,-5.94684],[-37.67264,-5.93485],[-37.66569,-5.91986],[-37.64771,-5.92851],[-37.64392,-5.92623],[-37.64394,-5.9197],[-37.62068,-5.91972],[-37.62085,-5.9264],[-37.63744,-5.92629],[-37.63807,-5.95345]]]}},{"type":"Feature","properties":{"nome_proje":"PA JOSÉ SOTERO DA SILVA"},"geometry":{"type":"Polygon","coordinates":[[[-37.52739,-5.88086],[-37.52417,-5.90576],[-37.53254,-5.91554],[-37.53465,-5.9247],[-37.53024,-5.93098],[-37.53927,-5.93474],[-37.5472,-5.91494],[-37.53931,-5.91197],[-37.53666,-5.90316],[-37.53883,-5.90039],[-37.53381,-5.89661],[-37.53359,-5.89269],[-37.53542,-5.88671],[-37.54497,-5.88272],[-37.55263,-5.88461],[-37.57212,-5.88075],[-37.56461,-5.84886],[-37.551,-5.8579],[-37.54291,-5.85168],[-37.53866,-5.86793],[-37.52739,-5.88086]]]}},{"type":"Feature","properties":{"nome_proje":"PA PETROLINA"},"geometry":{"type":"Polygon","coordinates":[[[-37.51081,-5.73159],[-37.48533,-5.74051],[-37.49671,-5.76626],[-37.51459,-5.76455],[-37.51081,-5.73159]]]}},{"type":"Feature","properties":{"nome_proje":"PA NOVE DE OUTUBRO"},"geometry":{"type":"Polygon","coordinates":[[[-37.52891,-5.67369],[-37.51497,-5.67392],[-37.51497,-5.6788],[-37.50169,-5.67929],[-37.50283,-5.68311],[-37.50043,-5.68417],[-37.50499,-5.69047],[-37.51162,-5.69026],[-37.5113,-5.69321],[-37.50118,-5.69917],[-37.50205,-5.70724],[-37.51557,-5.70163],[-37.51669,-5.6984],[-37.53419,-5.70646],[-37.53626,-5.69902],[-37.53365,-5.69793],[-37.53606,-5.69586],[-37.52415,-5.69256],[-37.54953,-5.68867],[-37.5489,-5.68351],[-37.53501,-5.68416],[-37.53484,-5.67958],[-37.52894,-5.67963],[-37.52891,-5.67369]]]}},{"type":"Feature","properties":{"nome_proje":"PA SANTA AGOSTINHA"},"geometry":{"type":"Polygon","coordinates":[[[-37.62011,-5.66828],[-37.63545,-5.68931],[-37.64521,-5.68172],[-37.63863,-5.67305],[-37.64116,-5.67159],[-37.63602,-5.66137],[-37.62011,-5.66828]]]}},{"type":"Feature","properties":{"nome_proje":"PA URSULINA"},"geometry":{"type":"Polygon","coordinates":[[[-37.63603,-5.66104],[-37.63044,-5.65006],[-37.58563,-5.67137],[-37.58729,-5.6815],[-37.63603,-5.66104]]]}},{"type":"Feature","properties":{"nome_proje":"PA 8 DE MARÇO"},"geometry":{"type":"Polygon","coordinates":[[[-37.57817,-5.63618],[-37.53207,-5.63727],[-37.53325,-5.64204],[-37.52448,-5.64456],[-37.49544,-5.64771],[-37.49642,-5.65669],[-37.53182,-5.6556],[-37.53215,-5.64993],[-37.54309,-5.64955],[-37.53997,-5.64247],[-37.58269,-5.63949],[-37.57817,-5.63618]]]}},{"type":"Feature","properties":{"nome_proje":"PA MARIA CLEIDE DA SILVA"},"geometry":{"type":"MultiPolygon","coordinates":[[[[-37.58764,-5.45587],[-37.59019,-5.45497],[-37.59248,-5.45267],[-37.59587,-5.45104],[-37.60023,-5.45105],[-37.60618,-5.45233],[-37.60716,-5.45288],[-37.63326,-5.43593],[-37.62447,-5.42524],[-37.58357,-5.45018],[-37.58764,-5.45587]]],[[[-37.59372,-5.46163],[-37.60372,-5.45513],[-37.60699,-5.45299],[-37.59589,-5.45122],[-37.5895,-5.45556],[-37.58571,-5.45658],[-37.59372,-5.46163]]]]}},{"type":"Feature","properties":{"nome_proje":"PA SERRA DO MEIO"},"geometry":{"type":"Polygon","coordinates":[[[-36.71687,-6.0394],[-36.71875,-6.04736],[-36.70977,-6.04774],[-36.70523,-6.02752],[-36.6965,-6.03006],[-36.69886,-6.05796],[-36.70604,-6.06827],[-36.73362,-6.06625],[-36.73385,-6.07126],[-36.7385,-6.07142],[-36.74522,-6.08003],[-36.74506,-6.08313],[-36.74151,-6.08376],[-36.74816,-6.09349],[-36.73265,-6.09533],[-36.73488,-6.09886],[-36.75311,-6.10251],[-36.75659,-6.09597],[-36.75003,-6.09612],[-36.74886,-6.08293],[-36.77364,-6.07955],[-36.76747,-6.06856],[-36.76198,-6.03179],[-36.71687,-6.0394]]]}},{"type":"Feature","properties":{"nome_proje":"PA SANTA CLARA II"},"geometry":{"type":"Polygon","coordinates":[[[-36.35548,-6.01186],[-36.35336,-6.02751],[-36.34911,-6.0305],[-36.34743,-6.03968],[-36.35042,-6.03845],[-36.349,-6.03545],[-36.35995,-6.03183],[-36.3584,-6.0344],[-36.35656,-6.04327],[-36.35483,-6.04494],[-36.35734,-6.0503],[-36.37566,-6.06254],[-36.3744,-6.07113],[-36.36839,-6.07203],[-36.36033,-6.05767],[-36.34877,-6.04925],[-36.34327,-6.05414],[-36.34732,-6.0747],[-36.29974,-6.08863],[-36.30728,-6.10242],[-36.32744,-6.10488],[-36.34847,-6.09517],[-36.35719,-6.09668],[-36.36118,-6.08475],[-36.37548,-6.08697],[-36.38903,-6.07777],[-36.39559,-6.0474],[-36.37822,-6.05202],[-36.36689,-6.04475],[-36.36258,-6.04667],[-36.35977,-6.03224],[-36.36859,-6.02313],[-36.36745,-6.02098],[-36.36358,-6.02375],[-36.36219,-6.01423],[-36.35548,-6.01186]]]}},{"type":"Feature","properties":{"nome_proje":"PA SERRANO"},"geometry":{"type":"Polygon","coordinates":[[[-36.51916,-6.05423],[-36.51276,-6.04571],[-36.52276,-6.04174],[-36.52264,-6.03251],[-36.51822,-6.02143],[-36.50793,-6.01936],[-36.50569,-6.02404],[-36.51408,-6.02289],[-36.51677,-6.03474],[-36.50837,-6.0388],[-36.509,-6.04663],[-36.50379,-6.04642],[-36.49672,-6.06963],[-36.51992,-6.07673],[-36.52717,-6.05205],[-36.51916,-6.05423]]]}},{"type":"Feature","properties":{"nome_proje":"PA JATUARANA"},"geometry":{"type":"Polygon","coordinates":[[[-36.44966,-5.98068],[-36.45394,-5.99669],[-36.45659,-5.99567],[-36.46383,-6.00452],[-36.46058,-6.00298],[-36.45556,-6.00866],[-36.45763,-6.01697],[-36.48541,-6.00759],[-36.48927,-6.00912],[-36.4921,-6.00603],[-36.49424,-5.99214],[-36.48415,-5.98254],[-36.46706,-5.99747],[-36.46687,-6.00134],[-36.45668,-5.99561],[-36.47169,-5.98098],[-36.47066,-5.97646],[-36.45146,-5.96741],[-36.44966,-5.98068]]]}},{"type":"Feature","properties":{"nome_proje":"PA SÃO FRANCISCO"},"geometry":{"type":"Polygon","coordinates":[[[-36.30296,-5.97661],[-36.30678,-5.9882],[-36.31286,-5.98518],[-36.31958,-5.99626],[-36.33351,-5.99076],[-36.33197,-5.98832],[-36.33785,-5.99014],[-36.33828,-5.97659],[-36.30554,-5.97323],[-36.30296,-5.97661]]]}},{"type":"Feature","properties":{"nome_proje":"PA ENTRE SANTOS/SANTO ANTONIO"},"geometry":{"type":"Polygon","coordinates":[[[-36.91281,-5.97518],[-36.88556,-5.95284],[-36.87004,-5.97088],[-36.89778,-5.99342],[-36.91281,-5.97518]]]}},{"type":"Feature","properties":{"nome_proje":"PA PALESTINA"},"geometry":{"type":"Polygon","coordinates":[[[-36.75197,-5.94969],[-36.76237,-5.96835],[-36.776,-5.96868],[-36.77715,-5.97411],[-36.78702,-5.96746],[-36.79125,-5.97181],[-36.8002,-5.96932],[-36.79817,-5.95747],[-36.81022,-5.9454],[-36.81507,-5.92906],[-36.81584,-5.91858],[-36.81172,-5.91024],[-36.76452,-5.92786],[-36.76477,-5.93247],[-36.75197,-5.94969]]]}},{"type":"Feature","properties":{"nome_proje":"PA SERROTE/SERRA BRANCA"},"geometry":{"type":"MultiPolygon","coordinates":[[[[-36.8143,-5.85271],[-36.76645,-5.86309],[-36.76199,-5.8864],[-36.76296,-5.89411],[-36.76676,-5.89718],[-36.76425,-5.92361],[-36.81172,-5.90796],[-36.82428,-5.92378],[-36.82787,-5.91956],[-36.83041,-5.92159],[-36.8365,-5.91741],[-36.85055,-5.93027],[-36.85294,-5.92834],[-36.85181,-5.91599],[-36.84425,-5.89529],[-36.84459,-5.89028],[-36.84689,-5.88241],[-36.83641,-5.87318],[-36.82997,-5.85945],[-36.8143,-5.85271]]],[[[-36.85903,-5.88708],[-36.84725,-5.88249],[-36.84462,-5.89529],[-36.85212,-5.91574],[-36.85329,-5.92805],[-36.87625,-5.91913],[-36.86334,-5.91076],[-36.86309,-5.89517],[-36.85903,-5.88708]]]]}},{"type":"Feature","properties":{"nome_proje":"PA UMBURANAS"},"geometry":{"type":"Polygon","coordinates":[[[-36.31302,-5.85344],[-36.29739,-5.85808],[-36.3021,-5.87471],[-36.3099,-5.8725],[-36.31346,-5.88486],[-36.3224,-5.88202],[-36.31302,-5.85344]]]}},{"type":"Feature","properties":{"nome_proje":"PA SANTA ROSA"},"geometry":{"type":"Polygon","coordinates":[[[-36.28154,-5.86136],[-36.31175,-5.85382],[-36.30186,-5.8125],[-36.27804,-5.82828],[-36.2762,-5.83698],[-36.28154,-5.86136]]]}},{"type":"Feature","properties":{"nome_proje":"PA ARARAS"},"geometry":{"type":"Polygon","coordinates":[[[-37.93458,-7.92267],[-37.92675,-7.94125],[-37.93613,-7.94545],[-37.93816,-7.95342],[-37.94663,-7.95477],[-37.95439,-7.93627],[-37.9363,-7.92916],[-37.93458,-7.92267]]]}},{"type":"Feature","properties":{"nome_proje":"PA BORBOREMA"},"geometry":{"type":"Polygon","coordinates":[[[-37.91118,-7.73705],[-37.89466,-7.74187],[-37.89426,-7.74498],[-37.897,-7.75152],[-37.90594,-7.75459],[-37.90968,-7.76299],[-37.91504,-7.76399],[-37.9194,-7.76111],[-37.91591,-7.7581],[-37.92187,-7.7426],[-37.91118,-7.73705]]]}},{"type":"Feature","properties":{"nome_proje":"PA MAE RAINHA I"},"geometry":{"type":"Polygon","coordinates":[[[-37.8812,-7.31501],[-37.8757,-7.31714],[-37.86241,-7.30701],[-37.8465,-7.30138],[-37.84114,-7.30453],[-37.83732,-7.31556],[-37.84418,-7.31938],[-37.85128,-7.31865],[-37.8535,-7.32439],[-37.86117,-7.32968],[-37.8649,-7.32862],[-37.8793,-7.33561],[-37.90364,-7.32104],[-37.90325,-7.31808],[-37.8812,-7.31501]]]}},{"type":"Feature","properties":{"nome_proje":"PA CRISTO REDENTOR"},"geometry":{"type":"Polygon","coordinates":[[[-38.13638,-7.23659],[-38.12483,-7.22947],[-38.12116,-7.22978],[-38.1302,-7.24333],[-38.13614,-7.24231],[-38.13638,-7.23659]]]}},{"type":"Feature","properties":{"nome_proje":"PA JUAZEIRO I"},"geometry":{"type":"Polygon","coordinates":[[[-37.80193,-7.18978],[-37.80128,-7.20076],[-37.81719,-7.21658],[-37.81389,-7.2312],[-37.83107,-7.22963],[-37.83176,-7.2236],[-37.82307,-7.20512],[-37.81986,-7.18578],[-37.81611,-7.18452],[-37.80193,-7.18978]]]}},{"type":"Feature","properties":{"nome_proje":"PA MORADA NOVA"},"geometry":{"type":"Polygon","coordinates":[[[-38.06526,-6.94491],[-38.06119,-6.94912],[-38.04515,-6.94781],[-38.0468,-6.95939],[-38.07924,-6.96547],[-38.07944,-6.96914],[-38.09539,-6.97191],[-38.0965,-6.98047],[-38.09995,-6.97986],[-38.10277,-6.96931],[-38.09147,-6.96614],[-38.09109,-6.96203],[-38.07922,-6.96145],[-38.07788,-6.94422],[-38.06526,-6.94491]]]}},{"type":"Feature","properties":{"nome_proje":"PA SARAPO"},"geometry":{"type":"Polygon","coordinates":[[[-38.01809,-6.88669],[-38.00936,-6.88451],[-38.00477,-6.89189],[-38.00451,-6.92051],[-38.03013,-6.91345],[-38.03042,-6.90861],[-38.038,-6.90409],[-38.0364,-6.89747],[-38.02611,-6.8988],[-38.01809,-6.88669]]]}},{"type":"Feature","properties":{"nome_proje":"PA ANGELICA II"},"geometry":{"type":"Polygon","coordinates":[[[-38.15364,-6.87311],[-38.14721,-6.85692],[-38.14051,-6.85572],[-38.13667,-6.85565],[-38.13583,-6.86618],[-38.13143,-6.86454],[-38.12935,-6.89476],[-38.13904,-6.89663],[-38.14025,-6.90854],[-38.15374,-6.89665],[-38.14608,-6.88926],[-38.14623,-6.88221],[-38.1518,-6.88078],[-38.15364,-6.87311]]]}},{"type":"Feature","properties":{"nome_proje":"PA FLORESTA"},"geometry":{"type":"Polygon","coordinates":[[[-38.15948,-6.85637],[-38.16066,-6.83574],[-38.15492,-6.83424],[-38.14016,-6.84162],[-38.13726,-6.83754],[-38.13706,-6.84103],[-38.13389,-6.84107],[-38.13343,-6.85456],[-38.15948,-6.85637]]]}},{"type":"Feature","properties":{"nome_proje":"PA ACAUÃ"},"geometry":{"type":"Polygon","coordinates":[[[-38.09564,-6.82645],[-38.09752,-6.81527],[-38.09253,-6.81194],[-38.09716,-6.80635],[-38.09391,-6.80507],[-38.08779,-6.80719],[-38.09257,-6.82228],[-38.09011,-6.82337],[-38.08445,-6.81092],[-38.06633,-6.814],[-38.05598,-6.82809],[-38.05204,-6.84458],[-38.05428,-6.84907],[-38.04712,-6.85161],[-38.04455,-6.86608],[-38.04816,-6.86732],[-38.04969,-6.87319],[-38.08283,-6.88055],[-38.08006,-6.85885],[-38.08985,-6.84722],[-38.09178,-6.82747],[-38.09564,-6.82645]],[[-38.09257,-6.81244],[-38.09257,-6.81244],[-38.09257,-6.81244],[-38.09257,-6.81244]]]}},{"type":"Feature","properties":{"nome_proje":"PA LAMPIÃO"},"geometry":{"type":"Polygon","coordinates":[[[-38.26771,-7.52051],[-38.26467,-7.52473],[-38.25889,-7.52327],[-38.25516,-7.52734],[-38.25132,-7.52435],[-38.23602,-7.53159],[-38.23471,-7.53738],[-38.24547,-7.54515],[-38.24292,-7.54848],[-38.24537,-7.55861],[-38.26199,-7.56062],[-38.25861,-7.55228],[-38.28044,-7.55568],[-38.27935,-7.54439],[-38.28351,-7.54298],[-38.28567,-7.53372],[-38.26771,-7.52051]]]}},{"type":"Feature","properties":{"nome_proje":"PA CABANO"},"geometry":{"type":"Polygon","coordinates":[[[-38.29373,-7.46567],[-38.27078,-7.44695],[-38.26234,-7.45435],[-38.26096,-7.46225],[-38.25693,-7.4657],[-38.25798,-7.47934],[-38.26638,-7.48125],[-38.27951,-7.47893],[-38.28823,-7.48378],[-38.29356,-7.47989],[-38.29134,-7.4723],[-38.29373,-7.46567]]]}},{"type":"Feature","properties":{"nome_proje":"PA SANTA CECILIA"},"geometry":{"type":"Polygon","coordinates":[[[-38.55191,-7.02528],[-38.54159,-7.01847],[-38.54224,-7.01497],[-38.5382,-7.01102],[-38.53094,-7.01347],[-38.53389,-7.01655],[-38.53296,-7.02829],[-38.54301,-7.02852],[-38.54798,-7.03306],[-38.55191,-7.02528]]]}},{"type":"Feature","properties":{"nome_proje":"PA MAE RAINHA"},"geometry":{"type":"Polygon","coordinates":[[[-38.52264,-6.97661],[-38.52609,-6.97118],[-38.52376,-6.96999],[-38.5143,-6.97367],[-38.51186,-6.99842],[-38.51701,-6.99437],[-38.52737,-6.99783],[-38.51879,-6.99297],[-38.5286,-6.99192],[-38.52381,-6.98843],[-38.52982,-6.9849],[-38.5303,-6.98053],[-38.52264,-6.97661]]]}},{"type":"Feature","properties":{"nome_proje":"PA VALDECI SANTIAGO"},"geometry":{"type":"Polygon","coordinates":[[[-38.49982,-7.00855],[-38.51106,-7.00857],[-38.50907,-6.99893],[-38.51181,-6.99864],[-38.51427,-6.97365],[-38.50055,-6.95635],[-38.49045,-6.95843],[-38.47429,-6.95389],[-38.47264,-6.97438],[-38.47908,-6.97719],[-38.47727,-6.98758],[-38.48293,-6.98927],[-38.4809,-6.99292],[-38.4893,-6.99518],[-38.48949,-7.00435],[-38.49982,-7.00855]]]}},{"type":"Feature","properties":{"nome_proje":"PA FREI BEDA"},"geometry":{"type":"Polygon","coordinates":[[[-38.59824,-6.94052],[-38.60098,-6.96562],[-38.5956,-6.9702],[-38.61863,-6.97146],[-38.61801,-6.96299],[-38.62271,-6.96142],[-38.62121,-6.95438],[-38.62511,-6.95383],[-38.62442,-6.94391],[-38.61758,-6.93895],[-38.61182,-6.93891],[-38.59824,-6.94052]]]}},{"type":"Feature","properties":{"nome_proje":"PA EDVALDO SEBASTIÃO"},"geometry":{"type":"Polygon","coordinates":[[[-38.49377,-6.94603],[-38.48625,-6.93696],[-38.47473,-6.93914],[-38.47392,-6.94655],[-38.47812,-6.94545],[-38.47739,-6.9542],[-38.48786,-6.95706],[-38.49377,-6.94603]]]}},{"type":"Feature","properties":{"nome_proje":"PA FREI DAMIÃO I"},"geometry":{"type":"Polygon","coordinates":[[[-38.48776,-6.89857],[-38.49469,-6.90686],[-38.49214,-6.90733],[-38.49289,-6.91097],[-38.50081,-6.91576],[-38.51506,-6.91538],[-38.51827,-6.90347],[-38.51537,-6.90283],[-38.5161,-6.89891],[-38.48776,-6.89857]]]}},{"type":"Feature","properties":{"nome_proje":"PA SANTO ANTÔNIO"},"geometry":{"type":"Polygon","coordinates":[[[-38.45426,-6.88497],[-38.47256,-6.91344],[-38.49181,-6.90378],[-38.48648,-6.89849],[-38.49011,-6.89495],[-38.46835,-6.88443],[-38.4613,-6.88892],[-38.46041,-6.88328],[-38.45426,-6.88497]]]}},{"type":"Feature","properties":{"nome_proje":"PA SÃO FRANCISCO II"},"geometry":{"type":"Polygon","coordinates":[[[-38.7163,-6.9074],[-38.72985,-6.90233],[-38.72833,-6.88605],[-38.71907,-6.88668],[-38.71886,-6.88421],[-38.72491,-6.88401],[-38.72344,-6.87908],[-38.70293,-6.87861],[-38.70205,-6.88741],[-38.708,-6.88642],[-38.70761,-6.88999],[-38.7048,-6.8899],[-38.70605,-6.89469],[-38.71268,-6.89826],[-38.7163,-6.9074]]]}},{"type":"Feature","properties":{"nome_proje":"PA NOVA VITORIA"},"geometry":{"type":"Polygon","coordinates":[[[-37.98671,-6.79658],[-37.97807,-6.79821],[-37.96977,-6.81036],[-37.9728,-6.81721],[-37.96624,-6.82837],[-37.96493,-6.84657],[-37.96844,-6.84648],[-37.967,-6.84219],[-37.9717,-6.84248],[-37.97764,-6.82945],[-37.97344,-6.82696],[-37.97903,-6.82659],[-37.98055,-6.82369],[-37.98671,-6.79658]]]}},{"type":"Feature","properties":{"nome_proje":"PA MARGARIDA MARIA ALVES"},"geometry":{"type":"Polygon","coordinates":[[[-37.8316,-6.77691],[-37.84371,-6.79804],[-37.85527,-6.80387],[-37.85931,-6.79044],[-37.86761,-6.77977],[-37.87335,-6.78333],[-37.87834,-6.77363],[-37.87558,-6.77102],[-37.86093,-6.7737],[-37.86077,-6.76286],[-37.8522,-6.76025],[-37.8316,-6.77691]]]}},{"type":"Feature","properties":{"nome_proje":"PA EMILIANO ZAPATA"},"geometry":{"type":"Polygon","coordinates":[[[-38.17132,-6.77828],[-38.19411,-6.77536],[-38.19552,-6.76256],[-38.16844,-6.76268],[-38.17132,-6.77828]]]}},{"type":"Feature","properties":{"nome_proje":"PA NOVA VIDA I"},"geometry":{"type":"Polygon","coordinates":[[[-38.16914,-6.76558],[-38.16284,-6.76674],[-38.16143,-6.7556],[-38.15093,-6.75605],[-38.14277,-6.76087],[-38.142,-6.77094],[-38.13292,-6.77195],[-38.13199,-6.76483],[-38.12199,-6.76364],[-38.12845,-6.78378],[-38.17085,-6.77839],[-38.16914,-6.76558]]]}},{"type":"Feature","properties":{"nome_proje":"PA PAISSANDU"},"geometry":{"type":"Polygon","coordinates":[[[-37.93371,-6.74357],[-37.93834,-6.73894],[-37.91715,-6.74244],[-37.91808,-6.74598],[-37.92628,-6.74952],[-37.92207,-6.75073],[-37.92257,-6.75705],[-37.91659,-6.76794],[-37.9314,-6.77093],[-37.94066,-6.76662],[-37.93371,-6.74357]]]}},{"type":"Feature","properties":{"nome_proje":"PA VENEZA I"},"geometry":{"type":"Polygon","coordinates":[[[-38.06183,-6.73481],[-38.04781,-6.72465],[-38.0406,-6.72475],[-38.03877,-6.73395],[-38.03172,-6.73316],[-38.03298,-6.72897],[-38.02862,-6.7277],[-38.02544,-6.74324],[-38.05687,-6.74394],[-38.06183,-6.73481]]]}},{"type":"Feature","properties":{"nome_proje":"PA SANTA MONICA"},"geometry":{"type":"Polygon","coordinates":[[[-37.96257,-6.64578],[-37.94646,-6.64359],[-37.94278,-6.64739],[-37.94183,-6.65565],[-37.93034,-6.65815],[-37.92572,-6.66281],[-37.92007,-6.66434],[-37.91281,-6.66014],[-37.91082,-6.67055],[-37.90337,-6.68087],[-37.91784,-6.70481],[-37.93222,-6.70568],[-37.95476,-6.69717],[-37.95133,-6.6902],[-37.95085,-6.67428],[-37.96016,-6.67065],[-37.96257,-6.64578]]]}},{"type":"Feature","properties":{"nome_proje":"PA SANTA MONICA I"},"geometry":{"type":"Polygon","coordinates":[[[-37.93255,-6.61243],[-37.93279,-6.62288],[-37.92222,-6.62192],[-37.91846,-6.63345],[-37.89949,-6.6503],[-37.92007,-6.66434],[-37.94183,-6.65565],[-37.94278,-6.64739],[-37.94646,-6.64359],[-37.96257,-6.64578],[-37.9662,-6.62783],[-37.96098,-6.6171],[-37.94421,-6.61796],[-37.93255,-6.61243]]]}},{"type":"Feature","properties":{"nome_proje":"PA ALTO ALEGRE"},"geometry":{"type":"Polygon","coordinates":[[[-37.78586,-6.56938],[-37.78111,-6.57349],[-37.78221,-6.57792],[-37.78674,-6.57799],[-37.78464,-6.58552],[-37.79102,-6.58768],[-37.79001,-6.59121],[-37.80056,-6.59414],[-37.80437,-6.59406],[-37.80597,-6.58518],[-37.81617,-6.58031],[-37.82758,-6.57963],[-37.82668,-6.57416],[-37.81112,-6.57372],[-37.81133,-6.57053],[-37.80483,-6.57009],[-37.80483,-6.56523],[-37.79649,-6.5652],[-37.79074,-6.57339],[-37.78586,-6.56938]]]}},{"type":"Feature","properties":{"nome_proje":"PA CANTINHO"},"geometry":{"type":"Polygon","coordinates":[[[-37.8631,-6.55168],[-37.85929,-6.5576],[-37.86064,-6.5672],[-37.8576,-6.57474],[-37.86105,-6.58246],[-37.86981,-6.579],[-37.87389,-6.58056],[-37.86347,-6.586],[-37.86595,-6.59059],[-37.87217,-6.58437],[-37.87448,-6.58681],[-37.88065,-6.58319],[-37.87626,-6.57922],[-37.87724,-6.57528],[-37.86856,-6.57622],[-37.86842,-6.55635],[-37.8631,-6.55168]]]}},{"type":"Feature","properties":{"nome_proje":"PA ZEQUINHA"},"geometry":{"type":"Polygon","coordinates":[[[-38.2031,-6.8493],[-38.21014,-6.86568],[-38.20775,-6.86509],[-38.20753,-6.87256],[-38.21127,-6.88824],[-38.22773,-6.89153],[-38.22686,-6.85567],[-38.21572,-6.85533],[-38.21608,-6.85022],[-38.2031,-6.8493]]]}},{"type":"Feature","properties":{"nome_proje":"PA JUAZEIRO"},"geometry":{"type":"Polygon","coordinates":[[[-38.28974,-6.78899],[-38.31785,-6.79703],[-38.316,-6.80325],[-38.32838,-6.80808],[-38.34956,-6.80894],[-38.3495,-6.80411],[-38.36297,-6.80237],[-38.36253,-6.79899],[-38.34838,-6.79602],[-38.34647,-6.7925],[-38.34304,-6.79489],[-38.3385,-6.78956],[-38.28704,-6.78218],[-38.28974,-6.78899]]]}},{"type":"Feature","properties":{"nome_proje":"PA IMACULADA"},"geometry":{"type":"Polygon","coordinates":[[[-38.18835,-6.79046],[-38.18893,-6.79682],[-38.1955,-6.80333],[-38.21123,-6.801],[-38.20969,-6.78419],[-38.20626,-6.78589],[-38.20635,-6.78235],[-38.18835,-6.79046]]]}},{"type":"Feature","properties":{"nome_proje":"PA PADRE CLEIDES"},"geometry":{"type":"Polygon","coordinates":[[[-38.58983,-6.76046],[-38.59419,-6.78731],[-38.59963,-6.7868],[-38.60213,-6.78192],[-38.61575,-6.78248],[-38.63144,-6.77793],[-38.63181,-6.77316],[-38.64123,-6.76357],[-38.62989,-6.76933],[-38.62889,-6.75515],[-38.62397,-6.75282],[-38.60878,-6.75827],[-38.60344,-6.76353],[-38.58983,-6.76046]]]}},{"type":"Feature","properties":{"nome_proje":"PA JATOBÁ"},"geometry":{"type":"Polygon","coordinates":[[[-38.25921,-6.64004],[-38.23152,-6.6517],[-38.24526,-6.67258],[-38.25335,-6.67569],[-38.25645,-6.66493],[-38.26281,-6.6612],[-38.26197,-6.64373],[-38.25921,-6.64004]]]}},{"type":"Feature","properties":{"nome_proje":"PA JERIMUM"},"geometry":{"type":"Polygon","coordinates":[[[-38.21112,-6.54806],[-38.19206,-6.55808],[-38.20721,-6.59064],[-38.22425,-6.58301],[-38.22259,-6.58128],[-38.22866,-6.57777],[-38.2275,-6.5742],[-38.22126,-6.56324],[-38.21619,-6.56166],[-38.21112,-6.54806]]]}},{"type":"Feature","properties":{"nome_proje":"PA BOM JESUS"},"geometry":{"type":"Polygon","coordinates":[[[-38.49787,-6.4451],[-38.4892,-6.43885],[-38.48876,-6.4477],[-38.49402,-6.44622],[-38.49354,-6.45165],[-38.49639,-6.44726],[-38.50423,-6.44481],[-38.51123,-6.44705],[-38.51549,-6.44519],[-38.51282,-6.44097],[-38.51457,-6.43849],[-38.50759,-6.43773],[-38.51056,-6.42288],[-38.49809,-6.42207],[-38.49918,-6.43121],[-38.48363,-6.43066],[-38.48309,-6.4344],[-38.48628,-6.43581],[-38.49781,-6.43596],[-38.50195,-6.44114],[-38.49787,-6.4451]]]}},{"type":"Feature","properties":{"nome_proje":"PA ALEUDO"},"geometry":{"type":"Polygon","coordinates":[[[-38.68276,-6.39814],[-38.6691,-6.40401],[-38.65199,-6.4004],[-38.64721,-6.41481],[-38.6439,-6.41691],[-38.62639,-6.41182],[-38.62257,-6.40703],[-38.62389,-6.40047],[-38.62099,-6.40016],[-38.61766,-6.40507],[-38.61032,-6.40484],[-38.59408,-6.4353],[-38.61113,-6.43668],[-38.61481,-6.44295],[-38.61266,-6.44836],[-38.61684,-6.4528],[-38.62962,-6.4539],[-38.6378,-6.46094],[-38.71918,-6.45858],[-38.71136,-6.43608],[-38.71639,-6.43673],[-38.71682,-6.43067],[-38.7124,-6.43017],[-38.71102,-6.42071],[-38.70092,-6.41941],[-38.69495,-6.39923],[-38.68276,-6.39814]]]}},{"type":"Feature","properties":{"nome_proje":"PA UBERABA"},"geometry":{"type":"Polygon","coordinates":[[[-38.25593,-5.81408],[-38.25871,-5.82747],[-38.28763,-5.83513],[-38.28504,-5.81482],[-38.28764,-5.8076],[-38.26429,-5.8006],[-38.26021,-5.80175],[-38.2615,-5.80771],[-38.25593,-5.81408]]]}},{"type":"Feature","properties":{"nome_proje":"PA OZIEL ALVES"},"geometry":{"type":"Polygon","coordinates":[[[-38.22798,-5.74659],[-38.19791,-5.75103],[-38.19029,-5.74745],[-38.17925,-5.75006],[-38.18064,-5.76464],[-38.18431,-5.76541],[-38.18802,-5.77203],[-38.19826,-5.76987],[-38.19966,-5.77404],[-38.22375,-5.76911],[-38.22266,-5.77903],[-38.24409,-5.78217],[-38.24247,-5.76959],[-38.22366,-5.76667],[-38.22798,-5.74659]]]}},{"type":"Feature","properties":{"nome_proje":"PA JOSE LOURENCO"},"geometry":{"type":"Polygon","coordinates":[[[-38.88871,-7.12358],[-38.85802,-7.11061],[-38.85421,-7.11671],[-38.84695,-7.11999],[-38.85334,-7.12558],[-38.84714,-7.12518],[-38.83047,-7.10549],[-38.83576,-7.09896],[-38.82773,-7.08574],[-38.8224,-7.08884],[-38.82255,-7.10563],[-38.8275,-7.10545],[-38.83831,-7.1377],[-38.8363,-7.14222],[-38.84052,-7.14672],[-38.84244,-7.14366],[-38.84719,-7.14438],[-38.8499,-7.15569],[-38.86244,-7.15527],[-38.86671,-7.15829],[-38.86879,-7.16666],[-38.87126,-7.15913],[-38.89693,-7.15652],[-38.89799,-7.15119],[-38.90476,-7.14742],[-38.90377,-7.14211],[-38.88898,-7.13079],[-38.88871,-7.12358]]]}},{"type":"Feature","properties":{"nome_proje":"PA SERRA VERDE"},"geometry":{"type":"Polygon","coordinates":[[[-39.32822,-6.90196],[-39.3321,-6.92068],[-39.32406,-6.91891],[-39.3233,-6.92197],[-39.32746,-6.92334],[-39.32465,-6.92796],[-39.3324,-6.9335],[-39.35612,-6.94154],[-39.34884,-6.9626],[-39.39279,-6.9839],[-39.42537,-6.94964],[-39.4033,-6.93078],[-39.3761,-6.91886],[-39.37854,-6.92676],[-39.3392,-6.91508],[-39.33566,-6.90808],[-39.33705,-6.89981],[-39.32822,-6.90196]]]}},{"type":"Feature","properties":{"nome_proje":"PA OLHO D AGUA II"},"geometry":{"type":"Polygon","coordinates":[[[-39.1528,-6.66619],[-39.1262,-6.66418],[-39.12257,-6.66554],[-39.12021,-6.67469],[-39.14708,-6.68401],[-39.14635,-6.69111],[-39.15177,-6.69226],[-39.1528,-6.66619]]]}},{"type":"Feature","properties":{"nome_proje":"PA BOM LUGAR"},"geometry":{"type":"Polygon","coordinates":[[[-38.92824,-6.43825],[-38.929,-6.45482],[-38.93863,-6.45883],[-38.93824,-6.44851],[-38.9419,-6.44549],[-38.94551,-6.4498],[-38.94783,-6.44692],[-38.94742,-6.43693],[-38.9387,-6.42451],[-38.93879,-6.43469],[-38.92824,-6.43825]]]}},{"type":"Feature","properties":{"nome_proje":"PA RIACHO DO MEIO"},"geometry":{"type":"Polygon","coordinates":[[[-39.38092,-5.60465],[-39.35087,-5.63369],[-39.377,-5.64452],[-39.38926,-5.63772],[-39.39338,-5.62962],[-39.38092,-5.60465]]]}},{"type":"Feature","properties":{"nome_proje":"PA SANTA BÁRBARA II"},"geometry":{"type":"Polygon","coordinates":[[[-38.86519,-5.5526],[-38.85002,-5.55963],[-38.83772,-5.59146],[-38.84666,-5.58922],[-38.84953,-5.59668],[-38.85124,-5.59131],[-38.85543,-5.59186],[-38.85132,-5.59782],[-38.85391,-5.60148],[-38.84261,-5.59733],[-38.84009,-5.59927],[-38.84284,-5.6016],[-38.84253,-5.61178],[-38.85221,-5.61249],[-38.86132,-5.61826],[-38.86743,-5.61366],[-38.87215,-5.58983],[-38.8761,-5.597],[-38.88092,-5.56682],[-38.89449,-5.56549],[-38.87459,-5.55444],[-38.86519,-5.5526]]]}},{"type":"Feature","properties":{"nome_proje":"PA ENCANTO"},"geometry":{"type":"Polygon","coordinates":[[[-39.02683,-5.54304],[-38.9804,-5.53974],[-38.981,-5.55289],[-38.98494,-5.56046],[-38.98101,-5.57368],[-38.98256,-5.57765],[-39.01514,-5.56761],[-39.01888,-5.57034],[-39.02113,-5.55099],[-39.02683,-5.54304]]]}},{"type":"Feature","properties":{"nome_proje":"PA AMANAJU"},"geometry":{"type":"Polygon","coordinates":[[[-39.32621,-5.53677],[-39.3281,-5.53918],[-39.3542,-5.5255],[-39.36279,-5.53715],[-39.3856,-5.52006],[-39.38811,-5.52655],[-39.40319,-5.52227],[-39.40278,-5.51714],[-39.40482,-5.51802],[-39.40065,-5.50741],[-39.38579,-5.49181],[-39.3746,-5.49191],[-39.37769,-5.49994],[-39.35026,-5.5201],[-39.35254,-5.52343],[-39.32621,-5.53677]]]}},{"type":"Feature","properties":{"nome_proje":"PA SERROTE BRANCO/LUIS FERREIRA"},"geometry":{"type":"Polygon","coordinates":[[[-38.86519,-5.5526],[-38.89463,-5.56459],[-38.93569,-5.56477],[-38.9297,-5.54975],[-38.93093,-5.54639],[-38.92145,-5.53136],[-38.9223,-5.5275],[-38.91536,-5.52641],[-38.91515,-5.52183],[-38.89588,-5.52015],[-38.89616,-5.50307],[-38.92133,-5.50439],[-38.91924,-5.49188],[-38.91386,-5.48556],[-38.92903,-5.4878],[-38.92259,-5.43453],[-38.89743,-5.43131],[-38.89709,-5.44832],[-38.88501,-5.44865],[-38.88147,-5.43685],[-38.88929,-5.43309],[-38.89185,-5.42638],[-38.87033,-5.41066],[-38.86247,-5.42265],[-38.86005,-5.43497],[-38.87574,-5.43791],[-38.87571,-5.45007],[-38.87356,-5.45289],[-38.85684,-5.45418],[-38.85075,-5.45195],[-38.84359,-5.4615],[-38.87927,-5.49386],[-38.8788,-5.50833],[-38.87153,-5.52525],[-38.87558,-5.53038],[-38.86472,-5.54807],[-38.86519,-5.5526]]]}},{"type":"Feature","properties":{"nome_proje":"PA CAMPINA"},"geometry":{"type":"Polygon","coordinates":[[[-38.88967,-5.42462],[-38.89638,-5.43118],[-38.902,-5.42714],[-38.90338,-5.43207],[-38.92272,-5.43455],[-38.9392,-5.42756],[-38.93755,-5.41229],[-38.93318,-5.40694],[-38.92515,-5.41127],[-38.91692,-5.40559],[-38.88967,-5.42462]]]}},{"type":"Feature","properties":{"nome_proje":"PA FORTUNA"},"geometry":{"type":"Polygon","coordinates":[[[-37.85721,-6.52475],[-37.85798,-6.53136],[-37.86102,-6.52983],[-37.86619,-6.5332],[-37.86775,-6.53095],[-37.8598,-6.52392],[-37.85721,-6.52475]]]}},{"type":"Feature","properties":{"nome_proje":"PA SAQUINHO"},"geometry":{"type":"Polygon","coordinates":[[[-37.86487,-6.50188],[-37.86831,-6.49836],[-37.86433,-6.49514],[-37.86549,-6.49245],[-37.88186,-6.48665],[-37.88697,-6.48072],[-37.8763,-6.47608],[-37.86885,-6.48036],[-37.85969,-6.46851],[-37.85603,-6.46804],[-37.84749,-6.47358],[-37.8548,-6.48863],[-37.85295,-6.4934],[-37.85562,-6.49585],[-37.85946,-6.49382],[-37.85933,-6.50058],[-37.86487,-6.50188]]]}},{"type":"Feature","properties":{"nome_proje":"PA REMÉDIO"},"geometry":{"type":"Polygon","coordinates":[[[-37.84114,-5.94211],[-37.84926,-5.94755],[-37.87004,-5.94624],[-37.87498,-5.95982],[-37.89425,-5.9433],[-37.83144,-5.91315],[-37.82945,-5.91676],[-37.83393,-5.93531],[-37.83935,-5.93442],[-37.84114,-5.94211]]]}},{"type":"Feature","properties":{"nome_proje":"PA MORENO"},"geometry":{"type":"Polygon","coordinates":[[[-38.17392,-5.87383],[-38.14998,-5.88344],[-38.15081,-5.88676],[-38.12971,-5.8908],[-38.14418,-5.9059],[-38.15724,-5.89566],[-38.18284,-5.88712],[-38.17392,-5.87383]]]}},{"type":"Feature","properties":{"nome_proje":"PA PARANÁ"},"geometry":{"type":"Polygon","coordinates":[[[-37.92744,-5.85507],[-37.94143,-5.85899],[-37.94809,-5.83272],[-37.94188,-5.82921],[-37.93978,-5.80584],[-37.92928,-5.80758],[-37.92744,-5.85507]]]}},{"type":"Feature","properties":{"nome_proje":"PCA CANTO DE VARAS"},"geometry":{"type":"Polygon","coordinates":[[[-37.79006,-5.6206],[-37.77943,-5.62851],[-37.79064,-5.6214],[-37.79006,-5.6206]]]}},{"type":"Feature","properties":{"nome_proje":"PA PORTAL DA CHAPADA"},"geometry":{"type":"Polygon","coordinates":[[[-37.97609,-5.60308],[-37.99502,-5.59511],[-37.97769,-5.55067],[-37.95837,-5.55837],[-37.97609,-5.60308]]]}},{"type":"Feature","properties":{"nome_proje":"PA MILAGRE"},"geometry":{"type":"Polygon","coordinates":[[[-37.90866,-5.5878],[-37.88478,-5.55862],[-37.87471,-5.56553],[-37.89817,-5.59215],[-37.90866,-5.5878]]]}},{"type":"Feature","properties":{"nome_proje":"PA VILA NOVA"},"geometry":{"type":"Polygon","coordinates":[[[-37.81411,-5.57979],[-37.81639,-5.57934],[-37.82264,-5.59068],[-37.8249,-5.57789],[-37.81105,-5.55459],[-37.80546,-5.55786],[-37.81411,-5.57979]]]}},{"type":"Feature","properties":{"nome_proje":"PA SOLEDADE"},"geometry":{"type":"Polygon","coordinates":[[[-37.85297,-5.58129],[-37.82292,-5.54743],[-37.81137,-5.55454],[-37.8348,-5.59459],[-37.85297,-5.58129]]]}},{"type":"Feature","properties":{"nome_proje":"PA AURORA DA SERRA"},"geometry":{"type":"Polygon","coordinates":[[[-37.82362,-5.54827],[-37.85297,-5.58129],[-37.88723,-5.55617],[-37.86379,-5.55805],[-37.84329,-5.5349],[-37.82362,-5.54827]]]}},{"type":"Feature","properties":{"nome_proje":"PA BAIXA NOVA"},"geometry":{"type":"Polygon","coordinates":[[[-38.11615,-5.54809],[-38.1199,-5.55943],[-38.16088,-5.56364],[-38.16512,-5.54925],[-38.11615,-5.54809]]]}},{"type":"Feature","properties":{"nome_proje":"PA SÃO MANOEL"},"geometry":{"type":"Polygon","coordinates":[[[-37.80909,-5.51812],[-37.7465,-5.55746],[-37.77063,-5.54491],[-37.77603,-5.55384],[-37.75405,-5.56831],[-37.81596,-5.53051],[-37.80909,-5.51812]]]}},{"type":"Feature","properties":{"nome_proje":"PA MOACIR LUCENA"},"geometry":{"type":"Polygon","coordinates":[[[-37.88229,-5.55632],[-37.89667,-5.55608],[-37.89551,-5.53845],[-37.91375,-5.53611],[-37.91103,-5.52787],[-37.89619,-5.52969],[-37.89563,-5.53382],[-37.88124,-5.53502],[-37.88229,-5.55632]]]}},{"type":"Feature","properties":{"nome_proje":"PA FREI DAMIÃO"},"geometry":{"type":"Polygon","coordinates":[[[-37.79074,-5.50678],[-37.75027,-5.53145],[-37.74313,-5.52456],[-37.7328,-5.53762],[-37.74232,-5.55254],[-37.79807,-5.51818],[-37.79074,-5.50678]]]}},{"type":"Feature","properties":{"nome_proje":"PA IPANEMA"},"geometry":{"type":"Polygon","coordinates":[[[-38.05079,-5.52129],[-38.04672,-5.53779],[-38.08584,-5.53209],[-38.08554,-5.5291],[-38.10713,-5.52965],[-38.10818,-5.51112],[-38.16694,-5.51479],[-38.17673,-5.52488],[-38.20064,-5.52184],[-38.25432,-5.52383],[-38.25497,-5.52062],[-38.26736,-5.52105],[-38.26636,-5.51782],[-38.24229,-5.51613],[-38.24179,-5.51295],[-38.11579,-5.5068],[-38.05079,-5.52129]]]}},{"type":"Feature","properties":{"nome_proje":"PA PARAÍSO"},"geometry":{"type":"Polygon","coordinates":[[[-37.904,-5.52165],[-37.90816,-5.51922],[-37.91013,-5.52483],[-37.94329,-5.50843],[-37.92585,-5.49529],[-37.89987,-5.50934],[-37.904,-5.52165]]]}},{"type":"Feature","properties":{"nome_proje":"PA GROELÂNDIA"},"geometry":{"type":"Polygon","coordinates":[[[-38.00311,-5.47123],[-37.92644,-5.47016],[-37.9021,-5.48896],[-38.00876,-5.49196],[-38.00645,-5.48043],[-38.02312,-5.47831],[-38.0235,-5.47353],[-38.01765,-5.47408],[-38.01544,-5.46178],[-38.00089,-5.46297],[-38.00311,-5.47123]]]}},{"type":"Feature","properties":{"nome_proje":"PA LAGE DO MEIO"},"geometry":{"type":"Polygon","coordinates":[[[-37.85525,-5.46273],[-37.87755,-5.49309],[-37.88152,-5.49421],[-37.8817,-5.49168],[-37.89702,-5.49867],[-37.8545,-5.44469],[-37.85525,-5.46273]]]}},{"type":"Feature","properties":{"nome_proje":"PA LAGOA GRANDE II"},"geometry":{"type":"Polygon","coordinates":[[[-37.92637,-5.46983],[-38.00311,-5.47123],[-37.99879,-5.45601],[-38.00136,-5.44121],[-38.00672,-5.4349],[-38.00219,-5.42816],[-37.93904,-5.44187],[-37.93309,-5.46308],[-37.92637,-5.46983]]]}},{"type":"Feature","properties":{"nome_proje":"PA BARRA II"},"geometry":{"type":"Polygon","coordinates":[[[-38.53854,-5.72718],[-38.53316,-5.72702],[-38.5363,-5.73099],[-38.5245,-5.73811],[-38.52187,-5.75269],[-38.52698,-5.75546],[-38.54218,-5.75438],[-38.54129,-5.74717],[-38.54481,-5.75255],[-38.55131,-5.75504],[-38.54545,-5.75868],[-38.54482,-5.76421],[-38.55608,-5.76323],[-38.56083,-5.74535],[-38.53854,-5.72718]]]}},{"type":"Feature","properties":{"nome_proje":"PA BELAS FLORES"},"geometry":{"type":"Polygon","coordinates":[[[-38.48986,-5.70198],[-38.46029,-5.71014],[-38.46356,-5.73171],[-38.48534,-5.7264],[-38.48386,-5.72119],[-38.48019,-5.71989],[-38.4857,-5.71527],[-38.49529,-5.71333],[-38.48986,-5.70198]]]}},{"type":"Feature","properties":{"nome_proje":"PA BOA ESPERANÇA"},"geometry":{"type":"Polygon","coordinates":[[[-38.3066,-5.70533],[-38.23465,-5.70155],[-38.23471,-5.70578],[-38.22587,-5.70358],[-38.22433,-5.70855],[-38.23034,-5.70898],[-38.23015,-5.7137],[-38.25893,-5.71802],[-38.26008,-5.71468],[-38.26519,-5.71386],[-38.31061,-5.71616],[-38.30714,-5.70883],[-38.31848,-5.70966],[-38.30696,-5.70807],[-38.3066,-5.70533]]]}},{"type":"Feature","properties":{"nome_proje":"PA SOSSEGO/CONTENDAS"},"geometry":{"type":"Polygon","coordinates":[[[-38.45801,-5.71064],[-38.47801,-5.70719],[-38.47689,-5.70421],[-38.4991,-5.69783],[-38.51806,-5.69809],[-38.52947,-5.68984],[-38.52678,-5.67572],[-38.48897,-5.68715],[-38.49236,-5.69491],[-38.48344,-5.69703],[-38.46763,-5.69446],[-38.47848,-5.6876],[-38.47265,-5.68393],[-38.47607,-5.67926],[-38.45036,-5.69375],[-38.44834,-5.71627],[-38.43612,-5.71884],[-38.43916,-5.72624],[-38.43159,-5.73209],[-38.43394,-5.74176],[-38.46481,-5.73415],[-38.45801,-5.71064]]]}},{"type":"Feature","properties":{"nome_proje":"PA BORGES"},"geometry":{"type":"Polygon","coordinates":[[[-38.7794,-5.68046],[-38.76498,-5.67715],[-38.75512,-5.69774],[-38.7552,-5.71866],[-38.76329,-5.72732],[-38.76859,-5.72574],[-38.78541,-5.72958],[-38.78647,-5.7163],[-38.77827,-5.71286],[-38.78494,-5.69381],[-38.77635,-5.69037],[-38.7794,-5.68046]]]}},{"type":"Feature","properties":{"nome_proje":"PA RIACHO SECO/BELA VISTA"},"geometry":{"type":"Polygon","coordinates":[[[-38.17933,-5.61518],[-38.1933,-5.66813],[-38.19554,-5.67347],[-38.20185,-5.67163],[-38.2045,-5.66919],[-38.2078,-5.64434],[-38.21009,-5.64443],[-38.20991,-5.63566],[-38.2143,-5.63581],[-38.21875,-5.6267],[-38.21953,-5.60838],[-38.19044,-5.60898],[-38.17933,-5.61518]]]}},{"type":"Feature","properties":{"nome_proje":"PA GUANABARA"},"geometry":{"type":"Polygon","coordinates":[[[-38.80255,-5.49766],[-38.79086,-5.49977],[-38.792,-5.50991],[-38.78458,-5.50813],[-38.78723,-5.53665],[-38.79575,-5.53549],[-38.81246,-5.56718],[-38.80574,-5.59148],[-38.82028,-5.58949],[-38.82418,-5.59811],[-38.82881,-5.59761],[-38.84198,-5.55694],[-38.83818,-5.55338],[-38.83811,-5.53046],[-38.80255,-5.49766]]]}},{"type":"Feature","properties":{"nome_proje":"PA CAROBA"},"geometry":{"type":"Polygon","coordinates":[[[-38.3342,-5.54371],[-38.35137,-5.56713],[-38.3569,-5.56705],[-38.36006,-5.57062],[-38.42211,-5.52896],[-38.42523,-5.52982],[-38.41955,-5.51948],[-38.40968,-5.5171],[-38.37983,-5.53787],[-38.3342,-5.54371]]]}},{"type":"Feature","properties":{"nome_proje":"PA PEDRA E CAL"},"geometry":{"type":"Polygon","coordinates":[[[-38.82093,-5.48786],[-38.81874,-5.46678],[-38.80288,-5.45961],[-38.79068,-5.46143],[-38.78551,-5.45787],[-38.78809,-5.44967],[-38.78033,-5.44582],[-38.7615,-5.45932],[-38.75128,-5.45664],[-38.74908,-5.46738],[-38.75634,-5.46409],[-38.75727,-5.46602],[-38.75162,-5.47102],[-38.75328,-5.47527],[-38.74777,-5.47751],[-38.74681,-5.47269],[-38.73721,-5.4735],[-38.72855,-5.47427],[-38.72806,-5.47747],[-38.74837,-5.48048],[-38.75358,-5.4839],[-38.78835,-5.47594],[-38.80827,-5.48795],[-38.80783,-5.4858],[-38.81473,-5.49008],[-38.82093,-5.48786]]]}},{"type":"Feature","properties":{"nome_proje":"PA CAMPO ALEGRE"},"geometry":{"type":"Polygon","coordinates":[[[-38.68234,-5.06297],[-38.66818,-5.07061],[-38.69339,-5.09801],[-38.7044,-5.09318],[-38.70242,-5.0908],[-38.70474,-5.08753],[-38.68234,-5.06297]]]}},{"type":"Feature","properties":{"nome_proje":"PA MUXURÉ VELHO/SÃO JOÃO"},"geometry":{"type":"Polygon","coordinates":[[[-39.32751,-5.37658],[-39.30422,-5.38854],[-39.31416,-5.40647],[-39.32362,-5.42194],[-39.33409,-5.41813],[-39.34539,-5.42319],[-39.35523,-5.42299],[-39.35714,-5.4217],[-39.35125,-5.41828],[-39.35194,-5.41387],[-39.34007,-5.40536],[-39.32751,-5.37658]]]}},{"type":"Feature","properties":{"nome_proje":"PA NOVA CANAA"},"geometry":{"type":"Polygon","coordinates":[[[-39.32571,-5.33726],[-39.31148,-5.33231],[-39.30438,-5.35],[-39.29785,-5.34763],[-39.29528,-5.35409],[-39.3015,-5.35724],[-39.29059,-5.3848],[-39.29079,-5.39204],[-39.30137,-5.39137],[-39.30495,-5.38683],[-39.31059,-5.38716],[-39.31251,-5.38331],[-39.31868,-5.38139],[-39.32093,-5.37727],[-39.32795,-5.3764],[-39.34124,-5.40616],[-39.40877,-5.41654],[-39.40239,-5.3883],[-39.39411,-5.37503],[-39.36872,-5.37709],[-39.34778,-5.34212],[-39.32673,-5.33215],[-39.32571,-5.33726]]]}},{"type":"Feature","properties":{"nome_proje":"PA NOVA ESPERANÇA/COQUE"},"geometry":{"type":"Polygon","coordinates":[[[-39.13378,-5.37704],[-39.14545,-5.3819],[-39.14938,-5.3118],[-39.13723,-5.31529],[-39.13378,-5.37704]]]}},{"type":"Feature","properties":{"nome_proje":"PA BRASIBEL"},"geometry":{"type":"Polygon","coordinates":[[[-38.88426,-5.30915],[-38.87206,-5.35164],[-38.88997,-5.36009],[-38.90474,-5.31451],[-38.88426,-5.30915]]]}},{"type":"Feature","properties":{"nome_proje":"PA RENASCER CANUDOS/QUININ"},"geometry":{"type":"Polygon","coordinates":[[[-39.2447,-5.29838],[-39.22092,-5.21206],[-39.20475,-5.22151],[-39.19518,-5.23755],[-39.1762,-5.24214],[-39.17848,-5.26316],[-39.16929,-5.26536],[-39.1689,-5.26904],[-39.17745,-5.26954],[-39.17283,-5.30296],[-39.15636,-5.30983],[-39.15368,-5.34148],[-39.18679,-5.32927],[-39.18857,-5.33418],[-39.19713,-5.33601],[-39.216,-5.33489],[-39.22532,-5.31538],[-39.2345,-5.31116],[-39.23111,-5.3047],[-39.2447,-5.29838]]]}},{"type":"Feature","properties":{"nome_proje":"PA BOA ÁGUA/TRAPIÁ"},"geometry":{"type":"Polygon","coordinates":[[[-38.99096,-5.22006],[-38.99611,-5.24313],[-38.98653,-5.24612],[-38.99558,-5.25373],[-38.98836,-5.269],[-38.97852,-5.26366],[-38.97996,-5.25859],[-38.97093,-5.25157],[-38.95736,-5.2808],[-38.98635,-5.27978],[-38.98549,-5.28782],[-38.99248,-5.31562],[-39.00677,-5.30795],[-39.01042,-5.30235],[-39.02311,-5.30059],[-39.02641,-5.29685],[-39.05195,-5.2987],[-39.05332,-5.27732],[-39.06743,-5.27271],[-39.06664,-5.24432],[-39.05822,-5.2274],[-39.05431,-5.22771],[-39.05038,-5.21514],[-39.0344,-5.22219],[-39.01373,-5.22579],[-39.00484,-5.22329],[-39.00304,-5.21693],[-38.99096,-5.22006]]]}},{"type":"Feature","properties":{"nome_proje":"PA RECREIO"},"geometry":{"type":"Polygon","coordinates":[[[-39.24809,-5.21192],[-39.23388,-5.20529],[-39.22865,-5.20636],[-39.23826,-5.24515],[-39.23332,-5.24801],[-39.24538,-5.29811],[-39.25791,-5.29231],[-39.26894,-5.27917],[-39.26948,-5.24972],[-39.27355,-5.24489],[-39.26975,-5.22658],[-39.25313,-5.23502],[-39.24809,-5.21192]]]}},{"type":"Feature","properties":{"nome_proje":"PA IRACEMA"},"geometry":{"type":"Polygon","coordinates":[[[-39.02191,-5.11594],[-39.0351,-5.21223],[-39.06508,-5.20369],[-39.05026,-5.17551],[-39.05459,-5.16997],[-39.04921,-5.15691],[-39.04183,-5.1486],[-39.04105,-5.1022],[-39.02191,-5.11594]]]}},{"type":"Feature","properties":{"nome_proje":"PA PARELHAS"},"geometry":{"type":"Polygon","coordinates":[[[-39.27941,-5.12347],[-39.26045,-5.11948],[-39.24131,-5.13182],[-39.23886,-5.17241],[-39.26076,-5.18372],[-39.28528,-5.1345],[-39.27941,-5.12347]]]}},{"type":"Feature","properties":{"nome_proje":"PA ALEGRE"},"geometry":{"type":"Polygon","coordinates":[[[-39.25133,-5.11154],[-39.2064,-5.1081],[-39.20568,-5.11582],[-39.19757,-5.1196],[-39.19984,-5.12344],[-39.2242,-5.1322],[-39.24524,-5.1302],[-39.2585,-5.11966],[-39.25194,-5.11682],[-39.25133,-5.11154]]]}},{"type":"Feature","properties":{"nome_proje":"PA SÍTIO DE GÓIS"},"geometry":{"type":"Polygon","coordinates":[[[-37.8148,-5.40589],[-37.80003,-5.41043],[-37.78768,-5.42917],[-37.80307,-5.44059],[-37.78723,-5.45838],[-37.83637,-5.44631],[-37.82891,-5.39487],[-37.82485,-5.39451],[-37.8148,-5.40589]]]}},{"type":"Feature","properties":{"nome_proje":"PA BARRA DO FEIJÃO"},"geometry":{"type":"Polygon","coordinates":[[[-38.10695,-5.40683],[-38.121,-5.39016],[-38.07911,-5.39092],[-38.07222,-5.42333],[-38.07603,-5.43488],[-38.07537,-5.45225],[-38.09625,-5.45887],[-38.11826,-5.45251],[-38.1151,-5.4293],[-38.10695,-5.40683]]]}},{"type":"Feature","properties":{"nome_proje":"PA TABULEIRO GRANDE"},"geometry":{"type":"Polygon","coordinates":[[[-37.7668,-5.44455],[-37.7864,-5.41461],[-37.7846,-5.40597],[-37.7718,-5.39451],[-37.74316,-5.43455],[-37.7668,-5.44455]]]}},{"type":"Feature","properties":{"nome_proje":"PA CHARNECA"},"geometry":{"type":"Polygon","coordinates":[[[-38.12268,-5.38783],[-38.10695,-5.40683],[-38.1151,-5.4293],[-38.15183,-5.40279],[-38.14963,-5.39074],[-38.15829,-5.38936],[-38.15968,-5.37976],[-38.18081,-5.37507],[-38.18167,-5.38514],[-38.19674,-5.38242],[-38.1989,-5.39419],[-38.21532,-5.39121],[-38.22152,-5.38625],[-38.20156,-5.36176],[-38.11883,-5.37824],[-38.12268,-5.38783]]]}},{"type":"Feature","properties":{"nome_proje":"PA SÃO BENTO"},"geometry":{"type":"Polygon","coordinates":[[[-37.75128,-5.36724],[-37.75683,-5.38627],[-37.78154,-5.40165],[-37.78278,-5.37438],[-37.78052,-5.36759],[-37.75128,-5.36724]]]}},{"type":"Feature","properties":{"nome_proje":"PA DIAMANTINA"},"geometry":{"type":"Polygon","coordinates":[[[-37.88629,-5.33921],[-37.84633,-5.36408],[-37.84848,-5.37656],[-37.88908,-5.36865],[-37.89437,-5.35354],[-37.88629,-5.33921]]]}},{"type":"Feature","properties":{"nome_proje":"PA BERNARDO MARIM II"},"geometry":{"type":"Polygon","coordinates":[[[-38.06035,-4.85253],[-38.05986,-4.85733],[-38.05711,-4.85671],[-38.04148,-4.87956],[-38.03195,-4.88752],[-38.03465,-4.88995],[-38.0111,-4.90062],[-38.00943,-4.89907],[-37.99882,-4.91534],[-38.03944,-4.89183],[-38.04455,-4.89872],[-38.04275,-4.90023],[-38.05649,-4.91407],[-38.06046,-4.9143],[-38.07567,-4.90421],[-38.07313,-4.9007],[-38.08249,-4.88389],[-38.07595,-4.88096],[-38.09251,-4.86918],[-38.07976,-4.85386],[-38.08005,-4.84865],[-38.07084,-4.8531],[-38.06955,-4.84859],[-38.06035,-4.85253]]]}},{"type":"Feature","properties":{"nome_proje":"PA SANTO ANTÔNIO"},"geometry":{"type":"Polygon","coordinates":[[[-38.15379,-4.79609],[-38.09443,-4.86099],[-38.10389,-4.86894],[-38.12965,-4.84083],[-38.13315,-4.83509],[-38.12934,-4.83462],[-38.16038,-4.80095],[-38.15379,-4.79609]]]}},{"type":"Feature","properties":{"nome_proje":"PA MALACACHETA/BOA VISTA"},"geometry":{"type":"Polygon","coordinates":[[[-38.11034,-4.79533],[-38.10478,-4.78365],[-38.09995,-4.78643],[-38.0888,-4.78423],[-38.08062,-4.78806],[-38.0693,-4.83018],[-38.07651,-4.8368],[-38.11034,-4.79533]]]}},{"type":"Feature","properties":{"nome_proje":"PA CAJAZEIRAS"},"geometry":{"type":"Polygon","coordinates":[[[-38.15475,-4.72492],[-38.17368,-4.73755],[-38.14877,-4.76779],[-38.14618,-4.78474],[-38.15094,-4.79293],[-38.20505,-4.73011],[-38.19463,-4.70993],[-38.18378,-4.71279],[-38.17827,-4.72019],[-38.15475,-4.72492]]]}},{"type":"Feature","properties":{"nome_proje":"PA CELSO FURTADO"},"geometry":{"type":"Polygon","coordinates":[[[-35.77656,-6.89777],[-35.78499,-6.88645],[-35.78055,-6.88335],[-35.76745,-6.88195],[-35.76275,-6.87627],[-35.75955,-6.87847],[-35.75898,-6.89086],[-35.76517,-6.89195],[-35.7643,-6.90098],[-35.77656,-6.89777]]]}},{"type":"Feature","properties":{"nome_proje":"PA JOSUÉ DE CASTRO"},"geometry":{"type":"Polygon","coordinates":[[[-35.6482,-6.86896],[-35.65474,-6.88343],[-35.65571,-6.87958],[-35.6604,-6.88521],[-35.66156,-6.88856],[-35.65579,-6.89108],[-35.65922,-6.89729],[-35.66699,-6.89126],[-35.66587,-6.88498],[-35.65962,-6.87784],[-35.66659,-6.87438],[-35.6502,-6.86701],[-35.6482,-6.86896]]]}},{"type":"Feature","properties":{"nome_proje":"PA GRUTA FUNDA"},"geometry":{"type":"Polygon","coordinates":[[[-35.94112,-6.84594],[-35.92306,-6.84789],[-35.91078,-6.87046],[-35.90019,-6.859],[-35.89469,-6.85714],[-35.87825,-6.8666],[-35.87295,-6.87658],[-35.8742,-6.88367],[-35.87803,-6.88666],[-35.87558,-6.88906],[-35.87696,-6.89313],[-35.88939,-6.89774],[-35.90344,-6.88932],[-35.91474,-6.8887],[-35.92832,-6.89133],[-35.94304,-6.90026],[-35.9467,-6.89744],[-35.95256,-6.88328],[-35.92653,-6.87547],[-35.93498,-6.85481],[-35.9479,-6.84249],[-35.94112,-6.84594]]]}},{"type":"Feature","properties":{"nome_proje":"PA PAULO FREIRE I"},"geometry":{"type":"Polygon","coordinates":[[[-35.86817,-6.83172],[-35.83151,-6.85352],[-35.82315,-6.86877],[-35.8172,-6.86423],[-35.80174,-6.87132],[-35.80705,-6.87569],[-35.8041,-6.88143],[-35.84258,-6.85873],[-35.84598,-6.85195],[-35.85578,-6.85843],[-35.86632,-6.85959],[-35.87073,-6.88068],[-35.87839,-6.86659],[-35.89636,-6.85754],[-35.89392,-6.85242],[-35.89563,-6.8383],[-35.88562,-6.83808],[-35.87987,-6.83343],[-35.86817,-6.83172]]]}},{"type":"Feature","properties":{"nome_proje":"PA RIACHO DO SANGUE"},"geometry":{"type":"Polygon","coordinates":[[[-36.0135,-6.80218],[-36.00246,-6.82038],[-36.00973,-6.82301],[-36.00587,-6.8269],[-36.00826,-6.83327],[-36.01075,-6.82876],[-36.01941,-6.82832],[-36.02037,-6.83489],[-36.01632,-6.83735],[-36.02231,-6.84094],[-36.04268,-6.8216],[-36.03942,-6.81396],[-36.03101,-6.81766],[-36.02504,-6.80397],[-36.0135,-6.80218]]]}},{"type":"Feature","properties":{"nome_proje":"PA DOM JOSÉ MARIA PIRES"},"geometry":{"type":"Polygon","coordinates":[[[-35.74615,-6.78141],[-35.73562,-6.78488],[-35.7425,-6.80019],[-35.74955,-6.79579],[-35.74825,-6.78755],[-35.75206,-6.78531],[-35.74615,-6.78141]]]}},{"type":"Feature","properties":{"nome_proje":"PA 25 DE JULHO"},"geometry":{"type":"Polygon","coordinates":[[[-35.85784,-6.78621],[-35.85108,-6.79063],[-35.85148,-6.79595],[-35.8789,-6.78888],[-35.87301,-6.77973],[-35.85229,-6.78036],[-35.85784,-6.78621]]]}},{"type":"Feature","properties":{"nome_proje":"PA PEDRO HENRIQUE"},"geometry":{"type":"Polygon","coordinates":[[[-35.7907,-6.76729],[-35.77985,-6.76072],[-35.77597,-6.7657],[-35.76875,-6.76589],[-35.76422,-6.77966],[-35.76056,-6.78124],[-35.75845,-6.77846],[-35.75017,-6.78232],[-35.75671,-6.79478],[-35.76807,-6.7873],[-35.76814,-6.79632],[-35.77137,-6.79509],[-35.7907,-6.76729]]]}},{"type":"Feature","properties":{"nome_proje":"PA ERNESTO CHE GUEVARA"},"geometry":{"type":"Polygon","coordinates":[[[-35.85386,-6.76609],[-35.84753,-6.76008],[-35.8245,-6.77697],[-35.82738,-6.77996],[-35.8426,-6.77838],[-35.85386,-6.76609]]]}},{"type":"Feature","properties":{"nome_proje":"PA RIACHO DA CRUZ"},"geometry":{"type":"Polygon","coordinates":[[[-35.99377,-6.75218],[-35.97849,-6.74501],[-35.96541,-6.75494],[-35.9775,-6.76208],[-35.98218,-6.77454],[-35.99877,-6.76837],[-36.00488,-6.77181],[-36.01571,-6.76348],[-36.03074,-6.77366],[-36.03891,-6.79326],[-36.04116,-6.78957],[-36.03765,-6.7871],[-36.03527,-6.75472],[-36.0578,-6.75536],[-36.05093,-6.74046],[-36.05324,-6.73428],[-36.03771,-6.7273],[-36.01543,-6.73493],[-36.01537,-6.74221],[-35.99377,-6.75218]]]}},{"type":"Feature","properties":{"nome_proje":"PA AMARELINHA DE CIMA"},"geometry":{"type":"Polygon","coordinates":[[[-35.55445,-6.83691],[-35.55367,-6.84484],[-35.56165,-6.8492],[-35.57321,-6.84514],[-35.57085,-6.84187],[-35.56389,-6.84312],[-35.56384,-6.83692],[-35.55445,-6.83691]]]}},{"type":"Feature","properties":{"nome_proje":"PA CAMPO VERDE II"},"geometry":{"type":"Polygon","coordinates":[[[-35.64818,-6.79984],[-35.63891,-6.80373],[-35.64385,-6.81319],[-35.63988,-6.81511],[-35.63674,-6.81079],[-35.63032,-6.8121],[-35.6269,-6.81632],[-35.62892,-6.82063],[-35.64774,-6.81543],[-35.64524,-6.80884],[-35.65039,-6.8042],[-35.64818,-6.79984]]]}},{"type":"Feature","properties":{"nome_proje":"PA NOVA VISTA"},"geometry":{"type":"Polygon","coordinates":[[[-35.58338,-6.78703],[-35.57932,-6.79434],[-35.58616,-6.79953],[-35.58882,-6.78989],[-35.58338,-6.78703]]]}},{"type":"Feature","properties":{"nome_proje":"PA CUMATI"},"geometry":{"type":"MultiPolygon","coordinates":[[[[-35.56886,-6.75786],[-35.5644,-6.75885],[-35.55986,-6.75556],[-35.5577,-6.75753],[-35.5666,-6.76378],[-35.56886,-6.75786]]],[[[-35.56381,-6.76641],[-35.55635,-6.76195],[-35.55312,-6.76497],[-35.55992,-6.77082],[-35.56381,-6.76641]]]]}},{"type":"Feature","properties":{"nome_proje":"PA SÃO DOMINGOS"},"geometry":{"type":"Polygon","coordinates":[[[-35.61597,-6.67204],[-35.59761,-6.68216],[-35.60407,-6.68681],[-35.60454,-6.69075],[-35.61791,-6.68512],[-35.62149,-6.68972],[-35.62842,-6.6863],[-35.62743,-6.67679],[-35.61597,-6.67204]]]}},{"type":"Feature","properties":{"nome_proje":"PA NOSSA SENHORA DE FATIMA"},"geometry":{"type":"Polygon","coordinates":[[[-35.53743,-6.68175],[-35.54188,-6.67966],[-35.54862,-6.68536],[-35.55774,-6.67737],[-35.55565,-6.67499],[-35.55312,-6.67728],[-35.54698,-6.66722],[-35.54291,-6.67005],[-35.53958,-6.66859],[-35.53694,-6.66266],[-35.52904,-6.66713],[-35.53109,-6.6759],[-35.53351,-6.67502],[-35.53743,-6.68175]]]}},{"type":"Feature","properties":{"nome_proje":"PA BOA VITORIA"},"geometry":{"type":"Polygon","coordinates":[[[-35.615,-6.6591],[-35.59819,-6.66863],[-35.5998,-6.67029],[-35.59443,-6.6782],[-35.60466,-6.66974],[-35.60453,-6.67557],[-35.61014,-6.67417],[-35.60617,-6.67223],[-35.60577,-6.66783],[-35.60956,-6.66972],[-35.615,-6.6591]]]}},{"type":"Feature","properties":{"nome_proje":"PA NOSSA SENHORA DO LIVRAMENTO"},"geometry":{"type":"Polygon","coordinates":[[[-35.63362,-6.63851],[-35.62808,-6.67133],[-35.63399,-6.66909],[-35.64197,-6.67942],[-35.63957,-6.68959],[-35.6434,-6.6899],[-35.65426,-6.66328],[-35.63362,-6.63851]]]}},{"type":"Feature","properties":{"nome_proje":"PA SANTA VITORIA"},"geometry":{"type":"MultiPolygon","coordinates":[[[[-35.60812,-6.66334],[-35.60812,-6.66334],[-35.60812,-6.66334],[-35.60812,-6.66334]]],[[[-35.62726,-6.6561],[-35.62726,-6.6561],[-35.62726,-6.6561],[-35.62726,-6.6561]]],[[[-35.61523,-6.65407],[-35.61523,-6.65407],[-35.61524,-6.65407],[-35.61523,-6.65407]]],[[[-35.60973,-6.65216],[-35.60973,-6.65216],[-35.60972,-6.65216],[-35.60973,-6.65216]]],[[[-35.61176,-6.65458],[-35.60254,-6.63614],[-35.6009,-6.63526],[-35.59956,-6.63472],[-35.59697,-6.63448],[-35.59433,-6.62792],[-35.59462,-6.62691],[-35.59481,-6.6258],[-35.59486,-6.62465],[-35.59127,-6.62391],[-35.58923,-6.63344],[-35.58202,-6.62893],[-35.58038,-6.63971],[-35.58743,-6.64241],[-35.58998,-6.65534],[-35.58212,-6.65035],[-35.56983,-6.66227],[-35.58889,-6.67042],[-35.58561,-6.67223],[-35.58937,-6.67748],[-35.5917,-6.66993],[-35.61512,-6.65911],[-35.60967,-6.66974],[-35.61314,-6.67151],[-35.61418,-6.66786],[-35.62123,-6.67155],[-35.62391,-6.66735],[-35.62849,-6.66946],[-35.6322,-6.65374],[-35.63166,-6.65315],[-35.62987,-6.65482],[-35.62847,-6.65569],[-35.62647,-6.65643],[-35.61176,-6.65458]]],[[[-35.60252,-6.63954],[-35.60252,-6.63955],[-35.60252,-6.63956],[-35.60252,-6.63954]]],[[[-35.6009,-6.63525],[-35.6009,-6.63526],[-35.60091,-6.63526],[-35.6009,-6.63525]]],[[[-35.59462,-6.6269],[-35.59462,-6.62691],[-35.59462,-6.62691],[-35.59462,-6.6269]]],[[[-35.59481,-6.6258],[-35.59481,-6.6258],[-35.59481,-6.6258],[-35.59481,-6.6258]]],[[[-35.59324,-6.62429],[-35.59324,-6.62429],[-35.59323,-6.62429],[-35.59324,-6.62429]]]]}},{"type":"Feature","properties":{"nome_proje":"PA SITIO"},"geometry":{"type":"Polygon","coordinates":[[[-35.59416,-6.5994],[-35.58747,-6.61746],[-35.59113,-6.62396],[-35.59446,-6.62364],[-35.59693,-6.63451],[-35.60245,-6.63613],[-35.60447,-6.64451],[-35.61177,-6.65378],[-35.62862,-6.65472],[-35.63502,-6.62929],[-35.62333,-6.62475],[-35.61779,-6.60747],[-35.60587,-6.61041],[-35.59416,-6.5994]]]}},{"type":"Feature","properties":{"nome_proje":"PA POÇO VERDE"},"geometry":{"type":"Polygon","coordinates":[[[-35.8945,-6.75085],[-35.90714,-6.74059],[-35.91097,-6.73661],[-35.90486,-6.73984],[-35.89085,-6.72657],[-35.88618,-6.73171],[-35.88837,-6.73694],[-35.88257,-6.74062],[-35.89309,-6.74553],[-35.8945,-6.75085]]]}},{"type":"Feature","properties":{"nome_proje":"PA SÃO FRANCISCO III"},"geometry":{"type":"Polygon","coordinates":[[[-35.7226,-6.72623],[-35.71411,-6.73581],[-35.71676,-6.73776],[-35.70744,-6.74123],[-35.70358,-6.74716],[-35.69916,-6.74646],[-35.70576,-6.75282],[-35.70306,-6.7592],[-35.71356,-6.75296],[-35.7227,-6.75501],[-35.72086,-6.7399],[-35.73149,-6.73646],[-35.74076,-6.72192],[-35.74886,-6.72468],[-35.74562,-6.71949],[-35.74128,-6.72169],[-35.73521,-6.71193],[-35.72869,-6.71063],[-35.71874,-6.72121],[-35.7226,-6.72623]]]}},{"type":"Feature","properties":{"nome_proje":"PA NOVO RIACHO DA CRUZ"},"geometry":{"type":"Polygon","coordinates":[[[-35.98377,-6.69798],[-35.99632,-6.72835],[-35.98931,-6.75001],[-35.99377,-6.75218],[-36.01537,-6.74221],[-36.01543,-6.73493],[-36.00737,-6.7167],[-36.00046,-6.71763],[-36.00139,-6.71062],[-35.98939,-6.69359],[-35.98377,-6.69798]]]}},{"type":"Feature","properties":{"nome_proje":"PA SANTA ROSA"},"geometry":{"type":"Polygon","coordinates":[[[-36.1067,-6.696],[-36.11154,-6.7244],[-36.1221,-6.71541],[-36.11736,-6.69855],[-36.11416,-6.69894],[-36.11008,-6.69013],[-36.11516,-6.68707],[-36.12379,-6.69613],[-36.129,-6.69369],[-36.12847,-6.68926],[-36.11498,-6.67313],[-36.09441,-6.68754],[-36.09143,-6.69567],[-36.0936,-6.69881],[-36.1067,-6.696]]]}},{"type":"Feature","properties":{"nome_proje":"PA QUANDU"},"geometry":{"type":"Polygon","coordinates":[[[-36.06256,-6.63711],[-36.06178,-6.64926],[-36.05604,-6.65521],[-36.05639,-6.66517],[-36.05848,-6.6721],[-36.06204,-6.6707],[-36.06847,-6.68148],[-36.07734,-6.67462],[-36.0766,-6.67182],[-36.08869,-6.67359],[-36.09036,-6.66996],[-36.09941,-6.66699],[-36.09701,-6.65121],[-36.09171,-6.64369],[-36.08532,-6.64175],[-36.0793,-6.66227],[-36.0765,-6.66216],[-36.0763,-6.65803],[-36.08015,-6.65563],[-36.07737,-6.65368],[-36.07746,-6.6472],[-36.0691,-6.63503],[-36.06256,-6.63711]]]}},{"type":"Feature","properties":{"nome_proje":"PA NOSSA SENHORA DAS GRAÇAS"},"geometry":{"type":"Polygon","coordinates":[[[-35.6544,-6.66323],[-35.65082,-6.67143],[-35.66098,-6.67064],[-35.66417,-6.67491],[-35.6772,-6.66773],[-35.66367,-6.64255],[-35.65615,-6.64304],[-35.65611,-6.64877],[-35.64641,-6.64007],[-35.63733,-6.64153],[-35.6544,-6.66323]]]}},{"type":"Feature","properties":{"nome_proje":"PA NOSSA SENHORA DO PERPÉTUO SOCORRO"},"geometry":{"type":"Polygon","coordinates":[[[-35.67686,-6.66646],[-35.67185,-6.67857],[-35.6781,-6.67866],[-35.68737,-6.67182],[-35.69047,-6.65759],[-35.69623,-6.65738],[-35.70209,-6.64325],[-35.71407,-6.63414],[-35.70686,-6.61401],[-35.69934,-6.62092],[-35.69117,-6.61843],[-35.68763,-6.62088],[-35.6839,-6.63609],[-35.6732,-6.64552],[-35.66954,-6.64353],[-35.66932,-6.63846],[-35.66341,-6.64231],[-35.67686,-6.66646]]]}},{"type":"Feature","properties":{"nome_proje":"PA ZÉ PAZ"},"geometry":{"type":"Polygon","coordinates":[[[-35.67142,-6.60833],[-35.65756,-6.61026],[-35.66063,-6.61517],[-35.6574,-6.61821],[-35.64855,-6.61688],[-35.65082,-6.61993],[-35.64796,-6.62539],[-35.65501,-6.63263],[-35.65888,-6.62729],[-35.6691,-6.62539],[-35.67001,-6.63797],[-35.67588,-6.63565],[-35.67946,-6.62837],[-35.67185,-6.61568],[-35.6686,-6.61484],[-35.67142,-6.60833]]]}},{"type":"Feature","properties":{"nome_proje":"PA NOSSA SENHORA DAS DORES"},"geometry":{"type":"Polygon","coordinates":[[[-35.79241,-6.61384],[-35.78075,-6.61881],[-35.78406,-6.62449],[-35.79351,-6.62403],[-35.79721,-6.62054],[-35.79241,-6.61384]]]}},{"type":"Feature","properties":{"nome_proje":"PA JOSE MATIAS DE ARAUJO"},"geometry":{"type":"Polygon","coordinates":[[[-35.64413,-6.61227],[-35.64856,-6.61351],[-35.64804,-6.61702],[-35.6446,-6.61495],[-35.64188,-6.61862],[-35.64503,-6.6232],[-35.65093,-6.61995],[-35.64867,-6.61689],[-35.65942,-6.61717],[-35.65767,-6.61027],[-35.65996,-6.60754],[-35.6526,-6.60667],[-35.65706,-6.59874],[-35.64803,-6.59877],[-35.6461,-6.60163],[-35.64972,-6.60111],[-35.65098,-6.60658],[-35.64413,-6.61227]]]}},{"type":"Feature","properties":{"nome_proje":"PA VARZEA GRANDE"},"geometry":{"type":"Polygon","coordinates":[[[-35.70323,-6.59772],[-35.69768,-6.59773],[-35.68748,-6.58972],[-35.68922,-6.57493],[-35.66151,-6.57799],[-35.67007,-6.58793],[-35.66913,-6.59824],[-35.68972,-6.61449],[-35.69205,-6.61283],[-35.69951,-6.621],[-35.70697,-6.61413],[-35.70323,-6.59772]]]}},{"type":"Feature","properties":{"nome_proje":"PA PADRE LUIZ"},"geometry":{"type":"Polygon","coordinates":[[[-35.72038,-6.57971],[-35.69737,-6.59621],[-35.70321,-6.59771],[-35.70492,-6.6089],[-35.70764,-6.60003],[-35.71675,-6.60134],[-35.73108,-6.59189],[-35.72962,-6.58658],[-35.72038,-6.57971]]]}},{"type":"Feature","properties":{"nome_proje":"PA SANTA VERONICA"},"geometry":{"type":"Polygon","coordinates":[[[-35.89218,-6.56656],[-35.88307,-6.58787],[-35.87499,-6.59119],[-35.87445,-6.60086],[-35.89018,-6.59365],[-35.91376,-6.59475],[-35.9172,-6.56791],[-35.91089,-6.56536],[-35.89218,-6.56656]]]}},{"type":"Feature","properties":{"nome_proje":"PA UMBURANA DA ONÇA"},"geometry":{"type":"Polygon","coordinates":[[[-35.72008,-6.57944],[-35.71361,-6.57639],[-35.71069,-6.5699],[-35.70434,-6.57394],[-35.69246,-6.57436],[-35.68946,-6.59079],[-35.69738,-6.59622],[-35.72008,-6.57944]]]}},{"type":"Feature","properties":{"nome_proje":"PA BAIXIO DO RIACHAO"},"geometry":{"type":"Polygon","coordinates":[[[-35.70195,-6.57465],[-35.70951,-6.56949],[-35.70269,-6.56568],[-35.70301,-6.56164],[-35.70858,-6.55849],[-35.70335,-6.55517],[-35.68461,-6.55068],[-35.67235,-6.56156],[-35.67285,-6.56538],[-35.68345,-6.57518],[-35.70195,-6.57465]]]}},{"type":"Feature","properties":{"nome_proje":"PA RETIRO"},"geometry":{"type":"Polygon","coordinates":[[[-35.99211,-6.48222],[-35.98661,-6.4857],[-35.96989,-6.4877],[-35.96533,-6.49535],[-35.95206,-6.50583],[-35.94367,-6.51802],[-35.94778,-6.52154],[-35.93559,-6.54049],[-35.94236,-6.55318],[-35.94355,-6.56098],[-35.94068,-6.56826],[-35.95225,-6.6002],[-35.95844,-6.59505],[-35.95949,-6.58748],[-35.96905,-6.58312],[-36.00285,-6.58804],[-36.0202,-6.55332],[-36.0072,-6.54544],[-36.00001,-6.54477],[-35.98533,-6.5559],[-35.96682,-6.54137],[-35.9675,-6.53876],[-35.97612,-6.54332],[-35.97774,-6.53078],[-35.9826,-6.52624],[-35.98262,-6.51685],[-35.99037,-6.50531],[-35.99719,-6.50172],[-35.99211,-6.48222]]]}},{"type":"Feature","properties":{"nome_proje":"PA LIMÃO"},"geometry":{"type":"Polygon","coordinates":[[[-35.8043,-6.52072],[-35.79146,-6.5283],[-35.79298,-6.53397],[-35.79809,-6.53498],[-35.79338,-6.5405],[-35.79531,-6.54499],[-35.78994,-6.54582],[-35.79432,-6.55643],[-35.80497,-6.54987],[-35.81482,-6.5563],[-35.81211,-6.5506],[-35.8159,-6.5434],[-35.81051,-6.53975],[-35.81986,-6.53866],[-35.82853,-6.53305],[-35.81178,-6.52194],[-35.8043,-6.52072]]]}},{"type":"Feature","properties":{"nome_proje":"PA BATENTES"},"geometry":{"type":"Polygon","coordinates":[[[-35.99903,-6.51651],[-35.99825,-6.50139],[-35.99408,-6.50232],[-35.98349,-6.51626],[-35.99003,-6.51928],[-36.00055,-6.54441],[-36.0211,-6.55159],[-36.02683,-6.53634],[-36.00367,-6.52801],[-36.00468,-6.525],[-35.99903,-6.51651]]]}},{"type":"Feature","properties":{"nome_proje":"PA FREI DAMIÃO"},"geometry":{"type":"Polygon","coordinates":[[[-35.78783,-6.526],[-35.78618,-6.52148],[-35.77741,-6.51526],[-35.77678,-6.53279],[-35.78135,-6.53282],[-35.78783,-6.526]]]}},{"type":"Feature","properties":{"nome_proje":"PA CALABOUCO"},"geometry":{"type":"Polygon","coordinates":[[[-35.74888,-6.49116],[-35.74646,-6.49553],[-35.74144,-6.49682],[-35.74285,-6.50428],[-35.75122,-6.50579],[-35.75894,-6.51525],[-35.76911,-6.50811],[-35.76452,-6.50024],[-35.76529,-6.49255],[-35.74888,-6.49116]]]}},{"type":"Feature","properties":{"nome_proje":"PA BELO MONTE"},"geometry":{"type":"Polygon","coordinates":[[[-36.29166,-6.81078],[-36.32066,-6.80644],[-36.31274,-6.78991],[-36.31498,-6.77653],[-36.30872,-6.76866],[-36.28407,-6.77692],[-36.28098,-6.77444],[-36.27468,-6.77703],[-36.27501,-6.78595],[-36.27021,-6.79112],[-36.27505,-6.79645],[-36.29166,-6.81078]]]}},{"type":"Feature","properties":{"nome_proje":"PA SÃO LUIS"},"geometry":{"type":"Polygon","coordinates":[[[-36.21497,-6.72125],[-36.22348,-6.71904],[-36.21261,-6.69389],[-36.22256,-6.69421],[-36.22198,-6.68722],[-36.21193,-6.67754],[-36.20669,-6.67874],[-36.20645,-6.68234],[-36.19851,-6.68769],[-36.19444,-6.68729],[-36.19326,-6.68474],[-36.20226,-6.67607],[-36.19523,-6.67183],[-36.18782,-6.67482],[-36.1906,-6.68716],[-36.17148,-6.68895],[-36.17781,-6.6975],[-36.18782,-6.69253],[-36.19835,-6.70695],[-36.19357,-6.71156],[-36.19665,-6.72149],[-36.20714,-6.71674],[-36.20668,-6.71366],[-36.21497,-6.72125]]]}},{"type":"Feature","properties":{"nome_proje":"PA PADRE ASSIS"},"geometry":{"type":"Polygon","coordinates":[[[-36.23314,-6.67046],[-36.22859,-6.69424],[-36.21261,-6.69389],[-36.22348,-6.71904],[-36.23092,-6.71711],[-36.22388,-6.70536],[-36.22813,-6.70362],[-36.24234,-6.72021],[-36.24705,-6.7195],[-36.23467,-6.70099],[-36.25686,-6.70121],[-36.25734,-6.68663],[-36.25049,-6.688],[-36.24984,-6.68422],[-36.25023,-6.68114],[-36.25756,-6.67931],[-36.25779,-6.6723],[-36.23314,-6.67046]]]}},{"type":"Feature","properties":{"nome_proje":"PA SERIDÓ"},"geometry":{"type":"Polygon","coordinates":[[[-36.82522,-6.49023],[-36.82191,-6.48434],[-36.82695,-6.46216],[-36.81832,-6.46473],[-36.81135,-6.49975],[-36.81913,-6.50274],[-36.81695,-6.50843],[-36.82267,-6.50975],[-36.82244,-6.51404],[-36.82716,-6.51778],[-36.82789,-6.53774],[-36.8317,-6.54413],[-36.83227,-6.57495],[-36.83267,-6.51363],[-36.83626,-6.51205],[-36.83761,-6.49956],[-36.8349,-6.48997],[-36.84378,-6.4901],[-36.84635,-6.49907],[-36.8596,-6.50096],[-36.85727,-6.49103],[-36.85266,-6.48644],[-36.85376,-6.48084],[-36.86119,-6.47475],[-36.85806,-6.46925],[-36.85338,-6.46916],[-36.85566,-6.45591],[-36.84155,-6.46151],[-36.84189,-6.46716],[-36.82522,-6.49023]]]}},{"type":"Feature","properties":{"nome_proje":"PA ALAGOINHA"},"geometry":{"type":"Polygon","coordinates":[[[-36.6272,-6.125],[-36.61222,-6.14052],[-36.60572,-6.1426],[-36.58812,-6.15792],[-36.57893,-6.15899],[-36.57751,-6.1678],[-36.58386,-6.16515],[-36.58718,-6.16787],[-36.63085,-6.13543],[-36.63029,-6.12752],[-36.6272,-6.125]]]}},{"type":"Feature","properties":{"nome_proje":"PA NOSSA SENHORA DAS VITÓRIAS"},"geometry":{"type":"Polygon","coordinates":[[[-36.74622,-6.14177],[-36.74714,-6.14704],[-36.75902,-6.12793],[-36.7554,-6.12193],[-36.7512,-6.12203],[-36.74962,-6.10261],[-36.74697,-6.09962],[-36.73725,-6.09986],[-36.74204,-6.11628],[-36.74041,-6.1176],[-36.73752,-6.1113],[-36.7324,-6.11367],[-36.7363,-6.12163],[-36.7271,-6.13055],[-36.72825,-6.13733],[-36.72968,-6.13986],[-36.74622,-6.14177]]]}},{"type":"Feature","properties":{"nome_proje":"PA JOSÉ MILANÊS"},"geometry":{"type":"Polygon","coordinates":[[[-36.59741,-6.0818],[-36.58698,-6.12579],[-36.5825,-6.12715],[-36.57825,-6.13434],[-36.5789,-6.15897],[-36.58807,-6.15789],[-36.61634,-6.13492],[-36.626,-6.08896],[-36.59741,-6.0818]]]}},{"type":"Feature","properties":{"nome_proje":"PA SANTANA"},"geometry":{"type":"Polygon","coordinates":[[[-36.59298,-6.05251],[-36.5779,-6.11535],[-36.57068,-6.11613],[-36.56894,-6.12154],[-36.58779,-6.12588],[-36.58945,-6.11694],[-36.58449,-6.1171],[-36.58514,-6.11195],[-36.59754,-6.06464],[-36.59298,-6.05251]]]}},{"type":"Feature","properties":{"nome_proje":"PA ACAUÃ"},"geometry":{"type":"Polygon","coordinates":[[[-36.68178,-6.09805],[-36.68921,-6.09553],[-36.69009,-6.08511],[-36.68716,-6.08235],[-36.69241,-6.06907],[-36.68671,-6.06271],[-36.6761,-6.06829],[-36.68619,-6.07719],[-36.67555,-6.10101],[-36.65933,-6.10474],[-36.6607,-6.10866],[-36.66759,-6.11116],[-36.68331,-6.10318],[-36.68178,-6.09805]]]}},{"type":"Feature","properties":{"nome_proje":"PA CÍCERO ANSELMO"},"geometry":{"type":"Polygon","coordinates":[[[-36.62761,-6.07634],[-36.6015,-6.06938],[-36.59744,-6.0818],[-36.62601,-6.08895],[-36.62761,-6.07634]]]}},{"type":"Feature","properties":{"nome_proje":"PA ALTO GRANDE"},"geometry":{"type":"Polygon","coordinates":[[[-35.74835,-6.48704],[-35.7403,-6.4894],[-35.73875,-6.4929],[-35.73337,-6.49227],[-35.7306,-6.49824],[-35.73479,-6.50226],[-35.7335,-6.51214],[-35.74137,-6.51288],[-35.74359,-6.51016],[-35.74139,-6.49865],[-35.74685,-6.49596],[-35.74835,-6.48704]]]}},{"type":"Feature","properties":{"nome_proje":"PA BARBAÇO"},"geometry":{"type":"Polygon","coordinates":[[[-35.78384,-6.48734],[-35.78411,-6.50561],[-35.78029,-6.51609],[-35.78734,-6.52131],[-35.79022,-6.52847],[-35.80753,-6.52069],[-35.81892,-6.52721],[-35.83517,-6.51877],[-35.83888,-6.51997],[-35.84515,-6.53058],[-35.85987,-6.50401],[-35.8505,-6.49059],[-35.8289,-6.48301],[-35.81511,-6.46444],[-35.79211,-6.48439],[-35.78384,-6.48734]]]}},{"type":"Feature","properties":{"nome_proje":"PA SÃO JOSÉ"},"geometry":{"type":"Polygon","coordinates":[[[-35.75516,-6.48574],[-35.75287,-6.48415],[-35.75423,-6.49075],[-35.76479,-6.49244],[-35.76398,-6.50014],[-35.76904,-6.50833],[-35.78336,-6.50319],[-35.78095,-6.49741],[-35.78402,-6.49334],[-35.77632,-6.49657],[-35.78019,-6.49919],[-35.77644,-6.50347],[-35.77399,-6.49489],[-35.77013,-6.49732],[-35.7728,-6.49192],[-35.77899,-6.49305],[-35.77696,-6.4877],[-35.76907,-6.49029],[-35.76908,-6.48273],[-35.76469,-6.47799],[-35.75516,-6.48574]]]}},{"type":"Feature","properties":{"nome_proje":"PA CASINHAS"},"geometry":{"type":"Polygon","coordinates":[[[-35.84146,-6.43187],[-35.81509,-6.46438],[-35.8289,-6.48326],[-35.85049,-6.49082],[-35.86349,-6.4798],[-35.87241,-6.46095],[-35.84146,-6.43187]]]}},{"type":"Feature","properties":{"nome_proje":"PA RONDA"},"geometry":{"type":"Polygon","coordinates":[[[-35.80538,-6.29201],[-35.80631,-6.301],[-35.77657,-6.31369],[-35.79848,-6.30437],[-35.77949,-6.31701],[-35.78016,-6.31904],[-35.79943,-6.30618],[-35.80423,-6.31901],[-35.82537,-6.33808],[-35.83204,-6.35257],[-35.8189,-6.37951],[-35.83189,-6.35468],[-35.83164,-6.35774],[-35.81994,-6.38129],[-35.83157,-6.35834],[-35.8561,-6.35735],[-35.85907,-6.35358],[-35.85826,-6.34452],[-35.8496,-6.34036],[-35.85336,-6.33756],[-35.85679,-6.31376],[-35.85117,-6.30523],[-35.84618,-6.30599],[-35.84714,-6.30034],[-35.84238,-6.30308],[-35.83615,-6.29488],[-35.83328,-6.29472],[-35.82679,-6.30584],[-35.8166,-6.30726],[-35.81243,-6.29392],[-35.80538,-6.29201]]]}},{"type":"Feature","properties":{"nome_proje":"PA ALTO DA COLINA"},"geometry":{"type":"Polygon","coordinates":[[[-35.98027,-6.26763],[-35.96513,-6.2749],[-35.96422,-6.28069],[-35.95809,-6.28047],[-35.96047,-6.28668],[-35.98923,-6.2833],[-35.98931,-6.27844],[-36.0061,-6.28044],[-36.00793,-6.2662],[-36.00427,-6.26363],[-36.00276,-6.26786],[-35.98027,-6.26763]]]}},{"type":"Feature","properties":{"nome_proje":"PA SANTA RITA"},"geometry":{"type":"Polygon","coordinates":[[[-35.92261,-6.25446],[-35.90035,-6.24431],[-35.89573,-6.2365],[-35.88886,-6.23487],[-35.89512,-6.26343],[-35.90154,-6.2597],[-35.91055,-6.26051],[-35.92261,-6.25446]]]}},{"type":"Feature","properties":{"nome_proje":"PA UIRAPURU"},"geometry":{"type":"Polygon","coordinates":[[[-35.7977,-6.20636],[-35.75312,-6.24237],[-35.75453,-6.2469],[-35.76956,-6.25695],[-35.76053,-6.2669],[-35.76222,-6.26913],[-35.76849,-6.27066],[-35.78498,-6.25224],[-35.76697,-6.26898],[-35.76581,-6.26713],[-35.80992,-6.22127],[-35.80862,-6.21564],[-35.79975,-6.21243],[-35.7977,-6.20636]]]}},{"type":"Feature","properties":{"nome_proje":"PA TRÊS VOLTAS"},"geometry":{"type":"Polygon","coordinates":[[[-35.84561,-6.16613],[-35.82989,-6.17117],[-35.8394,-6.17648],[-35.84088,-6.189],[-35.82799,-6.21681],[-35.84106,-6.23276],[-35.85999,-6.22181],[-35.87506,-6.19917],[-35.86619,-6.17939],[-35.85686,-6.18491],[-35.84858,-6.16121],[-35.84561,-6.16613]]]}},{"type":"Feature","properties":{"nome_proje":"PA PEDRA SÃO PEDRO"},"geometry":{"type":"Polygon","coordinates":[[[-35.93692,-6.09964],[-35.93216,-6.11609],[-35.92401,-6.11383],[-35.92233,-6.11958],[-35.91398,-6.11709],[-35.91238,-6.12252],[-35.91894,-6.12427],[-35.91276,-6.147],[-35.90979,-6.14622],[-35.90618,-6.16604],[-35.91801,-6.16299],[-35.92747,-6.15032],[-35.92515,-6.14984],[-35.93197,-6.12203],[-35.94023,-6.12599],[-35.93759,-6.13509],[-35.94119,-6.13643],[-35.93638,-6.1522],[-35.94092,-6.15315],[-35.95049,-6.12148],[-35.93709,-6.11749],[-35.9416,-6.10114],[-35.93692,-6.09964]]]}},{"type":"Feature","properties":{"nome_proje":"PA TANQUES"},"geometry":{"type":"Polygon","coordinates":[[[-35.60794,-6.54933],[-35.60499,-6.56201],[-35.59602,-6.56084],[-35.59256,-6.56341],[-35.61094,-6.58131],[-35.61451,-6.58261],[-35.61555,-6.5801],[-35.63277,-6.58652],[-35.63734,-6.58054],[-35.63951,-6.56905],[-35.64478,-6.56463],[-35.64533,-6.55784],[-35.63901,-6.55548],[-35.63603,-6.56349],[-35.63037,-6.55667],[-35.61894,-6.55132],[-35.61708,-6.54507],[-35.60794,-6.54933]],[[-35.59812,-6.56821],[-35.59812,-6.56822],[-35.59812,-6.56822],[-35.59812,-6.56821]]]}},{"type":"Feature","properties":{"nome_proje":"PA VAZANTE"},"geometry":{"type":"Polygon","coordinates":[[[-35.52341,-6.5755],[-35.53532,-6.55827],[-35.53213,-6.54634],[-35.52546,-6.53738],[-35.51802,-6.53801],[-35.51882,-6.56615],[-35.52341,-6.5755]]]}},{"type":"Feature","properties":{"nome_proje":"PA JOSÉ RODRIGUES SOBRINHO"},"geometry":{"type":"Polygon","coordinates":[[[-35.34863,-6.43227],[-35.33273,-6.43165],[-35.33287,-6.45033],[-35.32747,-6.45341],[-35.32814,-6.45784],[-35.33263,-6.45805],[-35.33263,-6.46534],[-35.34318,-6.46254],[-35.34295,-6.49802],[-35.35596,-6.50416],[-35.36605,-6.50216],[-35.36047,-6.44395],[-35.34856,-6.44096],[-35.34863,-6.43227]]]}},{"type":"Feature","properties":{"nome_proje":"PA DOM PEDRO II"},"geometry":{"type":"Polygon","coordinates":[[[-35.64095,-6.16001],[-35.61133,-6.16014],[-35.60543,-6.18584],[-35.6222,-6.18687],[-35.62403,-6.19945],[-35.6427,-6.19901],[-35.64027,-6.1869],[-35.64309,-6.18582],[-35.64367,-6.17465],[-35.64095,-6.16001]]]}},{"type":"Feature","properties":{"nome_proje":"PA MARGARIDA ALVES"},"geometry":{"type":"Polygon","coordinates":[[[-35.50054,-6.0037],[-35.48004,-6.00473],[-35.47278,-6.01146],[-35.46149,-6.01184],[-35.461,-6.01772],[-35.51474,-6.03429],[-35.51764,-6.02566],[-35.50825,-6.01889],[-35.50054,-6.0037]]]}},{"type":"Feature","properties":{"nome_proje":"PA ZUMBI DOS PALMARES"},"geometry":{"type":"Polygon","coordinates":[[[-35.51408,-5.96678],[-35.50931,-5.97036],[-35.50328,-5.98378],[-35.50127,-6.00238],[-35.50781,-6.00177],[-35.51408,-5.96678]]]}},{"type":"Feature","properties":{"nome_proje":"PA QUILOMBO DOS PALMARES II"},"geometry":{"type":"Polygon","coordinates":[[[-35.36774,-5.93656],[-35.34613,-5.94334],[-35.35081,-5.95334],[-35.38095,-5.95483],[-35.36774,-5.93656]]]}},{"type":"Feature","properties":{"nome_proje":"PA ELDORADO DOS CARAJÁS"},"geometry":{"type":"Polygon","coordinates":[[[-35.38155,-5.92173],[-35.35928,-5.92499],[-35.35977,-5.92822],[-35.34168,-5.93338],[-35.34234,-5.92835],[-35.3316,-5.94791],[-35.33744,-5.94094],[-35.34733,-5.94613],[-35.34609,-5.94332],[-35.3677,-5.93654],[-35.37751,-5.95024],[-35.38563,-5.93535],[-35.38155,-5.92173]]]}},{"type":"Feature","properties":{"nome_proje":"PA CARACAXÁ"},"geometry":{"type":"Polygon","coordinates":[[[-35.49055,-5.93426],[-35.50323,-5.94525],[-35.50776,-5.94316],[-35.5013,-5.93974],[-35.51046,-5.93798],[-35.50588,-5.93451],[-35.50492,-5.926],[-35.49279,-5.92647],[-35.48722,-5.92252],[-35.47902,-5.90171],[-35.4764,-5.90231],[-35.47698,-5.91075],[-35.47364,-5.90948],[-35.47216,-5.91237],[-35.47195,-5.90893],[-35.46869,-5.90872],[-35.46863,-5.93197],[-35.47732,-5.93568],[-35.4806,-5.93046],[-35.49055,-5.93426]]]}},{"type":"Feature","properties":{"nome_proje":"PA JOSÉ COELHO SILVA"},"geometry":{"type":"Polygon","coordinates":[[[-35.47647,-5.886],[-35.47637,-5.9023],[-35.479,-5.9017],[-35.48719,-5.92252],[-35.49276,-5.92646],[-35.50489,-5.92599],[-35.50468,-5.92152],[-35.51473,-5.92547],[-35.51792,-5.9113],[-35.49319,-5.89089],[-35.47647,-5.886]]]}},{"type":"Feature","properties":{"nome_proje":"PA TRÊS CORAÇÕES"},"geometry":{"type":"Polygon","coordinates":[[[-35.83072,-6.10934],[-35.7533,-6.08913],[-35.7391,-6.13464],[-35.76215,-6.14069],[-35.76613,-6.12795],[-35.78237,-6.12575],[-35.7837,-6.12181],[-35.81116,-6.12893],[-35.83072,-6.10934]]]}},{"type":"Feature","properties":{"nome_proje":"PA RIACHO DO MEIO"},"geometry":{"type":"Polygon","coordinates":[[[-35.76411,-6.05713],[-35.72722,-6.07271],[-35.72436,-6.08155],[-35.76562,-6.0924],[-35.76411,-6.05713]]]}},{"type":"Feature","properties":{"nome_proje":"PA POTENGI"},"geometry":{"type":"Polygon","coordinates":[[[-35.81375,-6.00978],[-35.7742,-6.01137],[-35.76746,-6.04162],[-35.76638,-6.09224],[-35.84096,-6.11133],[-35.84323,-6.10524],[-35.8497,-6.10734],[-35.85814,-6.0714],[-35.82481,-6.02856],[-35.84338,-6.00095],[-35.84,-5.99948],[-35.82218,-6.02616],[-35.81375,-6.00978]]]}},{"type":"Feature","properties":{"nome_proje":"PA PASSAGEM DO JUAZEIRO"},"geometry":{"type":"Polygon","coordinates":[[[-35.77401,-6.01148],[-35.8149,-6.01373],[-35.79976,-5.98643],[-35.80219,-5.97222],[-35.79846,-5.97146],[-35.79543,-5.98281],[-35.78425,-5.97835],[-35.76739,-5.97849],[-35.76719,-5.9692],[-35.75642,-5.9681],[-35.75571,-5.99498],[-35.74431,-5.99518],[-35.74442,-5.99144],[-35.71242,-5.99254],[-35.70992,-5.99706],[-35.72716,-5.99525],[-35.73161,-6.00342],[-35.7282,-6.00928],[-35.71867,-6.00539],[-35.70602,-6.0059],[-35.70784,-6.0118],[-35.73358,-6.01263],[-35.723,-6.01819],[-35.72074,-6.05743],[-35.75807,-6.04187],[-35.75801,-6.03765],[-35.77256,-6.03853],[-35.77401,-6.01148]]]}},{"type":"Feature","properties":{"nome_proje":"PA MARIA DAS GRAÇAS II"},"geometry":{"type":"Polygon","coordinates":[[[-35.68802,-5.992],[-35.69289,-5.99904],[-35.67369,-6.0131],[-35.6794,-6.01882],[-35.68122,-6.02916],[-35.68474,-6.0303],[-35.68696,-6.02886],[-35.68429,-6.02591],[-35.69915,-6.0103],[-35.69643,-6.00611],[-35.69996,-5.99218],[-35.69369,-5.98804],[-35.68802,-5.992]]]}},{"type":"Feature","properties":{"nome_proje":"PA PEQUENA VANESSA"},"geometry":{"type":"Polygon","coordinates":[[[-35.68119,-5.98272],[-35.67069,-5.98334],[-35.66217,-6.00493],[-35.67401,-6.00843],[-35.66799,-6.03005],[-35.68123,-6.02917],[-35.67941,-6.01884],[-35.67369,-6.01311],[-35.6929,-5.99905],[-35.6876,-5.99231],[-35.69372,-5.98803],[-35.68119,-5.98272]]]}},{"type":"Feature","properties":{"nome_proje":"PA BELA VISTA"},"geometry":{"type":"Polygon","coordinates":[[[-35.69395,-5.89458],[-35.69129,-5.89197],[-35.68715,-5.90693],[-35.68283,-5.90616],[-35.66724,-5.97122],[-35.67348,-5.97449],[-35.67461,-5.9697],[-35.6788,-5.97003],[-35.68086,-5.95974],[-35.6769,-5.95992],[-35.69395,-5.89458]]]}},{"type":"Feature","properties":{"nome_proje":"PA UNIÃO"},"geometry":{"type":"Polygon","coordinates":[[[-35.89365,-5.88401],[-35.90107,-5.89793],[-35.89746,-5.90089],[-35.90267,-5.91118],[-35.89712,-5.91227],[-35.90084,-5.92651],[-35.91063,-5.92076],[-35.9146,-5.92679],[-35.92071,-5.92824],[-35.92013,-5.97755],[-35.92229,-5.95231],[-35.92539,-5.95236],[-35.92445,-5.93962],[-35.929,-5.92876],[-35.92657,-5.91939],[-35.92242,-5.92055],[-35.91934,-5.91654],[-35.91608,-5.90432],[-35.90871,-5.90802],[-35.89553,-5.88318],[-35.89365,-5.88401]]]}},{"type":"Feature","properties":{"nome_proje":"PA PATATIVA DO ASSARÉ II"},"geometry":{"type":"Polygon","coordinates":[[[-35.85348,-5.8436],[-35.85025,-5.86847],[-35.84403,-5.87081],[-35.84106,-5.88163],[-35.85072,-5.88088],[-35.88228,-5.86499],[-35.87851,-5.84735],[-35.85348,-5.8436]]]}},{"type":"Feature","properties":{"nome_proje":"PA PEDRA BRANCA"},"geometry":{"type":"Polygon","coordinates":[[[-35.75855,-5.86454],[-35.79467,-5.87039],[-35.78811,-5.85046],[-35.7958,-5.84887],[-35.79172,-5.83146],[-35.76881,-5.83401],[-35.76653,-5.84486],[-35.7622,-5.84723],[-35.75855,-5.86454]]]}},{"type":"Feature","properties":{"nome_proje":"PA LAGOA NOVA I"},"geometry":{"type":"Polygon","coordinates":[[[-35.76026,-5.77083],[-35.77859,-5.79113],[-35.78154,-5.80026],[-35.79955,-5.78416],[-35.83897,-5.79759],[-35.85877,-5.76743],[-35.84842,-5.75954],[-35.83642,-5.72906],[-35.83127,-5.73014],[-35.8266,-5.71957],[-35.78389,-5.71342],[-35.76609,-5.72106],[-35.76026,-5.77083]]]}},{"type":"Feature","properties":{"nome_proje":"PA SANTA MARIA II"},"geometry":{"type":"Polygon","coordinates":[[[-35.7642,-5.73862],[-35.747,-5.74299],[-35.74951,-5.76171],[-35.75515,-5.76656],[-35.76132,-5.76341],[-35.7642,-5.73862]]]}},{"type":"Feature","properties":{"nome_proje":"PA ESPINHEIRO"},"geometry":{"type":"Polygon","coordinates":[[[-35.85622,-5.68842],[-35.82947,-5.69554],[-35.78399,-5.71332],[-35.82659,-5.71954],[-35.83133,-5.73],[-35.8856,-5.71988],[-35.87053,-5.70882],[-35.86332,-5.69094],[-35.85622,-5.68842]]]}},{"type":"Feature","properties":{"nome_proje":"PA ALDEMIR LEMOS"},"geometry":{"type":"Polygon","coordinates":[[[-35.75952,-5.69451],[-35.75217,-5.69946],[-35.75221,-5.70836],[-35.81639,-5.69227],[-35.81267,-5.68535],[-35.78542,-5.69235],[-35.78268,-5.6841],[-35.7587,-5.69201],[-35.75952,-5.69451]]]}},{"type":"Feature","properties":{"nome_proje":"PA BARRETO"},"geometry":{"type":"Polygon","coordinates":[[[-35.81267,-5.68535],[-35.81638,-5.69224],[-35.84176,-5.68631],[-35.83485,-5.67963],[-35.81267,-5.68535]]]}},{"type":"Feature","properties":{"nome_proje":"PA CANADÁ"},"geometry":{"type":"MultiPolygon","coordinates":[[[[-35.85138,-5.67098],[-35.85685,-5.66711],[-35.85092,-5.66132],[-35.8121,-5.6742],[-35.81632,-5.68443],[-35.83494,-5.67965],[-35.84653,-5.69086],[-35.8605,-5.68694],[-35.86033,-5.68034],[-35.85381,-5.68321],[-35.85138,-5.67098]]],[[[-35.81196,-5.67482],[-35.78301,-5.68496],[-35.78548,-5.69237],[-35.81596,-5.68451],[-35.81196,-5.67482]]]]}},{"type":"Feature","properties":{"nome_proje":"PA SANTA TEREZA"},"geometry":{"type":"Polygon","coordinates":[[[-35.71835,-5.63376],[-35.70559,-5.63943],[-35.70667,-5.66795],[-35.71335,-5.68187],[-35.71155,-5.69839],[-35.71528,-5.69355],[-35.71778,-5.67674],[-35.71434,-5.67203],[-35.71313,-5.66],[-35.72027,-5.66039],[-35.71835,-5.63376]]]}},{"type":"Feature","properties":{"nome_proje":"PA 07 DE JUNHO"},"geometry":{"type":"Polygon","coordinates":[[[-35.83167,-5.65496],[-35.7797,-5.6755],[-35.78022,-5.67703],[-35.83268,-5.65771],[-35.83167,-5.65496]]]}},{"type":"Feature","properties":{"nome_proje":"PA LIBERDADE"},"geometry":{"type":"Polygon","coordinates":[[[-35.85805,-5.64383],[-35.85647,-5.63972],[-35.73043,-5.68679],[-35.73079,-5.69119],[-35.85805,-5.64383]]]}},{"type":"Feature","properties":{"nome_proje":"PA MADALENA"},"geometry":{"type":"Polygon","coordinates":[[[-35.72981,-5.67928],[-35.73027,-5.68457],[-35.85547,-5.63796],[-35.85379,-5.63375],[-35.72981,-5.67928]]]}},{"type":"Feature","properties":{"nome_proje":"PA ROSELI NUNES"},"geometry":{"type":"Polygon","coordinates":[[[-35.62641,-5.7626],[-35.60708,-5.76133],[-35.6068,-5.79475],[-35.60452,-5.79373],[-35.59867,-5.81561],[-35.6119,-5.819],[-35.62641,-5.7626]]]}},{"type":"Feature","properties":{"nome_proje":"PA LAGOA NOVA II"},"geometry":{"type":"Polygon","coordinates":[[[-35.62807,-5.73931],[-35.61327,-5.73336],[-35.61185,-5.74032],[-35.60285,-5.73711],[-35.59215,-5.73953],[-35.59297,-5.74436],[-35.60701,-5.75211],[-35.60463,-5.75292],[-35.60703,-5.75635],[-35.61138,-5.75514],[-35.61273,-5.76083],[-35.62626,-5.76262],[-35.62704,-5.75878],[-35.63999,-5.75852],[-35.63804,-5.76641],[-35.64425,-5.76691],[-35.64698,-5.75532],[-35.64116,-5.75621],[-35.63816,-5.74841],[-35.64073,-5.7476],[-35.64453,-5.75427],[-35.65369,-5.74979],[-35.64962,-5.74154],[-35.65964,-5.73559],[-35.64888,-5.73922],[-35.65737,-5.7309],[-35.6557,-5.72859],[-35.64677,-5.73903],[-35.63533,-5.73803],[-35.63582,-5.74392],[-35.62803,-5.74528],[-35.62807,-5.73931]]]}},{"type":"Feature","properties":{"nome_proje":"PA SÃO SEBASTIÃO"},"geometry":{"type":"Polygon","coordinates":[[[-35.52095,-5.70954],[-35.51559,-5.72587],[-35.4974,-5.73112],[-35.48998,-5.71813],[-35.47648,-5.70615],[-35.47381,-5.71231],[-35.4813,-5.71428],[-35.48233,-5.71898],[-35.48255,-5.76695],[-35.4929,-5.76654],[-35.48891,-5.75966],[-35.49117,-5.75846],[-35.48971,-5.75146],[-35.49704,-5.75177],[-35.49551,-5.74188],[-35.50702,-5.73243],[-35.519,-5.73126],[-35.52148,-5.72629],[-35.52775,-5.72772],[-35.53287,-5.72059],[-35.53848,-5.72502],[-35.5445,-5.74466],[-35.57213,-5.7465],[-35.58701,-5.71505],[-35.55881,-5.71528],[-35.55865,-5.71278],[-35.54785,-5.71636],[-35.54148,-5.69743],[-35.51528,-5.70338],[-35.51575,-5.70725],[-35.52095,-5.70954]]]}},{"type":"Feature","properties":{"nome_proje":"PA CARLOS MARIGHELLA"},"geometry":{"type":"Polygon","coordinates":[[[-35.47318,-5.71214],[-35.47603,-5.70533],[-35.46449,-5.69396],[-35.46167,-5.71301],[-35.47074,-5.71276],[-35.47079,-5.71533],[-35.46719,-5.71345],[-35.46627,-5.72517],[-35.46253,-5.72478],[-35.46424,-5.7171],[-35.4598,-5.71647],[-35.45241,-5.72716],[-35.46084,-5.73083],[-35.46037,-5.73757],[-35.46139,-5.73104],[-35.46747,-5.73356],[-35.47548,-5.73071],[-35.47711,-5.71185],[-35.47318,-5.71214]]]}},{"type":"Feature","properties":{"nome_proje":"PA LOGRADOURO"},"geometry":{"type":"Polygon","coordinates":[[[-35.58894,-5.71225],[-35.57145,-5.70387],[-35.57113,-5.70792],[-35.56135,-5.713],[-35.56528,-5.72245],[-35.58894,-5.71225]]]}},{"type":"Feature","properties":{"nome_proje":"PA PADRE CICERO"},"geometry":{"type":"Polygon","coordinates":[[[-35.49359,-5.69618],[-35.47572,-5.69241],[-35.4685,-5.69603],[-35.48146,-5.71137],[-35.51138,-5.7041],[-35.50243,-5.67842],[-35.4926,-5.68059],[-35.49787,-5.68823],[-35.49359,-5.69618]]]}},{"type":"Feature","properties":{"nome_proje":"PA PRIMEIRA LAGOA"},"geometry":{"type":"Polygon","coordinates":[[[-35.50258,-5.67827],[-35.51153,-5.70394],[-35.52849,-5.70037],[-35.51838,-5.67475],[-35.50258,-5.67827]]]}},{"type":"Feature","properties":{"nome_proje":"PA ESPÍRITO SANTO"},"geometry":{"type":"Polygon","coordinates":[[[-35.46771,-5.64549],[-35.46516,-5.68111],[-35.46817,-5.68588],[-35.52139,-5.67428],[-35.51981,-5.65364],[-35.52204,-5.65214],[-35.46771,-5.64549]]]}},{"type":"Feature","properties":{"nome_proje":"PA SÃO JOÃO"},"geometry":{"type":"Polygon","coordinates":[[[-35.48291,-5.64646],[-35.48952,-5.64725],[-35.49151,-5.61897],[-35.48909,-5.60886],[-35.48534,-5.61068],[-35.48291,-5.64646]]]}},{"type":"Feature","properties":{"nome_proje":"PA SÃO JOSÉ - PEDREGULHO"},"geometry":{"type":"Polygon","coordinates":[[[-35.46646,-5.55004],[-35.46673,-5.60526],[-35.47703,-5.6064],[-35.48024,-5.55144],[-35.46646,-5.55004]]]}},{"type":"Feature","properties":{"nome_proje":"PA UBERLÂNDIA"},"geometry":{"type":"Polygon","coordinates":[[[-35.72357,-5.60813],[-35.70913,-5.61327],[-35.70933,-5.63394],[-35.72418,-5.62996],[-35.72357,-5.60813]]]}},{"type":"Feature","properties":{"nome_proje":"PA SANTA LUZIA II"},"geometry":{"type":"Polygon","coordinates":[[[-35.72009,-5.59437],[-35.70518,-5.59553],[-35.7056,-5.59983],[-35.70041,-5.60079],[-35.70039,-5.61042],[-35.70506,-5.60848],[-35.70675,-5.61412],[-35.72007,-5.60935],[-35.72009,-5.59437]]]}},{"type":"Feature","properties":{"nome_proje":"PA NOSSA SENHORA DA PIEDADE"},"geometry":{"type":"Polygon","coordinates":[[[-35.73006,-5.60795],[-35.72624,-5.60091],[-35.73165,-5.60219],[-35.73088,-5.59436],[-35.73614,-5.59212],[-35.73574,-5.58806],[-35.72343,-5.593],[-35.72405,-5.58014],[-35.70265,-5.59],[-35.70518,-5.59553],[-35.72049,-5.59422],[-35.72244,-5.59828],[-35.72007,-5.60935],[-35.73006,-5.60795]]]}},{"type":"Feature","properties":{"nome_proje":"PA NOVA ALIANÇA"},"geometry":{"type":"MultiPolygon","coordinates":[[[[-35.69247,-5.57559],[-35.72384,-5.56588],[-35.72232,-5.56102],[-35.7015,-5.57007],[-35.70139,-5.56286],[-35.68799,-5.56409],[-35.69247,-5.57559]]],[[[-35.7028,-5.58971],[-35.72098,-5.58344],[-35.72744,-5.57756],[-35.72401,-5.56641],[-35.70161,-5.57336],[-35.7028,-5.58971]]]]}},{"type":"Feature","properties":{"nome_proje":"PA SÃO PEDRO"},"geometry":{"type":"Polygon","coordinates":[[[-36.09526,-5.52327],[-36.08445,-5.49307],[-36.07791,-5.49383],[-36.08256,-5.50561],[-36.07592,-5.50769],[-36.07121,-5.49157],[-36.05225,-5.49775],[-36.04234,-5.55229],[-36.05457,-5.55422],[-36.05485,-5.57508],[-36.05212,-5.57526],[-36.05277,-5.58066],[-36.02472,-5.59072],[-36.03112,-5.59945],[-36.05258,-5.59336],[-36.05186,-5.60667],[-36.05825,-5.62556],[-36.07949,-5.61295],[-36.08367,-5.58323],[-36.10034,-5.58305],[-36.10301,-5.57114],[-36.08612,-5.57247],[-36.08914,-5.56499],[-36.08739,-5.52513],[-36.09526,-5.52327]]]}},{"type":"Feature","properties":{"nome_proje":"PA SURUBIM"},"geometry":{"type":"Polygon","coordinates":[[[-35.72217,-5.56075],[-35.71243,-5.54415],[-35.68438,-5.53924],[-35.68466,-5.55684],[-35.67808,-5.55554],[-35.67971,-5.56544],[-35.70135,-5.56284],[-35.70155,-5.57001],[-35.72217,-5.56075]]]}},{"type":"Feature","properties":{"nome_proje":"PA JERUSALEM"},"geometry":{"type":"Polygon","coordinates":[[[-35.65124,-5.51629],[-35.65143,-5.51907],[-35.64829,-5.5184],[-35.64678,-5.54404],[-35.64403,-5.54555],[-35.64645,-5.55291],[-35.64358,-5.55964],[-35.64662,-5.56001],[-35.64486,-5.56923],[-35.6523,-5.56711],[-35.66561,-5.57013],[-35.6689,-5.55365],[-35.68469,-5.55684],[-35.6843,-5.53265],[-35.65843,-5.53066],[-35.65971,-5.51573],[-35.65124,-5.51629]]]}},{"type":"Feature","properties":{"nome_proje":"PA SANTA TEREZINHA"},"geometry":{"type":"Polygon","coordinates":[[[-35.91298,-5.50945],[-35.91103,-5.50684],[-35.90723,-5.50806],[-35.90672,-5.51113],[-35.91188,-5.5132],[-35.90872,-5.52226],[-35.8857,-5.52746],[-35.88951,-5.52849],[-35.88976,-5.54932],[-35.89952,-5.54744],[-35.91377,-5.53346],[-35.9186,-5.54525],[-35.9435,-5.54528],[-35.93939,-5.49864],[-35.91298,-5.50945]]]}},{"type":"Feature","properties":{"nome_proje":"PA SANTA LUZIA III"},"geometry":{"type":"Polygon","coordinates":[[[-35.82717,-5.48826],[-35.80469,-5.48939],[-35.80852,-5.50946],[-35.81824,-5.51583],[-35.82172,-5.51536],[-35.82854,-5.49161],[-35.82717,-5.48826]]]}},{"type":"Feature","properties":{"nome_proje":"PA MARIA DAS GRAÇAS"},"geometry":{"type":"Polygon","coordinates":[[[-35.76062,-5.49078],[-35.76923,-5.51378],[-35.79755,-5.50317],[-35.79548,-5.5015],[-35.80581,-5.49389],[-35.80464,-5.48938],[-35.76062,-5.49078]]]}},{"type":"Feature","properties":{"nome_proje":"PA RESISTÊNCIA POTIGUAR"},"geometry":{"type":"MultiPolygon","coordinates":[[[[-35.36451,-5.5864],[-35.37269,-5.58439],[-35.37551,-5.544],[-35.36799,-5.54409],[-35.36451,-5.5864]]],[[[-35.37113,-5.6091],[-35.37169,-5.59219],[-35.37266,-5.58477],[-35.36449,-5.58676],[-35.36559,-5.609],[-35.37113,-5.6091]]]]}},{"type":"Feature","properties":{"nome_proje":"PA TABOLEIRO DO BARRETO"},"geometry":{"type":"Polygon","coordinates":[[[-35.60282,-5.51823],[-35.60138,-5.53146],[-35.60368,-5.54645],[-35.61351,-5.57987],[-35.60988,-5.58368],[-35.61151,-5.58627],[-35.61673,-5.58345],[-35.62189,-5.59648],[-35.62039,-5.58222],[-35.62666,-5.57866],[-35.62349,-5.55341],[-35.63408,-5.55304],[-35.63228,-5.54627],[-35.62391,-5.54687],[-35.62511,-5.54059],[-35.62089,-5.54177],[-35.61827,-5.52766],[-35.61209,-5.52628],[-35.60654,-5.51687],[-35.60282,-5.51823]]]}},{"type":"Feature","properties":{"nome_proje":"PA ÁGUAS VIVAS"},"geometry":{"type":"Polygon","coordinates":[[[-35.3504,-5.52211],[-35.34754,-5.51143],[-35.34888,-5.53797],[-35.34421,-5.5221],[-35.347,-5.54947],[-35.34393,-5.55636],[-35.34745,-5.57224],[-35.35214,-5.5714],[-35.3539,-5.54423],[-35.35375,-5.52211],[-35.3504,-5.52211]]]}},{"type":"Feature","properties":{"nome_proje":"PA NOVA ESPERANÇA II"},"geometry":{"type":"Polygon","coordinates":[[[-35.48892,-5.48741],[-35.48128,-5.48472],[-35.47025,-5.48565],[-35.47053,-5.50925],[-35.46716,-5.52665],[-35.48029,-5.54093],[-35.47994,-5.55095],[-35.48586,-5.55254],[-35.48667,-5.56508],[-35.48907,-5.55367],[-35.48892,-5.48741]]]}},{"type":"Feature","properties":{"nome_proje":"PA RIACHÃO II"},"geometry":{"type":"Polygon","coordinates":[[[-35.35498,-5.47307],[-35.3484,-5.4781],[-35.36085,-5.51128],[-35.35298,-5.51189],[-35.35397,-5.54424],[-35.38504,-5.54388],[-35.3844,-5.51192],[-35.37398,-5.50546],[-35.36753,-5.50653],[-35.35875,-5.47721],[-35.35498,-5.47307]]]}},{"type":"Feature","properties":{"nome_proje":"PA NOVO HORIZONTE II"},"geometry":{"type":"MultiPolygon","coordinates":[[[[-35.33412,-5.48525],[-35.32682,-5.49034],[-35.33234,-5.49429],[-35.33545,-5.51749],[-35.34204,-5.51169],[-35.33412,-5.48525]]],[[[-35.32446,-5.48928],[-35.32474,-5.4899],[-35.32514,-5.48985],[-35.32446,-5.48928]]]]}},{"type":"Feature","properties":{"nome_proje":"PA BERNARDO MARIM"},"geometry":{"type":"MultiPolygon","coordinates":[[[[-35.58312,-5.47681],[-35.58555,-5.47764],[-35.58441,-5.47375],[-35.58677,-5.47271],[-35.58486,-5.46676],[-35.58045,-5.46573],[-35.57855,-5.46641],[-35.58299,-5.47594],[-35.57924,-5.47784],[-35.57479,-5.4753],[-35.5771,-5.484],[-35.58333,-5.48399],[-35.58312,-5.47681]]],[[[-35.5938,-5.53368],[-35.60396,-5.52808],[-35.60139,-5.50276],[-35.5894,-5.50444],[-35.58623,-5.49352],[-35.58245,-5.49402],[-35.5827,-5.48416],[-35.57488,-5.48436],[-35.57676,-5.49712],[-35.5698,-5.49719],[-35.58325,-5.52921],[-35.5938,-5.53368]]]]}},{"type":"Feature","properties":{"nome_proje":"PA SÃO JOSÉ DE MAXARANGUAPE"},"geometry":{"type":"Polygon","coordinates":[[[-35.29561,-5.49233],[-35.2919,-5.49365],[-35.29569,-5.49389],[-35.29561,-5.49233]]]}},{"type":"Feature","properties":{"nome_proje":"PA NOVA VIDA II"},"geometry":{"type":"MultiPolygon","coordinates":[[[[-35.46427,-5.47768],[-35.4645,-5.47757],[-35.46413,-5.47741],[-35.46427,-5.47768]]],[[[-35.46132,-5.4771],[-35.4613,-5.47721],[-35.46152,-5.47698],[-35.46132,-5.4771]]],[[[-35.46035,-5.47739],[-35.46074,-5.47707],[-35.45974,-5.47702],[-35.46035,-5.47739]]],[[[-35.45608,-5.47431],[-35.45608,-5.47431],[-35.45608,-5.47431],[-35.45608,-5.47431]]],[[[-35.43833,-5.50473],[-35.45434,-5.46983],[-35.44233,-5.46786],[-35.43833,-5.50473]]]]}},{"type":"Feature","properties":{"nome_proje":"PA VALE VERDE"},"geometry":{"type":"MultiPolygon","coordinates":[[[[-35.44072,-5.46789],[-35.43713,-5.46965],[-35.43481,-5.48233],[-35.43485,-5.50068],[-35.43872,-5.50169],[-35.44072,-5.46789]]],[[[-35.43546,-5.46919],[-35.43524,-5.46938],[-35.43681,-5.46961],[-35.43546,-5.46919]]],[[[-35.43484,-5.46908],[-35.43452,-5.46934],[-35.4348,-5.46926],[-35.43484,-5.46908]]]]}},{"type":"Feature","properties":{"nome_proje":"PA FAZENDA FEIJÃO"},"geometry":{"type":"Polygon","coordinates":[[[-36.3734,-5.563],[-36.36132,-5.57359],[-36.37227,-5.57792],[-36.36344,-5.5782],[-36.36536,-5.58107],[-36.37104,-5.57971],[-36.37562,-5.60064],[-36.37865,-5.60033],[-36.38238,-5.60639],[-36.38556,-5.60288],[-36.40466,-5.60123],[-36.3843,-5.56295],[-36.37278,-5.56544],[-36.3734,-5.563]]]}},{"type":"Feature","properties":{"nome_proje":"PA BONFIM"},"geometry":{"type":"Polygon","coordinates":[[[-36.65562,-5.52622],[-36.63387,-5.52703],[-36.63121,-5.54801],[-36.63831,-5.55703],[-36.6489,-5.55203],[-36.65193,-5.56311],[-36.66157,-5.56037],[-36.66275,-5.56891],[-36.66038,-5.56925],[-36.66091,-5.57494],[-36.65808,-5.57469],[-36.66197,-5.57784],[-36.65764,-5.57824],[-36.65865,-5.58163],[-36.66604,-5.58308],[-36.66538,-5.56851],[-36.67039,-5.56503],[-36.66968,-5.55518],[-36.66731,-5.55646],[-36.65562,-5.52622]]]}},{"type":"Feature","properties":{"nome_proje":"PA 03 DE AGOSTO"},"geometry":{"type":"Polygon","coordinates":[[[-36.20134,-5.54698],[-36.21248,-5.57211],[-36.22783,-5.57114],[-36.22841,-5.54807],[-36.22166,-5.51976],[-36.20665,-5.52621],[-36.20698,-5.51195],[-36.19933,-5.51133],[-36.20198,-5.51754],[-36.1995,-5.51843],[-36.19442,-5.51808],[-36.19457,-5.51573],[-36.18958,-5.51727],[-36.18831,-5.51322],[-36.1845,-5.51491],[-36.18255,-5.52751],[-36.18994,-5.52743],[-36.19096,-5.53306],[-36.19959,-5.52991],[-36.20017,-5.53684],[-36.19414,-5.53676],[-36.18979,-5.541],[-36.18758,-5.5388],[-36.1842,-5.54517],[-36.1913,-5.54996],[-36.20134,-5.54698]]]}},{"type":"Feature","properties":{"nome_proje":"PA PEDRO EZEQUIEL DE ARAÚJO"},"geometry":{"type":"Polygon","coordinates":[[[-36.67475,-5.52555],[-36.6877,-5.55755],[-36.7314,-5.55623],[-36.84565,-5.53501],[-36.83689,-5.53526],[-36.83287,-5.53118],[-36.83129,-5.52885],[-36.83568,-5.52629],[-36.83326,-5.52081],[-36.81066,-5.52227],[-36.80618,-5.49436],[-36.81884,-5.47971],[-36.81036,-5.46412],[-36.79951,-5.46701],[-36.80253,-5.46959],[-36.7964,-5.47839],[-36.78948,-5.4811],[-36.78463,-5.47835],[-36.78531,-5.48273],[-36.72158,-5.50771],[-36.70996,-5.50474],[-36.69933,-5.50786],[-36.66964,-5.50424],[-36.64996,-5.4977],[-36.63698,-5.49887],[-36.63868,-5.4764],[-36.63216,-5.4754],[-36.63284,-5.45368],[-36.59558,-5.44804],[-36.58481,-5.49642],[-36.58981,-5.49852],[-36.58958,-5.50752],[-36.58257,-5.5067],[-36.57801,-5.52939],[-36.67475,-5.52555]]]}},{"type":"Feature","properties":{"nome_proje":"PA SANTA MARIA"},"geometry":{"type":"Polygon","coordinates":[[[-36.63683,-5.49882],[-36.6459,-5.49717],[-36.66993,-5.50422],[-36.69917,-5.50777],[-36.70982,-5.50472],[-36.72144,-5.50765],[-36.78518,-5.48268],[-36.78449,-5.4783],[-36.78933,-5.48105],[-36.79625,-5.47834],[-36.80238,-5.46955],[-36.79928,-5.46147],[-36.69,-5.49327],[-36.69237,-5.4628],[-36.63268,-5.45374],[-36.63201,-5.47537],[-36.63852,-5.47636],[-36.63683,-5.49882]]]}},{"type":"Feature","properties":{"nome_proje":"PA PROGRESSO"},"geometry":{"type":"Polygon","coordinates":[[[-36.74293,-5.43759],[-36.72353,-5.44681],[-36.73172,-5.46908],[-36.74225,-5.47055],[-36.78014,-5.46032],[-36.7781,-5.43348],[-36.76516,-5.43802],[-36.74293,-5.43759]]]}},{"type":"Feature","properties":{"nome_proje":"PA ARAPUA"},"geometry":{"type":"Polygon","coordinates":[[[-36.97853,-5.42769],[-36.88889,-5.4528],[-36.85687,-5.45736],[-36.85834,-5.46116],[-36.93986,-5.44844],[-36.97165,-5.43967],[-36.97218,-5.43581],[-36.98282,-5.43718],[-36.97853,-5.42769]]]}},{"type":"Feature","properties":{"nome_proje":"PA BOA VISTA"},"geometry":{"type":"Polygon","coordinates":[[[-36.15512,-5.46989],[-36.15791,-5.4773],[-36.16956,-5.47335],[-36.17571,-5.4756],[-36.18391,-5.47324],[-36.17776,-5.4527],[-36.18663,-5.4235],[-36.18798,-5.40368],[-36.17305,-5.39031],[-36.15465,-5.40653],[-36.1463,-5.42357],[-36.13063,-5.43968],[-36.15033,-5.46866],[-36.15512,-5.46989]]]}},{"type":"Feature","properties":{"nome_proje":"PA PARAÍSO II"},"geometry":{"type":"Polygon","coordinates":[[[-36.63732,-5.39067],[-36.57527,-5.39267],[-36.58024,-5.41762],[-36.57048,-5.43204],[-36.58468,-5.4281],[-36.60033,-5.43471],[-36.62237,-5.42691],[-36.6382,-5.40688],[-36.63732,-5.39067]]]}},{"type":"Feature","properties":{"nome_proje":"PA NOVA CONQUISTA"},"geometry":{"type":"Polygon","coordinates":[[[-36.21105,-5.3958],[-36.20866,-5.38729],[-36.19418,-5.39118],[-36.15726,-5.38415],[-36.16063,-5.40154],[-36.17308,-5.39031],[-36.20048,-5.41206],[-36.23291,-5.40843],[-36.25104,-5.41726],[-36.25392,-5.41425],[-36.25371,-5.38708],[-36.23883,-5.38436],[-36.21105,-5.3958]]]}},{"type":"Feature","properties":{"nome_proje":"PA LAGEADO"},"geometry":{"type":"MultiPolygon","coordinates":[[[[-35.80691,-5.4411],[-35.80625,-5.46433],[-35.80617,-5.46451],[-35.80451,-5.46544],[-35.80137,-5.46468],[-35.80374,-5.4751],[-35.80374,-5.48531],[-35.80469,-5.48929],[-35.81295,-5.48901],[-35.8121,-5.44022],[-35.80691,-5.4411]]],[[[-35.79651,-5.44072],[-35.79735,-5.46164],[-35.8045,-5.46532],[-35.80515,-5.4414],[-35.79651,-5.44072]]],[[[-35.78884,-5.4368],[-35.79062,-5.48982],[-35.80459,-5.48936],[-35.8036,-5.48494],[-35.80364,-5.47512],[-35.80128,-5.46487],[-35.80135,-5.46456],[-35.80184,-5.46444],[-35.79739,-5.46183],[-35.79719,-5.46152],[-35.7964,-5.44068],[-35.78884,-5.4368]]]]}},{"type":"Feature","properties":{"nome_proje":"PA SÃO LUIS"},"geometry":{"type":"MultiPolygon","coordinates":[[[[-35.73513,-5.42841],[-35.7254,-5.43177],[-35.72637,-5.45867],[-35.73603,-5.45626],[-35.73513,-5.42841]]],[[[-35.72634,-5.45904],[-35.72756,-5.49168],[-35.73694,-5.49142],[-35.73605,-5.45662],[-35.72634,-5.45904]]]]}},{"type":"Feature","properties":{"nome_proje":"PA MARIA DA PAZ"},"geometry":{"type":"Polygon","coordinates":[[[-35.9082,-5.43318],[-35.89313,-5.45347],[-35.88665,-5.45215],[-35.8773,-5.45622],[-35.87587,-5.48411],[-35.88003,-5.48431],[-35.89099,-5.47589],[-35.88924,-5.47311],[-35.89364,-5.47085],[-35.89502,-5.47298],[-35.91676,-5.45844],[-35.9082,-5.43318]]]}},{"type":"Feature","properties":{"nome_proje":"PA CHICO SANTANA"},"geometry":{"type":"MultiPolygon","coordinates":[[[[-35.73603,-5.45626],[-35.74768,-5.45177],[-35.75109,-5.45137],[-35.74252,-5.43184],[-35.74682,-5.43063],[-35.74324,-5.42564],[-35.73513,-5.42841],[-35.73603,-5.45626]]],[[[-35.73694,-5.49142],[-35.75257,-5.49097],[-35.75111,-5.45173],[-35.73605,-5.45662],[-35.73694,-5.49142]]]]}},{"type":"Feature","properties":{"nome_proje":"PA MARAJÓ"},"geometry":{"type":"Polygon","coordinates":[[[-35.85142,-5.48024],[-35.85515,-5.48091],[-35.85777,-5.49619],[-35.87565,-5.47717],[-35.87695,-5.4516],[-35.88439,-5.41351],[-35.86888,-5.43353],[-35.86707,-5.42241],[-35.85142,-5.48024]]]}},{"type":"Feature","properties":{"nome_proje":"PA XOÁ"},"geometry":{"type":"Polygon","coordinates":[[[-35.83447,-5.46569],[-35.85423,-5.42566],[-35.85131,-5.41435],[-35.84442,-5.40715],[-35.81702,-5.40846],[-35.81903,-5.47215],[-35.83447,-5.46569]]]}},{"type":"Feature","properties":{"nome_proje":"PA BOA SORTE"},"geometry":{"type":"Polygon","coordinates":[[[-35.86707,-5.42241],[-35.86554,-5.39773],[-35.86146,-5.39842],[-35.85009,-5.43538],[-35.83447,-5.46569],[-35.82848,-5.46892],[-35.82751,-5.47587],[-35.85142,-5.48024],[-35.86707,-5.42241]]]}},{"type":"Feature","properties":{"nome_proje":"PA VIVARÁ"},"geometry":{"type":"Polygon","coordinates":[[[-36.01344,-5.40933],[-35.96206,-5.4423],[-35.96685,-5.4574],[-35.98067,-5.45077],[-35.97851,-5.44779],[-35.9814,-5.44616],[-36.00346,-5.45035],[-36.01133,-5.44499],[-36.00871,-5.42668],[-36.01522,-5.42438],[-36.01344,-5.40933]]]}},{"type":"Feature","properties":{"nome_proje":"PA QUILOMBO DOS PALMARES"},"geometry":{"type":"Polygon","coordinates":[[[-35.74067,-5.38019],[-35.74914,-5.37733],[-35.73599,-5.34309],[-35.68276,-5.36509],[-35.67247,-5.35635],[-35.65186,-5.37276],[-35.64483,-5.36839],[-35.61749,-5.38916],[-35.64599,-5.41646],[-35.67268,-5.41188],[-35.67338,-5.41709],[-35.68137,-5.41023],[-35.68407,-5.41136],[-35.69123,-5.4032],[-35.69703,-5.41548],[-35.7103,-5.41363],[-35.72171,-5.4326],[-35.74359,-5.42543],[-35.73369,-5.40774],[-35.74726,-5.40471],[-35.74737,-5.39635],[-35.74067,-5.38019]]]}},{"type":"Feature","properties":{"nome_proje":"PA MODELO"},"geometry":{"type":"Polygon","coordinates":[[[-35.93024,-5.3985],[-35.93721,-5.39016],[-35.93184,-5.39692],[-35.93405,-5.40494],[-35.95522,-5.39642],[-35.96951,-5.39859],[-35.97577,-5.3943],[-35.98618,-5.38476],[-35.97914,-5.35863],[-35.95497,-5.37086],[-35.9528,-5.36641],[-35.96788,-5.35886],[-35.96742,-5.35238],[-35.95485,-5.35415],[-35.95643,-5.35875],[-35.95417,-5.36333],[-35.95009,-5.35152],[-35.92966,-5.35548],[-35.92591,-5.3478],[-35.91191,-5.36275],[-35.89426,-5.36387],[-35.8969,-5.3735],[-35.8872,-5.37668],[-35.89222,-5.39178],[-35.92366,-5.41171],[-35.93024,-5.3985]]]}},{"type":"Feature","properties":{"nome_proje":"PA ALTO DA FELICIDADE"},"geometry":{"type":"Polygon","coordinates":[[[-36.58577,-5.33451],[-36.57247,-5.38763],[-36.56653,-5.3915],[-36.56787,-5.3932],[-36.63722,-5.39095],[-36.63843,-5.3995],[-36.63862,-5.40774],[-36.63137,-5.4177],[-36.60788,-5.42746],[-36.58854,-5.42883],[-36.5887,-5.43229],[-36.60074,-5.43515],[-36.59801,-5.43564],[-36.59536,-5.44808],[-36.69237,-5.4628],[-36.71505,-5.38529],[-36.63663,-5.38022],[-36.63077,-5.32719],[-36.60013,-5.32754],[-36.58577,-5.33451]]]}},{"type":"Feature","properties":{"nome_proje":"PA GUARAPES"},"geometry":{"type":"Polygon","coordinates":[[[-36.17467,-5.3872],[-36.19621,-5.35209],[-36.18416,-5.33031],[-36.1498,-5.34673],[-36.15792,-5.3839],[-36.17467,-5.3872]]]}},{"type":"Feature","properties":{"nome_proje":"PA MULUNGU"},"geometry":{"type":"Polygon","coordinates":[[[-36.57066,-5.34496],[-36.55193,-5.35467],[-36.50924,-5.36386],[-36.55881,-5.37109],[-36.55814,-5.37369],[-36.57661,-5.37377],[-36.58469,-5.34323],[-36.57066,-5.34496]]]}},{"type":"Feature","properties":{"nome_proje":"PA BOM JESUS"},"geometry":{"type":"Polygon","coordinates":[[[-36.25766,-5.32226],[-36.2395,-5.32173],[-36.20332,-5.3375],[-36.24132,-5.38465],[-36.25464,-5.38711],[-36.25766,-5.32226]]]}},{"type":"Feature","properties":{"nome_proje":"PA SANTA LUZIA"},"geometry":{"type":"Polygon","coordinates":[[[-36.8996,-5.35184],[-36.95821,-5.33557],[-36.95958,-5.32884],[-36.89562,-5.3467],[-36.8996,-5.35184]]]}},{"type":"Feature","properties":{"nome_proje":"PA VENÂNCIO ZACARIAS"},"geometry":{"type":"Polygon","coordinates":[[[-36.45863,-5.3306],[-36.46166,-5.33614],[-36.46038,-5.3417],[-36.46632,-5.3491],[-36.49123,-5.34394],[-36.49845,-5.33148],[-36.49732,-5.32673],[-36.49104,-5.3276],[-36.483,-5.30864],[-36.45863,-5.3306]]]}},{"type":"Feature","properties":{"nome_proje":"PA NOVO HORIZONTE"},"geometry":{"type":"Polygon","coordinates":[[[-36.36585,-5.29534],[-36.35123,-5.28305],[-36.32481,-5.29106],[-36.33706,-5.32403],[-36.32875,-5.32831],[-36.31427,-5.32242],[-36.32302,-5.33989],[-36.31914,-5.35047],[-36.33208,-5.34476],[-36.33935,-5.33667],[-36.35639,-5.33326],[-36.35349,-5.32409],[-36.35635,-5.32215],[-36.3592,-5.32538],[-36.36742,-5.31646],[-36.36045,-5.30723],[-36.36585,-5.29534]]]}},{"type":"Feature","properties":{"nome_proje":"PA IRMA DOROTHY"},"geometry":{"type":"MultiPolygon","coordinates":[[[[-36.82346,-5.31765],[-36.86846,-5.30253],[-36.8717,-5.29948],[-36.87016,-5.29689],[-36.82174,-5.31286],[-36.82346,-5.31765]]],[[[-36.79962,-5.32576],[-36.82311,-5.31777],[-36.82139,-5.31298],[-36.7946,-5.32208],[-36.79962,-5.32576]]]]}},{"type":"Feature","properties":{"nome_proje":"PA SEBASTIÃO ANDRADE"},"geometry":{"type":"Polygon","coordinates":[[[-36.39407,-5.30204],[-36.4388,-5.34846],[-36.483,-5.30864],[-36.47055,-5.28979],[-36.47596,-5.26595],[-36.39558,-5.2754],[-36.39407,-5.30204]]]}},{"type":"Feature","properties":{"nome_proje":"PA ROSA LUXEMBURGO"},"geometry":{"type":"MultiPolygon","coordinates":[[[[-36.81486,-5.30094],[-36.85005,-5.2869],[-36.84888,-5.28186],[-36.86201,-5.27824],[-36.85928,-5.27046],[-36.80743,-5.28918],[-36.80844,-5.29407],[-36.84765,-5.27825],[-36.80918,-5.29593],[-36.81486,-5.30094]]],[[[-36.78445,-5.30944],[-36.79824,-5.30711],[-36.8125,-5.30185],[-36.80884,-5.29608],[-36.78226,-5.30668],[-36.78382,-5.30839],[-36.8059,-5.30157],[-36.78445,-5.30944]]]]}},{"type":"Feature","properties":{"nome_proje":"PA ROSÁRIO"},"geometry":{"type":"Polygon","coordinates":[[[-35.42787,-5.46479],[-35.41183,-5.45737],[-35.40838,-5.46155],[-35.41493,-5.46489],[-35.39304,-5.46486],[-35.39758,-5.49024],[-35.42145,-5.49729],[-35.42787,-5.46479]]]}},{"type":"Feature","properties":{"nome_proje":"PA CANAFÍSTULA"},"geometry":{"type":"MultiPolygon","coordinates":[[[[-35.61536,-5.4252],[-35.58517,-5.43598],[-35.58879,-5.44806],[-35.62129,-5.4404],[-35.62213,-5.44031],[-35.62837,-5.4407],[-35.62748,-5.43767],[-35.61748,-5.44102],[-35.61536,-5.4252]]],[[[-35.62836,-5.44085],[-35.58882,-5.44818],[-35.59156,-5.45718],[-35.6005,-5.45291],[-35.60787,-5.45833],[-35.61099,-5.48968],[-35.61954,-5.48924],[-35.62773,-5.4898],[-35.62357,-5.46474],[-35.6385,-5.45897],[-35.64197,-5.45482],[-35.64086,-5.45001],[-35.63189,-5.45337],[-35.62836,-5.44085]]],[[[-35.63063,-5.50742],[-35.62779,-5.49016],[-35.61098,-5.49007],[-35.61248,-5.50785],[-35.63063,-5.50742]]]]}},{"type":"Feature","properties":{"nome_proje":"PA MEU RANCHO"},"geometry":{"type":"Polygon","coordinates":[[[-35.65331,-5.44218],[-35.65073,-5.43406],[-35.65601,-5.43161],[-35.64882,-5.41604],[-35.64584,-5.41673],[-35.63704,-5.40949],[-35.609,-5.40574],[-35.58809,-5.42514],[-35.5953,-5.4322],[-35.61542,-5.42509],[-35.61753,-5.44093],[-35.62745,-5.43757],[-35.62834,-5.44059],[-35.63535,-5.44219],[-35.63731,-5.44824],[-35.65331,-5.44218]]]}},{"type":"Feature","properties":{"nome_proje":"PA PAULO FREIRE III"},"geometry":{"type":"MultiPolygon","coordinates":[[[[-35.55927,-5.32138],[-35.55511,-5.31557],[-35.55046,-5.30917],[-35.55373,-5.32431],[-35.55927,-5.32138]]],[[[-35.54519,-5.37173],[-35.57676,-5.37039],[-35.59578,-5.36316],[-35.58283,-5.33946],[-35.57921,-5.33921],[-35.58012,-5.3277],[-35.56666,-5.33149],[-35.55934,-5.32147],[-35.55377,-5.32442],[-35.55621,-5.33571],[-35.55326,-5.33583],[-35.56185,-5.35668],[-35.54189,-5.36208],[-35.54519,-5.37173]]],[[[-35.49835,-5.3892],[-35.52905,-5.37079],[-35.54491,-5.37174],[-35.54262,-5.36464],[-35.4758,-5.36061],[-35.49835,-5.3892]]]]}},{"type":"Feature","properties":{"nome_proje":"PA PLANALTO DO RETIRO"},"geometry":{"type":"Polygon","coordinates":[[[-35.65831,-5.23803],[-35.64157,-5.24671],[-35.64476,-5.25106],[-35.63533,-5.26004],[-35.61486,-5.26542],[-35.62229,-5.27731],[-35.62992,-5.27901],[-35.66473,-5.26448],[-35.66745,-5.27129],[-35.67923,-5.26861],[-35.65831,-5.23803]]]}},{"type":"Feature","properties":{"nome_proje":"PA CANUDOS"},"geometry":{"type":"Polygon","coordinates":[[[-35.62329,-5.22406],[-35.63731,-5.24225],[-35.6313,-5.2461],[-35.61767,-5.23347],[-35.61196,-5.23258],[-35.61866,-5.25182],[-35.60784,-5.25593],[-35.61504,-5.26541],[-35.63533,-5.26004],[-35.64476,-5.25106],[-35.63762,-5.23742],[-35.62329,-5.22406]]]}},{"type":"Feature","properties":{"nome_proje":"PA LAGOA DO SAL"},"geometry":{"type":"Polygon","coordinates":[[[-35.54673,-5.18832],[-35.551,-5.18721],[-35.53652,-5.14369],[-35.53324,-5.14399],[-35.54673,-5.18832]]]}},{"type":"Feature","properties":{"nome_proje":"PA ZABELÊ"},"geometry":{"type":"Polygon","coordinates":[[[-35.79177,-5.3956],[-35.80126,-5.39064],[-35.79804,-5.38717],[-35.79471,-5.35266],[-35.78428,-5.35426],[-35.78149,-5.3481],[-35.77412,-5.34657],[-35.77374,-5.34032],[-35.76293,-5.34183],[-35.76147,-5.3361],[-35.75806,-5.33824],[-35.75615,-5.33477],[-35.73599,-5.34309],[-35.74914,-5.37733],[-35.74067,-5.38019],[-35.74737,-5.39635],[-35.75048,-5.39445],[-35.7463,-5.37903],[-35.76804,-5.37376],[-35.77418,-5.39962],[-35.74726,-5.40471],[-35.75277,-5.42251],[-35.77983,-5.42228],[-35.77963,-5.41644],[-35.79574,-5.40917],[-35.79177,-5.3956]]]}},{"type":"Feature","properties":{"nome_proje":"PA BAIXA DO NOVILHO"},"geometry":{"type":"Polygon","coordinates":[[[-35.90946,-5.31621],[-35.89124,-5.34328],[-35.89714,-5.34223],[-35.90037,-5.36309],[-35.91192,-5.36221],[-35.93401,-5.33951],[-35.9233,-5.31491],[-35.90946,-5.31621]]]}},{"type":"Feature","properties":{"nome_proje":"PA CHICO MENDES"},"geometry":{"type":"Polygon","coordinates":[[[-35.77412,-5.34657],[-35.78149,-5.3481],[-35.78428,-5.35426],[-35.79471,-5.35266],[-35.79399,-5.35021],[-35.81428,-5.34106],[-35.81082,-5.3334],[-35.82238,-5.32731],[-35.80872,-5.32017],[-35.78627,-5.32393],[-35.77231,-5.33059],[-35.77412,-5.34657]]]}},{"type":"Feature","properties":{"nome_proje":"PA BOM TRABALHO"},"geometry":{"type":"Polygon","coordinates":[[[-36.02848,-5.30839],[-36.00818,-5.31529],[-36.03958,-5.3655],[-36.04847,-5.36367],[-36.04058,-5.35136],[-36.03291,-5.31712],[-36.02848,-5.30839]]]}},{"type":"Feature","properties":{"nome_proje":"PA BRINCO DE OURO"},"geometry":{"type":"Polygon","coordinates":[[[-35.82981,-5.30197],[-35.8378,-5.32977],[-35.83231,-5.33405],[-35.84282,-5.36325],[-35.86166,-5.35631],[-35.8755,-5.35608],[-35.88233,-5.36081],[-35.87351,-5.32759],[-35.8517,-5.30978],[-35.84741,-5.31294],[-35.84407,-5.3026],[-35.848,-5.29708],[-35.84607,-5.28734],[-35.8297,-5.29229],[-35.80657,-5.3065],[-35.81125,-5.31844],[-35.82981,-5.30197]]]}},{"type":"Feature","properties":{"nome_proje":"PA SÃO FRANCISCO  II"},"geometry":{"type":"Polygon","coordinates":[[[-36.00773,-5.29507],[-35.98826,-5.30309],[-35.99061,-5.31501],[-36.00467,-5.30743],[-36.00817,-5.31527],[-36.02253,-5.31034],[-36.02049,-5.30363],[-36.00981,-5.30128],[-36.00773,-5.29507]]]}},{"type":"Feature","properties":{"nome_proje":"PA COLORADO"},"geometry":{"type":"Polygon","coordinates":[[[-35.73799,-5.28827],[-35.70342,-5.29488],[-35.70779,-5.31057],[-35.73406,-5.30127],[-35.73519,-5.30661],[-35.74057,-5.30605],[-35.73799,-5.28827]]]}},{"type":"Feature","properties":{"nome_proje":"PA 1º DE JUNHO"},"geometry":{"type":"Polygon","coordinates":[[[-35.89636,-5.25945],[-35.87675,-5.26926],[-35.88528,-5.28956],[-35.90654,-5.27956],[-35.89636,-5.25945]]]}},{"type":"Feature","properties":{"nome_proje":"PA PEREIROS"},"geometry":{"type":"Polygon","coordinates":[[[-35.99643,-5.25483],[-35.99325,-5.24623],[-35.98476,-5.24555],[-35.98395,-5.24921],[-35.97763,-5.24959],[-35.97834,-5.25618],[-35.97015,-5.25919],[-35.9751,-5.26284],[-35.97195,-5.26772],[-35.98341,-5.28007],[-35.99089,-5.27714],[-35.99188,-5.28073],[-35.99712,-5.28064],[-35.99601,-5.2751],[-35.99976,-5.2739],[-35.99557,-5.27098],[-35.99643,-5.25483]]]}},{"type":"Feature","properties":{"nome_proje":"PA ARIZONA"},"geometry":{"type":"Polygon","coordinates":[[[-35.70541,-5.29409],[-35.75091,-5.287],[-35.74626,-5.28164],[-35.74652,-5.2717],[-35.76809,-5.25925],[-35.75849,-5.23657],[-35.75478,-5.23875],[-35.75301,-5.23606],[-35.74823,-5.23825],[-35.74701,-5.23528],[-35.73677,-5.23723],[-35.70845,-5.23288],[-35.68367,-5.22035],[-35.67639,-5.2229],[-35.67832,-5.22544],[-35.67529,-5.2273],[-35.6719,-5.22051],[-35.65297,-5.22532],[-35.66125,-5.24499],[-35.67242,-5.2615],[-35.67633,-5.26193],[-35.68287,-5.27731],[-35.69603,-5.2713],[-35.70541,-5.29409]]]}},{"type":"Feature","properties":{"nome_proje":"PA BOA ESPERANÇA"},"geometry":{"type":"Polygon","coordinates":[[[-35.81247,-5.24485],[-35.81139,-5.23172],[-35.79381,-5.23979],[-35.78498,-5.22677],[-35.77141,-5.23006],[-35.76731,-5.23385],[-35.77826,-5.24039],[-35.76343,-5.24753],[-35.76881,-5.25996],[-35.789,-5.25051],[-35.79084,-5.25355],[-35.81247,-5.24485]]]}},{"type":"Feature","properties":{"nome_proje":"PA SANTA VITORIA"},"geometry":{"type":"Polygon","coordinates":[[[-35.99331,-5.20046],[-35.98187,-5.19767],[-35.97487,-5.2383],[-35.9862,-5.23884],[-35.98489,-5.24573],[-36.00547,-5.24742],[-36.00304,-5.23921],[-36.02255,-5.23418],[-36.00959,-5.19893],[-35.99331,-5.20046]]]}},{"type":"Feature","properties":{"nome_proje":"PA SANTA FÉ"},"geometry":{"type":"Polygon","coordinates":[[[-35.7637,-5.2041],[-35.7325,-5.21259],[-35.72495,-5.2353],[-35.74209,-5.23694],[-35.73757,-5.22311],[-35.76235,-5.21144],[-35.76714,-5.22408],[-35.78143,-5.21709],[-35.77636,-5.20736],[-35.76873,-5.20943],[-35.7637,-5.2041]]]}},{"type":"Feature","properties":{"nome_proje":"PA OURO BRANCO"},"geometry":{"type":"Polygon","coordinates":[[[-35.79235,-5.20132],[-35.78817,-5.19018],[-35.78242,-5.19325],[-35.78076,-5.18964],[-35.76183,-5.19754],[-35.76858,-5.209],[-35.79235,-5.20132]]]}},{"type":"Feature","properties":{"nome_proje":"PA ANTONIO CONSELHEIRO"},"geometry":{"type":"Polygon","coordinates":[[[-35.76442,-5.2039],[-35.74387,-5.17211],[-35.73978,-5.17189],[-35.73087,-5.14517],[-35.71365,-5.15416],[-35.70135,-5.15585],[-35.70708,-5.19648],[-35.69432,-5.20037],[-35.69727,-5.20588],[-35.7071,-5.20062],[-35.71021,-5.23304],[-35.72491,-5.2353],[-35.73246,-5.21261],[-35.76442,-5.2039]]]}},{"type":"Feature","properties":{"nome_proje":"PA SÃO MIGUEL"},"geometry":{"type":"Polygon","coordinates":[[[-35.92711,-5.17222],[-35.93846,-5.19562],[-35.93959,-5.20952],[-35.95388,-5.20687],[-35.96398,-5.19331],[-35.99331,-5.20046],[-36.00967,-5.19892],[-36.00232,-5.1787],[-36.01135,-5.16277],[-35.98467,-5.15828],[-35.98458,-5.16713],[-35.96425,-5.1655],[-35.95476,-5.16912],[-35.95369,-5.16595],[-35.93693,-5.16576],[-35.92711,-5.17222]]]}},{"type":"Feature","properties":{"nome_proje":"PA BONSUCESSO"},"geometry":{"type":"Polygon","coordinates":[[[-35.93959,-5.20952],[-35.93846,-5.19562],[-35.92448,-5.16748],[-35.92224,-5.16855],[-35.91941,-5.15757],[-35.92705,-5.1529],[-35.92543,-5.14615],[-35.92134,-5.14485],[-35.92162,-5.15014],[-35.89478,-5.15454],[-35.88783,-5.14937],[-35.88005,-5.1502],[-35.88154,-5.15986],[-35.88615,-5.15785],[-35.88951,-5.16976],[-35.88318,-5.17098],[-35.88614,-5.18315],[-35.88864,-5.18168],[-35.89064,-5.1867],[-35.89419,-5.18298],[-35.90228,-5.19089],[-35.89661,-5.19316],[-35.90074,-5.20188],[-35.91408,-5.20262],[-35.91904,-5.21928],[-35.93959,-5.20952]]]}},{"type":"Feature","properties":{"nome_proje":"PA CAJU NORDESTE"},"geometry":{"type":"Polygon","coordinates":[[[-35.96262,-5.11237],[-35.94571,-5.11622],[-35.94472,-5.14597],[-35.94781,-5.15463],[-35.95464,-5.14956],[-35.95955,-5.15863],[-35.97198,-5.15213],[-35.96893,-5.14088],[-35.97254,-5.13436],[-35.96614,-5.11443],[-35.96262,-5.11237]]]}},{"type":"Feature","properties":{"nome_proje":"PA CANTO DA ILHA DE CIMA"},"geometry":{"type":"Polygon","coordinates":[[[-35.80209,-5.10302],[-35.79818,-5.10131],[-35.79787,-5.09749],[-35.78426,-5.09595],[-35.78499,-5.09856],[-35.77169,-5.09988],[-35.76511,-5.10389],[-35.74675,-5.10299],[-35.76084,-5.14895],[-35.78212,-5.13275],[-35.80269,-5.12522],[-35.80209,-5.10302]]]}},{"type":"Feature","properties":{"nome_proje":"PA BOCA DO CAMPO"},"geometry":{"type":"Polygon","coordinates":[[[-35.80253,-5.1203],[-35.84508,-5.11941],[-35.8543,-5.116],[-35.85008,-5.10799],[-35.84975,-5.08355],[-35.81165,-5.09081],[-35.8109,-5.10213],[-35.80199,-5.09894],[-35.80253,-5.1203]]]}},{"type":"Feature","properties":{"nome_proje":"PA PIRANGI"},"geometry":{"type":"Polygon","coordinates":[[[-36.18806,-5.18241],[-36.16831,-5.17838],[-36.16858,-5.17358],[-36.1291,-5.17636],[-36.13401,-5.22656],[-36.15213,-5.2217],[-36.18275,-5.21988],[-36.19801,-5.21296],[-36.18806,-5.18241]]]}},{"type":"Feature","properties":{"nome_proje":"PA VASSOURAS"},"geometry":{"type":"Polygon","coordinates":[[[-36.89421,-5.22144],[-36.91001,-5.21505],[-36.92408,-5.23897],[-36.92839,-5.23811],[-36.92892,-5.17503],[-36.90229,-5.1495],[-36.90997,-5.18602],[-36.88576,-5.1962],[-36.89421,-5.22144]]]}},{"type":"Feature","properties":{"nome_proje":"PA CANTO COMPRIDO"},"geometry":{"type":"Polygon","coordinates":[[[-36.90997,-5.18602],[-36.90229,-5.1495],[-36.84492,-5.16491],[-36.84525,-5.16732],[-36.81453,-5.18235],[-36.82409,-5.20709],[-36.85167,-5.19538],[-36.86883,-5.19648],[-36.87145,-5.2022],[-36.90997,-5.18602]]]}},{"type":"Feature","properties":{"nome_proje":"PA LAGOA DE BAIXO"},"geometry":{"type":"Polygon","coordinates":[[[-36.37082,-5.18403],[-36.39945,-5.1797],[-36.39103,-5.14923],[-36.37585,-5.14525],[-36.3782,-5.13932],[-36.36329,-5.14125],[-36.37082,-5.18403]]]}},{"type":"Feature","properties":{"nome_proje":"PA LIGAÇÃO"},"geometry":{"type":"Polygon","coordinates":[[[-36.92892,-5.17503],[-36.9293,-5.13615],[-36.88901,-5.13654],[-36.8925,-5.15213],[-36.90229,-5.1495],[-36.92892,-5.17503]]]}},{"type":"Feature","properties":{"nome_proje":"PA RIO DOCE"},"geometry":{"type":"Polygon","coordinates":[[[-36.79107,-5.11461],[-36.77295,-5.14398],[-36.77808,-5.14949],[-36.77694,-5.15856],[-36.77246,-5.16124],[-36.77391,-5.16369],[-36.76802,-5.17091],[-36.7717,-5.1757],[-36.79473,-5.16715],[-36.79745,-5.15763],[-36.79597,-5.1459],[-36.79157,-5.1463],[-36.79132,-5.14317],[-36.80353,-5.13779],[-36.82556,-5.13986],[-36.84067,-5.13295],[-36.83869,-5.12405],[-36.79107,-5.11461]]]}},{"type":"Feature","properties":{"nome_proje":"PA PLANALTO"},"geometry":{"type":"Polygon","coordinates":[[[-36.8925,-5.15213],[-36.88623,-5.12409],[-36.83894,-5.12438],[-36.8438,-5.14582],[-36.86126,-5.1423],[-36.86601,-5.15925],[-36.8925,-5.15213]]]}},{"type":"Feature","properties":{"nome_proje":"PA ALTO DAS GRAÇAS"},"geometry":{"type":"Polygon","coordinates":[[[-36.94749,-5.13148],[-36.93905,-5.09416],[-36.92535,-5.09176],[-36.93352,-5.13146],[-36.94749,-5.13148]]]}},{"type":"Feature","properties":{"nome_proje":"PA PLANALTO DO MEL"},"geometry":{"type":"Polygon","coordinates":[[[-36.89904,-5.1126],[-36.88357,-5.11092],[-36.88763,-5.13103],[-36.93352,-5.13146],[-36.92535,-5.09176],[-36.93905,-5.09416],[-36.94749,-5.13148],[-36.97353,-5.13148],[-36.97372,-5.07705],[-36.91096,-5.0768],[-36.91096,-5.0713],[-36.89397,-5.07091],[-36.89328,-5.09024],[-36.89904,-5.1126]]]}},{"type":"Feature","properties":{"nome_proje":"PA BRILHO DO SOL"},"geometry":{"type":"Polygon","coordinates":[[[-36.89489,-5.09707],[-36.79479,-5.07104],[-36.79853,-5.08192],[-36.79108,-5.10804],[-36.80656,-5.07806],[-36.8129,-5.08165],[-36.79161,-5.113],[-36.8422,-5.12454],[-36.88605,-5.12407],[-36.88332,-5.11055],[-36.8988,-5.11223],[-36.89489,-5.09707]]]}},{"type":"Feature","properties":{"nome_proje":"PA 25 DE JULHO"},"geometry":{"type":"MultiPolygon","coordinates":[[[[-35.94594,-5.11546],[-35.9746,-5.10771],[-35.9865,-5.10697],[-35.9851,-5.06954],[-35.96872,-5.06588],[-35.96208,-5.06887],[-35.96341,-5.073],[-35.95668,-5.07322],[-35.95713,-5.09637],[-35.94312,-5.10121],[-35.94594,-5.11546]]],[[[-35.99295,-5.10754],[-35.96514,-5.11128],[-35.97239,-5.13396],[-35.99178,-5.11472],[-35.99295,-5.10754]]]]}},{"type":"Feature","properties":{"nome_proje":"PA BAIXA DA QUIXABA"},"geometry":{"type":"Polygon","coordinates":[[[-35.99763,-5.06422],[-35.98503,-5.06323],[-35.98653,-5.10702],[-35.99366,-5.10679],[-35.99196,-5.1147],[-35.98059,-5.1259],[-35.99134,-5.13741],[-36.00432,-5.11411],[-36.0201,-5.11118],[-36.00971,-5.05846],[-36.01143,-5.05043],[-35.99624,-5.04646],[-35.99763,-5.06422]]]}},{"type":"Feature","properties":{"nome_proje":"PA NOVO PINGOS"},"geometry":{"type":"Polygon","coordinates":[[[-37.09032,-5.56232],[-37.07818,-5.58556],[-37.0691,-5.59159],[-37.06056,-5.59249],[-37.064,-5.6063],[-37.04244,-5.61477],[-37.04643,-5.62437],[-37.08392,-5.6084],[-37.1062,-5.56918],[-37.09032,-5.56232]]]}},{"type":"Feature","properties":{"nome_proje":"PA SÃO GERALDO"},"geometry":{"type":"Polygon","coordinates":[[[-37.18183,-5.55391],[-37.16917,-5.58719],[-37.16003,-5.60025],[-37.15525,-5.59651],[-37.15381,-5.5862],[-37.13569,-5.58586],[-37.12599,-5.58143],[-37.12695,-5.5903],[-37.13892,-5.61488],[-37.14697,-5.61599],[-37.15001,-5.62132],[-37.1638,-5.60712],[-37.16088,-5.60502],[-37.18906,-5.56478],[-37.18183,-5.55391]]]}},{"type":"Feature","properties":{"nome_proje":"PA MONTE ALEGRE"},"geometry":{"type":"Polygon","coordinates":[[[-37.48423,-5.51369],[-37.4502,-5.52752],[-37.4636,-5.56042],[-37.45061,-5.56183],[-37.44727,-5.55647],[-37.422,-5.55438],[-37.41674,-5.59304],[-37.43164,-5.61431],[-37.44344,-5.61316],[-37.44054,-5.58652],[-37.48918,-5.58116],[-37.49485,-5.54988],[-37.47464,-5.56302],[-37.47035,-5.55648],[-37.49693,-5.52821],[-37.48423,-5.51369]]]}},{"type":"Feature","properties":{"nome_proje":"PA SÃO MANOEL II"},"geometry":{"type":"Polygon","coordinates":[[[-37.34142,-5.53116],[-37.34744,-5.57847],[-37.35766,-5.58773],[-37.37113,-5.592],[-37.35325,-5.52261],[-37.34142,-5.53116]]]}},{"type":"Feature","properties":{"nome_proje":"PA SÃO SEBASTIÃO III"},"geometry":{"type":"Polygon","coordinates":[[[-37.36,-5.51297],[-37.35325,-5.52261],[-37.37113,-5.592],[-37.38551,-5.58014],[-37.36,-5.51297]]]}},{"type":"Feature","properties":{"nome_proje":"PA PADRE PEDRO NEEFS"},"geometry":{"type":"Polygon","coordinates":[[[-37.34742,-5.56921],[-37.34338,-5.53476],[-37.34146,-5.5311],[-37.32514,-5.54378],[-37.31436,-5.57316],[-37.34742,-5.56921]]]}},{"type":"Feature","properties":{"nome_proje":"PA FAZENDA PALHEIROS"},"geometry":{"type":"Polygon","coordinates":[[[-37.16916,-5.58718],[-37.18395,-5.54825],[-37.18312,-5.53521],[-37.21671,-5.52693],[-37.27515,-5.52606],[-37.26851,-5.52352],[-37.26923,-5.50991],[-37.15137,-5.51086],[-37.14734,-5.50234],[-37.12582,-5.51299],[-37.11781,-5.4938],[-37.08866,-5.50126],[-37.09051,-5.51785],[-37.06572,-5.54272],[-37.0668,-5.5487],[-37.07693,-5.55073],[-37.09305,-5.56525],[-37.10627,-5.5695],[-37.12046,-5.55736],[-37.12594,-5.58139],[-37.13577,-5.58593],[-37.15377,-5.58619],[-37.15522,-5.59648],[-37.15999,-5.60021],[-37.16916,-5.58718]]]}},{"type":"Feature","properties":{"nome_proje":"PA SABIÁ"},"geometry":{"type":"Polygon","coordinates":[[[-37.36001,-5.51297],[-37.37662,-5.55679],[-37.38551,-5.58014],[-37.38684,-5.57284],[-37.39961,-5.56112],[-37.36733,-5.50671],[-37.36454,-5.50636],[-37.36001,-5.51297]]]}},{"type":"Feature","properties":{"nome_proje":"PA SOMBREIRO"},"geometry":{"type":"Polygon","coordinates":[[[-37.39926,-5.51028],[-37.36465,-5.50638],[-37.39954,-5.5612],[-37.40555,-5.55476],[-37.3948,-5.53668],[-37.40944,-5.53335],[-37.39926,-5.51028]]]}},{"type":"Feature","properties":{"nome_proje":"PA TERRA DE ESPERANÇA"},"geometry":{"type":"Polygon","coordinates":[[[-37.45077,-5.48612],[-37.43812,-5.46406],[-37.41688,-5.47325],[-37.41661,-5.47841],[-37.39865,-5.47761],[-37.39709,-5.51004],[-37.40078,-5.51047],[-37.40265,-5.51541],[-37.43101,-5.50433],[-37.42426,-5.48768],[-37.43547,-5.48804],[-37.44603,-5.50727],[-37.43378,-5.51108],[-37.43933,-5.52453],[-37.39487,-5.53661],[-37.40561,-5.55468],[-37.44731,-5.5565],[-37.45065,-5.56188],[-37.46365,-5.56048],[-37.45023,-5.52756],[-37.47203,-5.51868],[-37.46535,-5.51791],[-37.45987,-5.50913],[-37.52251,-5.4711],[-37.51614,-5.46551],[-37.50654,-5.47119],[-37.50394,-5.46669],[-37.49755,-5.46937],[-37.49327,-5.46614],[-37.48898,-5.46896],[-37.48714,-5.46694],[-37.48185,-5.47268],[-37.48357,-5.47583],[-37.47614,-5.48107],[-37.46931,-5.47509],[-37.45077,-5.48612]],[[-37.43614,-5.53828],[-37.44635,-5.53287],[-37.45116,-5.54154],[-37.44133,-5.54673],[-37.43614,-5.53828]]]}},{"type":"Feature","properties":{"nome_proje":"PA NOVO ESPINHEIRINHO"},"geometry":{"type":"Polygon","coordinates":[[[-37.21327,-5.47632],[-37.20984,-5.46586],[-37.12549,-5.46581],[-37.1348,-5.47716],[-37.21327,-5.47632]]]}},{"type":"Feature","properties":{"nome_proje":"PA OSMAR VICENTE DA COSTA"},"geometry":{"type":"Polygon","coordinates":[[[-37.3871,-5.42296],[-37.37936,-5.42725],[-37.34072,-5.4362],[-37.35294,-5.45661],[-37.40351,-5.44323],[-37.3871,-5.42296]]]}},{"type":"Feature","properties":{"nome_proje":"PA TERRA NOVA"},"geometry":{"type":"Polygon","coordinates":[[[-37.37973,-5.41891],[-37.34801,-5.42717],[-37.33566,-5.43024],[-37.34103,-5.43654],[-37.38472,-5.42529],[-37.37973,-5.41891]]]}},{"type":"Feature","properties":{"nome_proje":"PA NOVA TRAPIÁ"},"geometry":{"type":"Polygon","coordinates":[[[-37.17731,-5.42624],[-37.17477,-5.41845],[-37.12839,-5.4372],[-37.12602,-5.43134],[-37.12677,-5.43479],[-37.11137,-5.44359],[-37.10639,-5.39742],[-37.07551,-5.40276],[-37.09014,-5.45408],[-37.11155,-5.449],[-37.11375,-5.45164],[-37.17731,-5.42624]]]}},{"type":"Feature","properties":{"nome_proje":"PA FAZENDA HIPOLITO"},"geometry":{"type":"Polygon","coordinates":[[[-37.18923,-5.39934],[-37.17252,-5.4114],[-37.18127,-5.43843],[-37.19327,-5.45489],[-37.22745,-5.46114],[-37.22645,-5.42551],[-37.25016,-5.41702],[-37.26858,-5.41565],[-37.27036,-5.39858],[-37.32232,-5.39321],[-37.32386,-5.38678],[-37.30132,-5.38826],[-37.29271,-5.38507],[-37.25529,-5.39171],[-37.25414,-5.39601],[-37.23873,-5.39851],[-37.23776,-5.40769],[-37.18923,-5.39934]]]}},{"type":"Feature","properties":{"nome_proje":"PA AREIAS"},"geometry":{"type":"Polygon","coordinates":[[[-37.40336,-5.44347],[-37.42927,-5.4373],[-37.42415,-5.42824],[-37.43898,-5.41797],[-37.42252,-5.39532],[-37.41133,-5.40498],[-37.41759,-5.41819],[-37.39598,-5.43395],[-37.40336,-5.44347]]]}},{"type":"Feature","properties":{"nome_proje":"PA MARACANAÚ"},"geometry":{"type":"Polygon","coordinates":[[[-37.15627,-5.35573],[-37.16022,-5.36581],[-37.15482,-5.37027],[-37.15326,-5.36767],[-37.14856,-5.36961],[-37.16784,-5.40844],[-37.17423,-5.40999],[-37.19353,-5.39307],[-37.17851,-5.37955],[-37.17716,-5.36743],[-37.16521,-5.35302],[-37.15627,-5.35573]]]}},{"type":"Feature","properties":{"nome_proje":"PA QUIXABA"},"geometry":{"type":"Polygon","coordinates":[[[-37.24694,-5.36292],[-37.26207,-5.37454],[-37.27653,-5.36553],[-37.27473,-5.3639],[-37.30364,-5.34915],[-37.30006,-5.33847],[-37.26302,-5.3569],[-37.25085,-5.35389],[-37.25447,-5.34829],[-37.22016,-5.35741],[-37.21873,-5.35289],[-37.21295,-5.3545],[-37.21787,-5.37151],[-37.22346,-5.3699],[-37.22643,-5.37353],[-37.24223,-5.37077],[-37.24694,-5.36292]]]}},{"type":"Feature","properties":{"nome_proje":"PA LORENA"},"geometry":{"type":"Polygon","coordinates":[[[-37.33078,-5.35021],[-37.34038,-5.37344],[-37.36985,-5.35119],[-37.34647,-5.31947],[-37.33122,-5.33213],[-37.33078,-5.35021]]]}},{"type":"Feature","properties":{"nome_proje":"PA PAU D'ARCO"},"geometry":{"type":"Polygon","coordinates":[[[-37.05589,-5.29416],[-37.05372,-5.38731],[-37.06805,-5.39023],[-37.06103,-5.32827],[-37.07016,-5.29349],[-37.05589,-5.29416]]]}},{"type":"Feature","properties":{"nome_proje":"PA CHICO REGO"},"geometry":{"type":"Polygon","coordinates":[[[-37.59578,-5.39414],[-37.56442,-5.41361],[-37.57135,-5.41719],[-37.56812,-5.42124],[-37.56235,-5.42113],[-37.55997,-5.41609],[-37.53755,-5.43014],[-37.54413,-5.43525],[-37.56412,-5.42333],[-37.56608,-5.44432],[-37.58296,-5.44734],[-37.58402,-5.44991],[-37.62447,-5.42523],[-37.62325,-5.422],[-37.60683,-5.41928],[-37.59578,-5.39414]]]}},{"type":"Feature","properties":{"nome_proje":"PA CAIÇARA"},"geometry":{"type":"Polygon","coordinates":[[[-37.73765,-5.38231],[-37.71801,-5.43797],[-37.72628,-5.44133],[-37.76429,-5.39029],[-37.75485,-5.38512],[-37.73765,-5.38231]]]}},{"type":"Feature","properties":{"nome_proje":"PA PAULO CANAPUM"},"geometry":{"type":"Polygon","coordinates":[[[-37.70606,-5.44111],[-37.72574,-5.38004],[-37.71868,-5.37885],[-37.71433,-5.36686],[-37.69542,-5.37574],[-37.70411,-5.39029],[-37.71517,-5.39397],[-37.69926,-5.43916],[-37.70606,-5.44111]]]}},{"type":"Feature","properties":{"nome_proje":"PA NOSSA SENHORA DA CONCEIÇÃO"},"geometry":{"type":"Polygon","coordinates":[[[-37.68595,-5.35976],[-37.64955,-5.38193],[-37.62159,-5.3859],[-37.63799,-5.40819],[-37.66623,-5.38923],[-37.66801,-5.39219],[-37.69548,-5.37579],[-37.68595,-5.35976]]]}},{"type":"Feature","properties":{"nome_proje":"PA TIÃO CARLOS"},"geometry":{"type":"Polygon","coordinates":[[[-37.59357,-5.34844],[-37.5648,-5.36929],[-37.57072,-5.37743],[-37.59961,-5.35672],[-37.59357,-5.34844]]]}},{"type":"Feature","properties":{"nome_proje":"PA SANTO ANTÔNIO"},"geometry":{"type":"Polygon","coordinates":[[[-37.55457,-5.31716],[-37.53847,-5.32917],[-37.54678,-5.34887],[-37.55204,-5.34019],[-37.56864,-5.36081],[-37.59096,-5.34472],[-37.58329,-5.33404],[-37.57176,-5.34079],[-37.55457,-5.31716]]]}},{"type":"Feature","properties":{"nome_proje":"PA TRÊS MARIAS"},"geometry":{"type":"Polygon","coordinates":[[[-37.58461,-5.29968],[-37.60199,-5.33608],[-37.59125,-5.3441],[-37.60867,-5.36852],[-37.63252,-5.35092],[-37.60481,-5.29036],[-37.58461,-5.29968]]]}},{"type":"Feature","properties":{"nome_proje":"PA RIACHÃO"},"geometry":{"type":"Polygon","coordinates":[[[-37.62506,-5.33313],[-37.63599,-5.32805],[-37.61562,-5.28498],[-37.60481,-5.29036],[-37.62506,-5.33313]]]}},{"type":"Feature","properties":{"nome_proje":"PA BOM SUCESSO DOS MILITARES"},"geometry":{"type":"Polygon","coordinates":[[[-37.6732,-5.24773],[-37.66136,-5.25283],[-37.66595,-5.2622],[-37.64569,-5.27131],[-37.65747,-5.29638],[-37.65142,-5.27962],[-37.6883,-5.26169],[-37.67064,-5.22377],[-37.66027,-5.22377],[-37.6732,-5.24773]]]}},{"type":"Feature","properties":{"nome_proje":"PA POÇO NOVO"},"geometry":{"type":"Polygon","coordinates":[[[-37.67068,-5.22292],[-37.70535,-5.29693],[-37.73583,-5.28218],[-37.72048,-5.24808],[-37.71615,-5.22325],[-37.67068,-5.22292]]]}},{"type":"Feature","properties":{"nome_proje":"PA NOVA DESCOBERTA"},"geometry":{"type":"Polygon","coordinates":[[[-36.97071,-5.37867],[-37.00415,-5.37298],[-37.00699,-5.29436],[-36.97028,-5.29435],[-36.97043,-5.31586],[-36.96355,-5.35995],[-36.97071,-5.37867]]]}},{"type":"Feature","properties":{"nome_proje":"PA CORDÃO DE SOMBRA"},"geometry":{"type":"Polygon","coordinates":[[[-37.23107,-5.27781],[-37.17171,-5.33684],[-37.1872,-5.35549],[-37.21475,-5.34855],[-37.24607,-5.32862],[-37.24055,-5.31365],[-37.25368,-5.30149],[-37.24599,-5.2816],[-37.2379,-5.28262],[-37.23107,-5.27781]]]}},{"type":"Feature","properties":{"nome_proje":"PA MULUNGUZINHO"},"geometry":{"type":"Polygon","coordinates":[[[-37.23236,-5.27643],[-37.18404,-5.23144],[-37.18045,-5.30223],[-37.14797,-5.29475],[-37.16225,-5.32552],[-37.17179,-5.33683],[-37.23236,-5.27643]]]}},{"type":"Feature","properties":{"nome_proje":"PA PAULO FREIRE"},"geometry":{"type":"MultiPolygon","coordinates":[[[[-37.29042,-5.28923],[-37.31644,-5.28252],[-37.30921,-5.2748],[-37.31022,-5.26301],[-37.30205,-5.26517],[-37.29042,-5.28923]]],[[[-37.25237,-5.29912],[-37.28765,-5.28987],[-37.3012,-5.2654],[-37.24547,-5.2801],[-37.25237,-5.29912]]]]}},{"type":"Feature","properties":{"nome_proje":"PA FAZENDA FAVELA"},"geometry":{"type":"Polygon","coordinates":[[[-37.15609,-5.29461],[-37.18021,-5.3022],[-37.18394,-5.23142],[-37.16723,-5.20031],[-37.15651,-5.20638],[-37.15609,-5.29461]]]}},{"type":"Feature","properties":{"nome_proje":"PA SÍTIO CARMO"},"geometry":{"type":"Polygon","coordinates":[[[-37.27653,-5.21266],[-37.26228,-5.20391],[-37.21604,-5.21681],[-37.22339,-5.22843],[-37.27653,-5.21266]]]}},{"type":"Feature","properties":{"nome_proje":"PA INDEPENDENCIA"},"geometry":{"type":"Polygon","coordinates":[[[-37.44335,-5.2036],[-37.44713,-5.20809],[-37.45308,-5.20433],[-37.45474,-5.20663],[-37.46803,-5.19073],[-37.43889,-5.15517],[-37.42892,-5.16366],[-37.45202,-5.19422],[-37.44335,-5.2036]]]}},{"type":"Feature","properties":{"nome_proje":"PA SUSSUARANA"},"geometry":{"type":"Polygon","coordinates":[[[-37.2184,-5.16221],[-37.17918,-5.17256],[-37.17823,-5.16973],[-37.16873,-5.17088],[-37.165,-5.16639],[-37.16698,-5.16277],[-37.15567,-5.17097],[-37.15581,-5.18352],[-37.18805,-5.17104],[-37.19396,-5.16953],[-37.19509,-5.17331],[-37.22056,-5.16581],[-37.2184,-5.16221]]]}},{"type":"Feature","properties":{"nome_proje":"PA NOVA ESPERANÇA DE MOSSORÓ"},"geometry":{"type":"MultiPolygon","coordinates":[[[[-37.42517,-5.15744],[-37.41843,-5.14409],[-37.41154,-5.14542],[-37.40812,-5.13984],[-37.39863,-5.14189],[-37.42517,-5.15744]]],[[[-37.42683,-5.16365],[-37.43802,-5.17816],[-37.43454,-5.1583],[-37.42683,-5.16365]]],[[[-37.40126,-5.18039],[-37.42655,-5.16324],[-37.42458,-5.15854],[-37.39828,-5.14197],[-37.39127,-5.14349],[-37.38504,-5.15003],[-37.40126,-5.18039]]],[[[-37.43157,-5.19482],[-37.43371,-5.18524],[-37.42472,-5.16748],[-37.42233,-5.16818],[-37.43072,-5.18582],[-37.4208,-5.16952],[-37.40141,-5.18067],[-37.40384,-5.19562],[-37.43157,-5.19482]]]]}},{"type":"Feature","properties":{"nome_proje":"PA TERRA NOSSA"},"geometry":{"type":"MultiPolygon","coordinates":[[[[-37.44224,-5.12626],[-37.44866,-5.12805],[-37.44585,-5.12305],[-37.44224,-5.12626]]],[[[-37.45433,-5.14505],[-37.45577,-5.14131],[-37.44883,-5.12837],[-37.44357,-5.12951],[-37.44858,-5.14172],[-37.45433,-5.14505]]],[[[-37.46314,-5.18041],[-37.47949,-5.17532],[-37.47999,-5.16765],[-37.47187,-5.16794],[-37.4699,-5.16234],[-37.46117,-5.16622],[-37.45552,-5.14499],[-37.4524,-5.14626],[-37.46314,-5.18041]]]]}},{"type":"Feature","properties":{"nome_proje":"PA MARGARIDA ALVES II"},"geometry":{"type":"MultiPolygon","coordinates":[[[[-36.80475,-5.28588],[-36.81638,-5.2814],[-36.84455,-5.2706],[-36.84293,-5.26737],[-36.80424,-5.2817],[-36.80475,-5.28588]]],[[[-36.77669,-5.29643],[-36.79891,-5.2893],[-36.80414,-5.28611],[-36.80347,-5.28203],[-36.77361,-5.29182],[-36.77669,-5.29643]]]]}},{"type":"Feature","properties":{"nome_proje":"PA NOVA ESPERANÇA"},"geometry":{"type":"Polygon","coordinates":[[[-36.38059,-5.27782],[-36.37321,-5.26208],[-36.36351,-5.26608],[-36.35402,-5.25646],[-36.33974,-5.2629],[-36.35123,-5.28305],[-36.38077,-5.30662],[-36.38059,-5.27782]]]}},{"type":"Feature","properties":{"nome_proje":"PA SANTA INÊS"},"geometry":{"type":"Polygon","coordinates":[[[-36.22381,-5.26194],[-36.20566,-5.27107],[-36.2125,-5.28196],[-36.2218,-5.27883],[-36.22438,-5.2947],[-36.23111,-5.2937],[-36.23005,-5.29021],[-36.23446,-5.28823],[-36.22381,-5.26194]]]}},{"type":"Feature","properties":{"nome_proje":"PA ENCRUZILHADA"},"geometry":{"type":"Polygon","coordinates":[[[-36.38059,-5.27782],[-36.38064,-5.28553],[-36.39463,-5.28532],[-36.39635,-5.26743],[-36.37433,-5.26429],[-36.38059,-5.27782]]]}},{"type":"Feature","properties":{"nome_proje":"PA SANTA MARIA III"},"geometry":{"type":"Polygon","coordinates":[[[-36.2984,-5.24292],[-36.27599,-5.25045],[-36.27651,-5.23843],[-36.23957,-5.25719],[-36.25104,-5.28086],[-36.30554,-5.25546],[-36.2984,-5.24292]]]}},{"type":"Feature","properties":{"nome_proje":"PA SANTA PAZ"},"geometry":{"type":"Polygon","coordinates":[[[-36.32258,-5.21755],[-36.29237,-5.23184],[-36.31532,-5.27233],[-36.33971,-5.26213],[-36.32258,-5.21755]]]}},{"type":"Feature","properties":{"nome_proje":"PA CAVACO"},"geometry":{"type":"Polygon","coordinates":[[[-36.91303,-5.22019],[-36.86578,-5.23823],[-36.87097,-5.24989],[-36.89942,-5.23959],[-36.89148,-5.24469],[-36.89504,-5.25137],[-36.92408,-5.23897],[-36.91303,-5.22019]]]}},{"type":"Feature","properties":{"nome_proje":"PA MORADA DO SOL"},"geometry":{"type":"Polygon","coordinates":[[[-36.91008,-5.2151],[-36.89432,-5.22147],[-36.88975,-5.20771],[-36.84816,-5.22977],[-36.8549,-5.23701],[-36.86355,-5.23312],[-36.8657,-5.23793],[-36.91326,-5.22041],[-36.91008,-5.2151]]]}},{"type":"Feature","properties":{"nome_proje":"PA UMARIZEIRO"},"geometry":{"type":"Polygon","coordinates":[[[-36.38499,-5.2508],[-36.41414,-5.24789],[-36.38946,-5.18121],[-36.37329,-5.18366],[-36.38499,-5.2508]]]}},{"type":"Feature","properties":{"nome_proje":"PA CANTO DAS PEDRAS"},"geometry":{"type":"Polygon","coordinates":[[[-36.86891,-5.19653],[-36.85204,-5.19533],[-36.81923,-5.20922],[-36.83152,-5.21894],[-36.87155,-5.20223],[-36.86891,-5.19653]]]}},{"type":"Feature","properties":{"nome_proje":"PA CABELO DE NEGRO"},"geometry":{"type":"Polygon","coordinates":[[[-37.54171,-5.21953],[-37.54213,-5.22809],[-37.53831,-5.22861],[-37.53856,-5.24066],[-37.5199,-5.2448],[-37.54755,-5.2831],[-37.58538,-5.24553],[-37.57295,-5.21996],[-37.54171,-5.21953]]]}},{"type":"Feature","properties":{"nome_proje":"PA SOLIDÃO"},"geometry":{"type":"Polygon","coordinates":[[[-37.50058,-5.22272],[-37.46622,-5.2407],[-37.47104,-5.25001],[-37.50832,-5.23004],[-37.50058,-5.22272]]]}},{"type":"Feature","properties":{"nome_proje":"PA RECREIO"},"geometry":{"type":"Polygon","coordinates":[[[-37.64074,-5.22225],[-37.62117,-5.22403],[-37.62105,-5.22163],[-37.57286,-5.22],[-37.58516,-5.2453],[-37.63315,-5.25177],[-37.63225,-5.24196],[-37.6481,-5.23771],[-37.64074,-5.22225]]]}},{"type":"Feature","properties":{"nome_proje":"PA SANTA CLARA"},"geometry":{"type":"Polygon","coordinates":[[[-37.64074,-5.22225],[-37.65241,-5.24661],[-37.66401,-5.24194],[-37.65356,-5.22263],[-37.64074,-5.22225]]]}},{"type":"Feature","properties":{"nome_proje":"PA BARREIRA VERMELHA"},"geometry":{"type":"Polygon","coordinates":[[[-37.54279,-5.19525],[-37.52109,-5.20623],[-37.52264,-5.21124],[-37.54656,-5.20309],[-37.54279,-5.19525]]]}},{"type":"Feature","properties":{"nome_proje":"PA SANTA RITA DE CÁSSIA"},"geometry":{"type":"Polygon","coordinates":[[[-37.58394,-5.18003],[-37.5531,-5.19134],[-37.5242,-5.19752],[-37.55421,-5.19365],[-37.56843,-5.18816],[-37.5847,-5.21999],[-37.59361,-5.22022],[-37.57597,-5.19],[-37.59748,-5.18798],[-37.59731,-5.18163],[-37.58394,-5.18003]]]}},{"type":"Feature","properties":{"nome_proje":"PA VINGT ROSADO"},"geometry":{"type":"Polygon","coordinates":[[[-37.48161,-5.16755],[-37.47803,-5.20552],[-37.49526,-5.21083],[-37.49772,-5.21443],[-37.52404,-5.21681],[-37.51265,-5.18909],[-37.48161,-5.16755]]]}},{"type":"Feature","properties":{"nome_proje":"PA OURO VERDE"},"geometry":{"type":"Polygon","coordinates":[[[-37.6493,-5.20205],[-37.65322,-5.20432],[-37.67133,-5.16712],[-37.66658,-5.16504],[-37.6493,-5.20205]]]}},{"type":"Feature","properties":{"nome_proje":"PA RANCHO DO PEREIRO"},"geometry":{"type":"Polygon","coordinates":[[[-37.59168,-5.16448],[-37.59696,-5.17317],[-37.59744,-5.18795],[-37.58539,-5.18918],[-37.58668,-5.20217],[-37.60456,-5.19805],[-37.60121,-5.18441],[-37.60603,-5.16149],[-37.59168,-5.16448]]]}},{"type":"Feature","properties":{"nome_proje":"PA FORMOSA"},"geometry":{"type":"Polygon","coordinates":[[[-37.66652,-5.16496],[-37.64912,-5.15695],[-37.62941,-5.19831],[-37.64983,-5.19855],[-37.66652,-5.16496]]]}},{"type":"Feature","properties":{"nome_proje":"PA SÃO JOSÉ"},"geometry":{"type":"Polygon","coordinates":[[[-37.535,-5.18093],[-37.5333,-5.17177],[-37.58145,-5.17147],[-37.49294,-5.16567],[-37.50505,-5.16745],[-37.52606,-5.18303],[-37.535,-5.18093]]]}},{"type":"Feature","properties":{"nome_proje":"PA SÃO CRISTÓVÃO"},"geometry":{"type":"Polygon","coordinates":[[[-37.57405,-5.14884],[-37.5182,-5.16111],[-37.49195,-5.16207],[-37.49286,-5.16487],[-37.51992,-5.16559],[-37.57819,-5.16148],[-37.57405,-5.14884]]]}},{"type":"Feature","properties":{"nome_proje":"PA CHEIRO DA TERRA"},"geometry":{"type":"MultiPolygon","coordinates":[[[[-37.52144,-5.13879],[-37.53376,-5.13531],[-37.53054,-5.12808],[-37.52085,-5.12245],[-37.50893,-5.13221],[-37.52144,-5.13879]]],[[[-37.49182,-5.1672],[-37.48987,-5.15557],[-37.51401,-5.15045],[-37.52633,-5.13982],[-37.52286,-5.13934],[-37.51565,-5.13689],[-37.50884,-5.13229],[-37.49307,-5.14526],[-37.48911,-5.13192],[-37.47955,-5.13562],[-37.49182,-5.1672]]]]}},{"type":"Feature","properties":{"nome_proje":"PA OLHO D'ÁGUA DA ESCADA"},"geometry":{"type":"Polygon","coordinates":[[[-37.72122,-5.13535],[-37.70433,-5.14948],[-37.71532,-5.15405],[-37.72642,-5.1445],[-37.72122,-5.13535]]]}},{"type":"Feature","properties":{"nome_proje":"PA SÃO JOSE II"},"geometry":{"type":"Polygon","coordinates":[[[-37.49042,-5.15726],[-37.51623,-5.15632],[-37.53072,-5.14791],[-37.56984,-5.13608],[-37.56724,-5.12849],[-37.5293,-5.14315],[-37.51516,-5.15338],[-37.49042,-5.15726]]]}},{"type":"Feature","properties":{"nome_proje":"PA CATINGUEIRA"},"geometry":{"type":"Polygon","coordinates":[[[-37.7134,-5.11575],[-37.67517,-5.14083],[-37.69167,-5.15969],[-37.72297,-5.13344],[-37.7134,-5.11575]]]}},{"type":"Feature","properties":{"nome_proje":"PA FAZENDA NOVA"},"geometry":{"type":"Polygon","coordinates":[[[-37.47854,-5.09621],[-37.49043,-5.14382],[-37.50908,-5.1311],[-37.50356,-5.12738],[-37.51078,-5.12469],[-37.51437,-5.12749],[-37.52055,-5.12264],[-37.5237,-5.12528],[-37.52421,-5.11991],[-37.52063,-5.12042],[-37.50851,-5.08421],[-37.49438,-5.08987],[-37.4897,-5.09534],[-37.48657,-5.093],[-37.47854,-5.09621]]]}},{"type":"Feature","properties":{"nome_proje":"PA FAZENDA POÇO DE BARAUNA"},"geometry":{"type":"Polygon","coordinates":[[[-37.63275,-5.07489],[-37.6268,-5.07713],[-37.64722,-5.14303],[-37.65309,-5.14101],[-37.63275,-5.07489]]]}},{"type":"Feature","properties":{"nome_proje":"PA SANTA ELZA"},"geometry":{"type":"Polygon","coordinates":[[[-37.52742,-5.07839],[-37.50817,-5.08485],[-37.52092,-5.12063],[-37.52526,-5.11241],[-37.51944,-5.08846],[-37.53004,-5.0861],[-37.52742,-5.07839]]]}},{"type":"Feature","properties":{"nome_proje":"PA LAGOA DO XAVIER/SÃO VICENTE"},"geometry":{"type":"Polygon","coordinates":[[[-37.47075,-5.08101],[-37.47456,-5.07866],[-37.48219,-5.09498],[-37.51585,-5.08207],[-37.50865,-5.07349],[-37.50441,-5.07466],[-37.49968,-5.06597],[-37.49646,-5.06767],[-37.49126,-5.06323],[-37.4668,-5.07432],[-37.47075,-5.08101]]]}},{"type":"Feature","properties":{"nome_proje":"PA ROSADO"},"geometry":{"type":"Polygon","coordinates":[[[-36.91091,-5.01023],[-36.86779,-4.99885],[-36.85571,-5.01022],[-36.91059,-5.02514],[-36.91091,-5.01023]]]}},{"type":"Feature","properties":{"nome_proje":"PA PONTA DO MEL"},"geometry":{"type":"Polygon","coordinates":[[[-36.84421,-4.99097],[-36.90715,-5.00905],[-36.87878,-4.95333],[-36.86828,-4.96008],[-36.84421,-4.99097]]]}},{"type":"Feature","properties":{"nome_proje":"PA SERRA VERMELHA"},"geometry":{"type":"Polygon","coordinates":[[[-37.12148,-5.04414],[-37.15906,-5.07942],[-37.16712,-5.07174],[-37.16623,-5.06772],[-37.14175,-5.0447],[-37.13958,-5.0488],[-37.13774,-5.04723],[-37.13953,-5.04267],[-37.12484,-5.03201],[-37.12657,-5.03392],[-37.12148,-5.04414]]]}},{"type":"Feature","properties":{"nome_proje":"PA GARAVELO"},"geometry":{"type":"MultiPolygon","coordinates":[[[[-37.04816,-5.05726],[-37.05411,-5.0411],[-37.04991,-5.03796],[-37.04251,-5.05918],[-37.04816,-5.05726]]],[[[-37.05068,-5.09611],[-37.09738,-5.09617],[-37.10931,-5.07879],[-37.08249,-5.04849],[-37.0993,-5.03329],[-37.09821,-5.02744],[-37.1113,-5.01703],[-37.10283,-5.0093],[-37.06576,-5.05934],[-37.06098,-5.04678],[-37.05442,-5.04131],[-37.04775,-5.05941],[-37.05082,-5.05942],[-37.05068,-5.09611]]]]}},{"type":"Feature","properties":{"nome_proje":"PA RECANTO DA ESPERANÇA"},"geometry":{"type":"Polygon","coordinates":[[[-37.43126,-5.05849],[-37.43691,-5.05986],[-37.45419,-5.04804],[-37.46016,-5.05012],[-37.46417,-5.04675],[-37.45512,-5.03202],[-37.4462,-5.03894],[-37.4435,-5.03556],[-37.43719,-5.03581],[-37.43339,-5.03011],[-37.42675,-5.0334],[-37.42574,-5.03957],[-37.4173,-5.04354],[-37.42457,-5.05194],[-37.42887,-5.05148],[-37.43126,-5.05849]]]}},{"type":"Feature","properties":{"nome_proje":"PA BOA FÉ"},"geometry":{"type":"Polygon","coordinates":[[[-37.35453,-5.01614],[-37.32475,-5.03407],[-37.32777,-5.05081],[-37.33303,-5.04768],[-37.33867,-5.05716],[-37.36531,-5.04153],[-37.35453,-5.01614]]]}},{"type":"Feature","properties":{"nome_proje":"PA JUREMA"},"geometry":{"type":"MultiPolygon","coordinates":[[[[-37.32078,-5.01522],[-37.27912,-5.04136],[-37.25705,-5.0538],[-37.27255,-5.06246],[-37.30162,-5.04177],[-37.30426,-5.04579],[-37.3241,-5.03454],[-37.32078,-5.01522]]],[[[-37.3694,-5.00359],[-37.32125,-5.01456],[-37.32478,-5.0341],[-37.35456,-5.01617],[-37.35753,-5.02312],[-37.3694,-5.00359]]]]}},{"type":"Feature","properties":{"nome_proje":"PA SANTOS REIS"},"geometry":{"type":"Polygon","coordinates":[[[-37.00787,-5.02258],[-37.01085,-5.0226],[-37.01074,-5.04078],[-37.02887,-5.04087],[-37.03354,-5.02495],[-37.00885,-5.02041],[-37.00787,-5.02258]]]}},{"type":"Feature","properties":{"nome_proje":"PA CASQUEIRA"},"geometry":{"type":"MultiPolygon","coordinates":[[[[-37.08286,-4.98032],[-37.07362,-4.98124],[-37.06553,-5.0012],[-37.05387,-5.00086],[-37.04947,-5.01504],[-37.04075,-5.02715],[-37.05012,-5.03671],[-37.07497,-5.0081],[-37.09238,-4.99802],[-37.08286,-4.98032]]],[[[-37.0351,-5.01994],[-37.02882,-5.04148],[-37.02874,-5.05906],[-37.04251,-5.05918],[-37.05002,-5.03682],[-37.04338,-5.0307],[-37.0351,-5.01994]]]]}},{"type":"Feature","properties":{"nome_proje":"PA OLGA BERNÁRIO"},"geometry":{"type":"MultiPolygon","coordinates":[[[[-37.38108,-4.9845],[-37.39278,-4.96549],[-37.37137,-4.97389],[-37.35991,-4.94549],[-37.35189,-4.95618],[-37.34659,-4.94752],[-37.33325,-4.96848],[-37.34653,-4.9706],[-37.35025,-4.96523],[-37.38108,-4.9845]]],[[[-37.40702,-5.03074],[-37.41444,-5.02957],[-37.39684,-5.0069],[-37.40359,-4.99852],[-37.40213,-4.98694],[-37.40931,-4.9815],[-37.39676,-4.96595],[-37.39348,-4.96557],[-37.38158,-4.9849],[-37.39585,-4.99514],[-37.39307,-5.00764],[-37.39615,-5.01457],[-37.40702,-5.03074]]]]}},{"type":"Feature","properties":{"nome_proje":"PA OZIEL ALVES"},"geometry":{"type":"Polygon","coordinates":[[[-37.38821,-4.92001],[-37.38171,-4.925],[-37.35501,-4.93366],[-37.37136,-4.97385],[-37.39277,-4.96545],[-37.40671,-4.9431],[-37.38821,-4.92001]]]}},{"type":"Feature","properties":{"nome_proje":"PA SÃO ROMÃO"},"geometry":{"type":"Polygon","coordinates":[[[-37.45767,-4.91113],[-37.43861,-4.90375],[-37.41732,-4.88001],[-37.41374,-4.89049],[-37.41828,-4.92436],[-37.45114,-4.93657],[-37.45767,-4.91113]]]}},{"type":"Feature","properties":{"nome_proje":"PA VITORIA"},"geometry":{"type":"Polygon","coordinates":[[[-37.62842,-4.99957],[-37.59738,-5.00422],[-37.60003,-5.01303],[-37.59411,-5.01893],[-37.61411,-5.01822],[-37.61795,-5.02429],[-37.63238,-5.02553],[-37.62842,-4.99957]]]}},{"type":"Feature","properties":{"nome_proje":"PA MAISA"},"geometry":{"type":"Polygon","coordinates":[[[-37.55243,-4.91363],[-37.53091,-4.91231],[-37.53181,-4.91964],[-37.53645,-4.92092],[-37.54325,-4.93474],[-37.4862,-4.93924],[-37.47968,-4.94683],[-37.41929,-4.92482],[-37.41209,-4.93558],[-37.42694,-4.94535],[-37.41433,-4.96475],[-37.39964,-4.95547],[-37.39336,-4.96553],[-37.39666,-4.9659],[-37.4092,-4.98146],[-37.41735,-4.97531],[-37.41727,-4.97118],[-37.43897,-4.9815],[-37.45487,-4.98141],[-37.46005,-4.9925],[-37.43321,-5.00888],[-37.43773,-5.01898],[-37.43555,-5.01847],[-37.43328,-5.03005],[-37.4388,-5.03611],[-37.44713,-5.0304],[-37.4417,-5.02011],[-37.44421,-5.02095],[-37.44518,-5.01443],[-37.45449,-5.00872],[-37.46311,-5.0268],[-37.46447,-5.02335],[-37.4577,-5.00676],[-37.46472,-5.00252],[-37.48402,-5.04237],[-37.48087,-5.04572],[-37.49195,-5.05462],[-37.5043,-5.07461],[-37.55839,-5.05906],[-37.56215,-5.0677],[-37.57796,-5.06288],[-37.57833,-5.06699],[-37.58782,-5.0685],[-37.58753,-5.06019],[-37.58978,-5.05992],[-37.5825,-5.04349],[-37.5783,-5.0446],[-37.56858,-5.02925],[-37.59985,-5.01297],[-37.59713,-5.00415],[-37.6016,-5.0034],[-37.59662,-4.99035],[-37.5856,-4.99557],[-37.56277,-4.99712],[-37.56508,-5.01054],[-37.56047,-5.01086],[-37.55733,-4.99737],[-37.55945,-5.01089],[-37.55649,-5.01098],[-37.55413,-4.99755],[-37.55201,-4.99768],[-37.54683,-4.93447],[-37.55275,-4.93074],[-37.5482,-4.92373],[-37.54333,-4.92218],[-37.5642,-4.9235],[-37.55752,-4.90675],[-37.53654,-4.90175],[-37.53027,-4.90711],[-37.55207,-4.90981],[-37.55243,-4.91363]]]}},{"type":"Feature","properties":{"nome_proje":"PA TIRADENTES/PICO ESTREITO"},"geometry":{"type":"Polygon","coordinates":[[[-37.60133,-5.00343],[-37.62884,-4.99973],[-37.62706,-4.97753],[-37.63341,-4.97465],[-37.62308,-4.95477],[-37.60448,-4.96337],[-37.61213,-4.97261],[-37.59307,-4.9805],[-37.60133,-5.00343]]]}},{"type":"Feature","properties":{"nome_proje":"PA SERRA DANTAS"},"geometry":{"type":"Polygon","coordinates":[[[-37.66369,-4.91483],[-37.63075,-4.91058],[-37.62576,-4.92283],[-37.63178,-4.92425],[-37.64444,-4.94454],[-37.65896,-4.94067],[-37.68471,-4.94046],[-37.66369,-4.91483]]]}},{"type":"Feature","properties":{"nome_proje":"PA BOM JESUS II"},"geometry":{"type":"Polygon","coordinates":[[[-37.62264,-4.87875],[-37.59248,-4.91504],[-37.62592,-4.92292],[-37.6309,-4.91067],[-37.6638,-4.91489],[-37.64442,-4.89086],[-37.64022,-4.89972],[-37.63784,-4.89272],[-37.62264,-4.87875]]]}},{"type":"Feature","properties":{"nome_proje":"PA BELA VISTA"},"geometry":{"type":"Polygon","coordinates":[[[-37.70651,-4.84205],[-37.66657,-4.86558],[-37.66497,-4.86315],[-37.63976,-4.87993],[-37.64405,-4.89042],[-37.66813,-4.92009],[-37.73434,-4.88096],[-37.71851,-4.86945],[-37.70651,-4.84205]]]}},{"type":"Feature","properties":{"nome_proje":"PA BERNARDO MARIM"},"geometry":{"type":"Polygon","coordinates":[[[-37.60645,-4.84233],[-37.58773,-4.85841],[-37.53671,-4.90171],[-37.59187,-4.91483],[-37.62839,-4.87165],[-37.60645,-4.84233]]]}},{"type":"Feature","properties":{"nome_proje":"PA CAMPOS VERDES"},"geometry":{"type":"Polygon","coordinates":[[[-37.59734,-4.85014],[-37.5795,-4.82665],[-37.52963,-4.83522],[-37.53934,-4.89949],[-37.59734,-4.85014]]]}},{"type":"Feature","properties":{"nome_proje":"PA ROSA LUXEMBURGO"},"geometry":{"type":"Polygon","coordinates":[[[-37.68038,-4.79013],[-37.65481,-4.78719],[-37.62968,-4.78998],[-37.63565,-4.82203],[-37.64272,-4.81612],[-37.66749,-4.81271],[-37.66838,-4.81949],[-37.67928,-4.80382],[-37.68038,-4.79013]]]}},{"type":"Feature","properties":{"nome_proje":"PA LAGOA DO MATO/CAMARÁ"},"geometry":{"type":"Polygon","coordinates":[[[-37.57574,-4.79521],[-37.55881,-4.77665],[-37.53915,-4.74287],[-37.52803,-4.75509],[-37.49669,-4.80368],[-37.57574,-4.79521]]]}},{"type":"Feature","properties":{"nome_proje":"PA CARAÍBAS"},"geometry":{"type":"Polygon","coordinates":[[[-39.17668,-5.05106],[-39.18969,-5.09614],[-39.24785,-5.09756],[-39.24549,-5.07919],[-39.25666,-5.07119],[-39.251,-5.06424],[-39.2412,-5.06389],[-39.23993,-5.05338],[-39.21602,-5.0549],[-39.17668,-5.05106]]]}},{"type":"Feature","properties":{"nome_proje":"PA FREITAS"},"geometry":{"type":"Polygon","coordinates":[[[-39.19535,-5.03452],[-39.17554,-5.03796],[-39.17564,-5.04579],[-39.1698,-5.04782],[-39.17056,-5.05035],[-39.21602,-5.0549],[-39.23999,-5.05341],[-39.2357,-5.03077],[-39.22479,-5.02281],[-39.19535,-5.03452]]]}},{"type":"Feature","properties":{"nome_proje":"PA OLIVENÇA/PALMARES"},"geometry":{"type":"Polygon","coordinates":[[[-39.03997,-4.92341],[-39.03424,-4.94272],[-39.03729,-4.94145],[-39.03872,-4.94403],[-39.0942,-4.92992],[-39.09904,-4.94017],[-39.10686,-4.94109],[-39.11236,-4.93038],[-39.11819,-4.932],[-39.12018,-4.92498],[-39.11463,-4.91749],[-39.10713,-4.91749],[-39.10691,-4.90874],[-39.09848,-4.90366],[-39.08735,-4.90396],[-39.08505,-4.91271],[-39.03997,-4.92341]]]}},{"type":"Feature","properties":{"nome_proje":"PA TIJUCA/BOA VISTA"},"geometry":{"type":"Polygon","coordinates":[[[-38.90972,-4.8871],[-38.8868,-4.87121],[-38.88142,-4.88153],[-38.89006,-4.88455],[-38.89009,-4.89839],[-38.87928,-4.90504],[-38.88012,-4.91037],[-38.87653,-4.91708],[-38.87126,-4.91684],[-38.87116,-4.94517],[-38.88014,-4.94267],[-38.88023,-4.93696],[-38.88523,-4.93368],[-38.88358,-4.92855],[-38.89288,-4.92283],[-38.90972,-4.8871]]]}},{"type":"Feature","properties":{"nome_proje":"PA MONTE CASTELO"},"geometry":{"type":"Polygon","coordinates":[[[-39.28775,-4.78731],[-39.2837,-4.87311],[-39.29191,-4.87907],[-39.30008,-4.87882],[-39.30217,-4.87557],[-39.29843,-4.87162],[-39.29923,-4.86327],[-39.29527,-4.85597],[-39.30088,-4.85233],[-39.3028,-4.8434],[-39.33073,-4.8348],[-39.33355,-4.82701],[-39.34048,-4.82251],[-39.34355,-4.79995],[-39.33804,-4.79605],[-39.3308,-4.80092],[-39.31454,-4.79991],[-39.28775,-4.78731]]]}},{"type":"Feature","properties":{"nome_proje":"PA OURO BRANCO"},"geometry":{"type":"Polygon","coordinates":[[[-39.27571,-4.77515],[-39.26974,-4.77767],[-39.25459,-4.85689],[-39.2837,-4.87311],[-39.28751,-4.78149],[-39.27571,-4.77515]]]}},{"type":"Feature","properties":{"nome_proje":"PA 13 DE MAIO"},"geometry":{"type":"Polygon","coordinates":[[[-39.04542,-4.78264],[-39.03679,-4.78329],[-39.03261,-4.77921],[-39.02092,-4.78416],[-39.02058,-4.78818],[-39.00787,-4.80179],[-39.01675,-4.79723],[-39.02095,-4.80165],[-39.03138,-4.80148],[-39.04542,-4.78264]]]}},{"type":"Feature","properties":{"nome_proje":"PA CALIFÓRNIA"},"geometry":{"type":"Polygon","coordinates":[[[-39.04792,-4.7593],[-39.02546,-4.74753],[-39.00111,-4.7503],[-39.00512,-4.75322],[-39.00562,-4.75929],[-39.00992,-4.7606],[-39.01063,-4.76467],[-39.00593,-4.77025],[-39.01767,-4.78809],[-39.02012,-4.78327],[-39.03327,-4.77804],[-39.04792,-4.7593]],[[-39.02172,-4.77101],[-39.01881,-4.77738],[-39.01316,-4.77225],[-39.01405,-4.76618],[-39.02172,-4.77101]]]}},{"type":"Feature","properties":{"nome_proje":"PA GUANABARA/MANAUS"},"geometry":{"type":"Polygon","coordinates":[[[-38.99383,-4.73978],[-39.00114,-4.7459],[-39.00111,-4.7503],[-39.02546,-4.74753],[-39.04792,-4.7593],[-39.03327,-4.77804],[-39.03733,-4.78242],[-39.05462,-4.7614],[-39.06408,-4.7344],[-39.01819,-4.73016],[-39.01498,-4.72472],[-38.99492,-4.73567],[-38.99383,-4.73978]]]}},{"type":"Feature","properties":{"nome_proje":"PA SÃO JOÃO DOS CARNEIROS"},"geometry":{"type":"Polygon","coordinates":[[[-39.15155,-4.71393],[-39.11089,-4.73199],[-39.11363,-4.74329],[-39.10938,-4.74963],[-39.11329,-4.75481],[-39.15434,-4.7357],[-39.15155,-4.71393]]]}},{"type":"Feature","properties":{"nome_proje":"PA FAVELA"},"geometry":{"type":"Polygon","coordinates":[[[-38.48553,-4.95406],[-38.47692,-4.97479],[-38.50857,-4.98254],[-38.51932,-4.95647],[-38.48553,-4.95406]]]}},{"type":"Feature","properties":{"nome_proje":"PA RENASCER/LONGAR"},"geometry":{"type":"Polygon","coordinates":[[[-38.55964,-4.93351],[-38.54337,-4.96813],[-38.54943,-4.97015],[-38.54847,-4.97753],[-38.553,-4.97789],[-38.55487,-4.97196],[-38.56956,-4.97693],[-38.58185,-4.9499],[-38.58074,-4.94541],[-38.57651,-4.94655],[-38.55964,-4.93351]]]}},{"type":"Feature","properties":{"nome_proje":"PA BARBADA"},"geometry":{"type":"Polygon","coordinates":[[[-38.4449,-4.90276],[-38.42935,-4.93859],[-38.43268,-4.94192],[-38.43074,-4.94665],[-38.44518,-4.95276],[-38.4426,-4.96065],[-38.45963,-4.96942],[-38.46796,-4.9697],[-38.4874,-4.92442],[-38.47935,-4.91776],[-38.4749,-4.90609],[-38.44963,-4.90054],[-38.4449,-4.90276]]]}},{"type":"Feature","properties":{"nome_proje":"PA BELFOROXO"},"geometry":{"type":"Polygon","coordinates":[[[-38.2533,-4.93919],[-38.25687,-4.944],[-38.26669,-4.94727],[-38.2759,-4.9454],[-38.28179,-4.93712],[-38.29044,-4.91187],[-38.28766,-4.90244],[-38.2802,-4.89603],[-38.2763,-4.89395],[-38.27297,-4.89611],[-38.2533,-4.93919]]]}},{"type":"Feature","properties":{"nome_proje":"PA HORIZONTE/CONTENDAS"},"geometry":{"type":"Polygon","coordinates":[[[-38.59183,-4.87661],[-38.58862,-4.90553],[-38.5816,-4.91159],[-38.57719,-4.92723],[-38.58273,-4.93964],[-38.58983,-4.93799],[-38.6001,-4.941],[-38.61569,-4.89224],[-38.59183,-4.87661]]]}},{"type":"Feature","properties":{"nome_proje":"PA OLGA BENARIO"},"geometry":{"type":"Polygon","coordinates":[[[-38.23324,-4.88787],[-38.22618,-4.88956],[-38.21706,-4.88637],[-38.20853,-4.89036],[-38.1847,-4.91861],[-38.20399,-4.92804],[-38.20299,-4.92223],[-38.23324,-4.88787]]]}},{"type":"Feature","properties":{"nome_proje":"PA VOLTA/CANAFÍSTULA"},"geometry":{"type":"Polygon","coordinates":[[[-38.32766,-4.83892],[-38.32095,-4.88317],[-38.31671,-4.88036],[-38.30809,-4.89993],[-38.30382,-4.89857],[-38.2939,-4.91959],[-38.29779,-4.91973],[-38.29797,-4.92433],[-38.30162,-4.9236],[-38.30308,-4.92921],[-38.30741,-4.93075],[-38.30985,-4.93662],[-38.31194,-4.93558],[-38.3136,-4.94394],[-38.33289,-4.89992],[-38.32567,-4.8863],[-38.33334,-4.8381],[-38.32766,-4.83892]]]}},{"type":"Feature","properties":{"nome_proje":"PA LENIN PAZ II"},"geometry":{"type":"Polygon","coordinates":[[[-38.85936,-4.83092],[-38.77184,-4.83087],[-38.76711,-4.84389],[-38.76885,-4.8491],[-38.78784,-4.84895],[-38.78754,-4.85355],[-38.83494,-4.85389],[-38.83205,-4.84248],[-38.85956,-4.84162],[-38.85936,-4.83092]]]}},{"type":"Feature","properties":{"nome_proje":"PA BOM JESUS"},"geometry":{"type":"Polygon","coordinates":[[[-38.42578,-4.8109],[-38.42048,-4.8435],[-38.42544,-4.8355],[-38.4247,-4.84819],[-38.42913,-4.84716],[-38.45412,-4.8556],[-38.45795,-4.85367],[-38.46094,-4.83632],[-38.45705,-4.83676],[-38.46075,-4.81651],[-38.42578,-4.8109]]]}},{"type":"Feature","properties":{"nome_proje":"PA JUCÁ GROSSO"},"geometry":{"type":"Polygon","coordinates":[[[-38.41726,-4.80945],[-38.44991,-4.81478],[-38.45398,-4.78933],[-38.44528,-4.79253],[-38.44379,-4.78747],[-38.42135,-4.7839],[-38.41726,-4.80945]]]}},{"type":"Feature","properties":{"nome_proje":"PA CACIMBA DE DENTRO/TRÊS IRMÃOS"},"geometry":{"type":"Polygon","coordinates":[[[-39.33358,-4.71173],[-39.32196,-4.72769],[-39.34304,-4.74581],[-39.35147,-4.74875],[-39.35153,-4.73986],[-39.35663,-4.73119],[-39.348,-4.72677],[-39.33358,-4.71173]]]}},{"type":"Feature","properties":{"nome_proje":"PA FONTE NOVA"},"geometry":{"type":"Polygon","coordinates":[[[-39.23852,-4.71202],[-39.23432,-4.72832],[-39.25687,-4.71872],[-39.25547,-4.70897],[-39.23852,-4.71202]]]}},{"type":"Feature","properties":{"nome_proje":"PA FEIJÃO"},"geometry":{"type":"Polygon","coordinates":[[[-39.2338,-4.72788],[-39.24928,-4.68517],[-39.23062,-4.67612],[-39.21672,-4.68012],[-39.20826,-4.67825],[-39.19939,-4.70694],[-39.19096,-4.75937],[-39.21457,-4.76027],[-39.21579,-4.75516],[-39.22997,-4.74191],[-39.23994,-4.74272],[-39.2338,-4.72788]]]}},{"type":"Feature","properties":{"nome_proje":"PA CAÇADAS"},"geometry":{"type":"Polygon","coordinates":[[[-39.0257,-4.6802],[-39.03619,-4.69681],[-39.07698,-4.69508],[-39.0784,-4.68295],[-39.07421,-4.68008],[-39.0257,-4.6802]]]}},{"type":"Feature","properties":{"nome_proje":"PA FONTE NOVA"},"geometry":{"type":"Polygon","coordinates":[[[-39.25268,-4.68525],[-39.24934,-4.6852],[-39.24756,-4.6912],[-39.26642,-4.69014],[-39.26744,-4.68509],[-39.25399,-4.67681],[-39.25268,-4.68525]]]}},{"type":"Feature","properties":{"nome_proje":"PA CACIMBA DE DENTRO/TRÊS IRMÃOS"},"geometry":{"type":"Polygon","coordinates":[[[-39.32333,-4.64493],[-39.31272,-4.64301],[-39.30499,-4.64964],[-39.29891,-4.6936],[-39.30545,-4.69759],[-39.30104,-4.70343],[-39.30082,-4.71314],[-39.30833,-4.69997],[-39.31658,-4.70356],[-39.32333,-4.64493]]]}},{"type":"Feature","properties":{"nome_proje":"PA ALTO ALEGRE/SÃO BOA VENTURA"},"geometry":{"type":"Polygon","coordinates":[[[-39.26954,-4.64692],[-39.25309,-4.6542],[-39.24956,-4.66204],[-39.2385,-4.66028],[-39.23667,-4.66925],[-39.24868,-4.6729],[-39.26264,-4.68259],[-39.26901,-4.67744],[-39.27851,-4.64963],[-39.26954,-4.64692]]]}},{"type":"Feature","properties":{"nome_proje":"PA CUPIRA"},"geometry":{"type":"Polygon","coordinates":[[[-38.86606,-4.63566],[-38.86981,-4.64268],[-38.86783,-4.65225],[-38.89196,-4.65244],[-38.89689,-4.65837],[-38.91717,-4.65597],[-38.91162,-4.64174],[-38.86606,-4.63566]]]}},{"type":"Feature","properties":{"nome_proje":"PA PIÃO"},"geometry":{"type":"Polygon","coordinates":[[[-39.10313,-4.64064],[-39.09859,-4.66148],[-39.12156,-4.66034],[-39.12155,-4.65302],[-39.12765,-4.65351],[-39.13063,-4.62855],[-39.11932,-4.62601],[-39.11878,-4.63408],[-39.11273,-4.64255],[-39.10313,-4.64064]]]}},{"type":"Feature","properties":{"nome_proje":"PA MASSAPÊ/CANGATI"},"geometry":{"type":"Polygon","coordinates":[[[-38.94822,-4.62641],[-38.93828,-4.64969],[-38.93926,-4.65697],[-38.94156,-4.64819],[-38.94541,-4.65306],[-38.95035,-4.64881],[-38.96066,-4.6575],[-38.97175,-4.63812],[-38.97394,-4.62728],[-38.95275,-4.62916],[-38.94822,-4.62641]]]}},{"type":"Feature","properties":{"nome_proje":"PA TERRA NOVA"},"geometry":{"type":"Polygon","coordinates":[[[-38.36805,-4.71715],[-38.32234,-4.7314],[-38.33811,-4.77904],[-38.34843,-4.77438],[-38.37873,-4.77197],[-38.37751,-4.7609],[-38.40118,-4.75792],[-38.3977,-4.74838],[-38.40095,-4.74359],[-38.38934,-4.73459],[-38.38377,-4.73813],[-38.37398,-4.7289],[-38.36805,-4.71715]]]}},{"type":"Feature","properties":{"nome_proje":"PA MUNDO NOVO"},"geometry":{"type":"Polygon","coordinates":[[[-38.1896,-4.69902],[-38.20505,-4.73011],[-38.19772,-4.73862],[-38.19974,-4.74847],[-38.2499,-4.74707],[-38.25341,-4.69719],[-38.24544,-4.68668],[-38.21475,-4.69084],[-38.20231,-4.68251],[-38.1896,-4.69902]]]}},{"type":"Feature","properties":{"nome_proje":"PA BANHOS"},"geometry":{"type":"Polygon","coordinates":[[[-38.36552,-4.71833],[-38.35811,-4.69848],[-38.34911,-4.69067],[-38.3378,-4.68757],[-38.32278,-4.67212],[-38.30252,-4.67688],[-38.30874,-4.71111],[-38.31792,-4.71585],[-38.35067,-4.72274],[-38.36552,-4.71833]]]}},{"type":"Feature","properties":{"nome_proje":"PA AROEIRA"},"geometry":{"type":"Polygon","coordinates":[[[-38.59298,-4.63664],[-38.58827,-4.67447],[-38.59024,-4.67706],[-38.59388,-4.67807],[-38.59642,-4.66744],[-38.60673,-4.67418],[-38.61215,-4.67109],[-38.61367,-4.66516],[-38.62025,-4.67012],[-38.62444,-4.65723],[-38.59298,-4.63664]]]}},{"type":"Feature","properties":{"nome_proje":"PA RIACHO DAS MELANCIAS"},"geometry":{"type":"Polygon","coordinates":[[[-38.25612,-4.63442],[-38.24698,-4.64856],[-38.24157,-4.67679],[-38.2894,-4.66616],[-38.25612,-4.63442]]]}},{"type":"Feature","properties":{"nome_proje":"PA AMAZONAS II"},"geometry":{"type":"Polygon","coordinates":[[[-38.26197,-4.63956],[-38.27205,-4.64907],[-38.3071,-4.63524],[-38.30935,-4.64088],[-38.27675,-4.65351],[-38.28726,-4.66342],[-38.3505,-4.63774],[-38.3553,-4.60907],[-38.3142,-4.62544],[-38.31242,-4.61918],[-38.26197,-4.63956]]]}},{"type":"Feature","properties":{"nome_proje":"PA AMAZONAS"},"geometry":{"type":"Polygon","coordinates":[[[-38.26197,-4.63956],[-38.35722,-4.60073],[-38.35891,-4.59637],[-38.35216,-4.59586],[-38.25813,-4.63344],[-38.26197,-4.63956]]]}},{"type":"Feature","properties":{"nome_proje":"PA CÓRREGO DO QUIXINXÉ"},"geometry":{"type":"Polygon","coordinates":[[[-38.67299,-4.57341],[-38.67402,-4.57093],[-38.66572,-4.57249],[-38.66678,-4.56542],[-38.61196,-4.58551],[-38.5927,-4.6307],[-38.59299,-4.63629],[-38.62562,-4.65762],[-38.63342,-4.63432],[-38.64033,-4.63195],[-38.64711,-4.62323],[-38.67331,-4.60966],[-38.67412,-4.6052],[-38.68719,-4.59326],[-38.6856,-4.59158],[-38.69589,-4.57329],[-38.67299,-4.57341]]]}},{"type":"Feature","properties":{"nome_proje":"PA CIPO"},"geometry":{"type":"Polygon","coordinates":[[[-38.26851,-4.61506],[-38.27275,-4.62575],[-38.34465,-4.59721],[-38.34645,-4.58803],[-38.34095,-4.58737],[-38.3078,-4.60005],[-38.30668,-4.59641],[-38.29727,-4.59973],[-38.29729,-4.59768],[-38.28436,-4.60279],[-38.28529,-4.6085],[-38.26851,-4.61506]]]}},{"type":"Feature","properties":{"nome_proje":"PA LAGOA DO SERROTE II"},"geometry":{"type":"Polygon","coordinates":[[[-38.5615,-4.57292],[-38.55466,-4.59147],[-38.5776,-4.59901],[-38.59615,-4.59152],[-38.59081,-4.58011],[-38.58203,-4.57789],[-38.58313,-4.57366],[-38.57692,-4.57661],[-38.5615,-4.57292]]]}},{"type":"Feature","properties":{"nome_proje":"PA SANTA FÉ"},"geometry":{"type":"Polygon","coordinates":[[[-38.10396,-4.78206],[-38.11123,-4.80049],[-38.14324,-4.76387],[-38.14856,-4.76806],[-38.14674,-4.76628],[-38.17337,-4.73735],[-38.15446,-4.72464],[-38.14012,-4.73051],[-38.13939,-4.72483],[-38.14943,-4.72474],[-38.14614,-4.69587],[-38.13343,-4.69496],[-38.09438,-4.78501],[-38.10051,-4.78613],[-38.10396,-4.78206]]]}},{"type":"Feature","properties":{"nome_proje":"PA CHICO MENDES"},"geometry":{"type":"Polygon","coordinates":[[[-38.10407,-4.70306],[-38.07891,-4.69502],[-38.06919,-4.75245],[-38.07546,-4.75148],[-38.07116,-4.77554],[-38.07902,-4.77735],[-38.10407,-4.70306]]]}},{"type":"Feature","properties":{"nome_proje":"PA PATATIVA DO ASSARÉ"},"geometry":{"type":"Polygon","coordinates":[[[-37.94434,-4.70769],[-37.93666,-4.76151],[-37.94123,-4.76192],[-37.95583,-4.71151],[-37.94434,-4.70769]]]}},{"type":"Feature","properties":{"nome_proje":"PA TOMÉ AFONSO"},"geometry":{"type":"Polygon","coordinates":[[[-37.94427,-4.70765],[-37.89398,-4.69151],[-37.88608,-4.72683],[-37.88879,-4.74568],[-37.91974,-4.75608],[-37.91831,-4.75757],[-37.93659,-4.76147],[-37.94427,-4.70765]]]}},{"type":"Feature","properties":{"nome_proje":"PA UMARI"},"geometry":{"type":"Polygon","coordinates":[[[-37.90786,-4.6958],[-37.94635,-4.70835],[-37.94218,-4.67474],[-37.9297,-4.67694],[-37.93129,-4.66415],[-37.88659,-4.67719],[-37.87114,-4.67313],[-37.86401,-4.67575],[-37.86472,-4.68771],[-37.90786,-4.6958]]]}},{"type":"Feature","properties":{"nome_proje":"PA UMARI"},"geometry":{"type":"Polygon","coordinates":[[[-37.90786,-4.6958],[-37.94635,-4.70835],[-37.94218,-4.67474],[-37.9297,-4.67694],[-37.93129,-4.66415],[-37.88659,-4.67719],[-37.87114,-4.67313],[-37.86401,-4.67575],[-37.86472,-4.68771],[-37.90786,-4.6958]]]}},{"type":"Feature","properties":{"nome_proje":"PA QUILOMBO DOS PALMARES"},"geometry":{"type":"Polygon","coordinates":[[[-38.07891,-4.69502],[-38.09802,-4.70156],[-38.13185,-4.67595],[-38.13526,-4.66369],[-38.12753,-4.6618],[-38.10884,-4.67273],[-38.09953,-4.67329],[-38.09531,-4.68862],[-38.07891,-4.69502]]]}},{"type":"Feature","properties":{"nome_proje":"PA LUIS CARLOS"},"geometry":{"type":"Polygon","coordinates":[[[-38.17615,-4.68128],[-38.18424,-4.66862],[-38.18382,-4.66223],[-38.15052,-4.66024],[-38.14495,-4.66727],[-38.14177,-4.67875],[-38.17615,-4.68128]]]}},{"type":"Feature","properties":{"nome_proje":"PA CROATÁ/JANDAÍRA"},"geometry":{"type":"Polygon","coordinates":[[[-38.1831,-4.64597],[-38.16241,-4.64174],[-38.15053,-4.66024],[-38.18397,-4.66212],[-38.18431,-4.66866],[-38.17614,-4.6813],[-38.1896,-4.69902],[-38.19998,-4.68297],[-38.20689,-4.68014],[-38.19835,-4.66793],[-38.20669,-4.67303],[-38.2096,-4.65722],[-38.22468,-4.65955],[-38.22531,-4.67441],[-38.2222,-4.68012],[-38.22011,-4.67742],[-38.2119,-4.68124],[-38.21559,-4.68548],[-38.24183,-4.67719],[-38.24722,-4.64897],[-38.20066,-4.65248],[-38.1982,-4.64054],[-38.20123,-4.63749],[-38.1864,-4.63597],[-38.1831,-4.64597]]]}},{"type":"Feature","properties":{"nome_proje":"PA SANTA LUZIA/SANTA TEREZINHA"},"geometry":{"type":"MultiPolygon","coordinates":[[[[-38.1349,-4.51517],[-38.12886,-4.5608],[-38.14527,-4.55863],[-38.15824,-4.56161],[-38.155,-4.54183],[-38.15804,-4.54126],[-38.16324,-4.54227],[-38.16676,-4.55962],[-38.19863,-4.56376],[-38.19043,-4.5404],[-38.18495,-4.53582],[-38.16679,-4.53847],[-38.16638,-4.53064],[-38.18454,-4.5285],[-38.17624,-4.51657],[-38.15427,-4.52347],[-38.1499,-4.51462],[-38.1664,-4.50836],[-38.16814,-4.50663],[-38.16394,-4.50207],[-38.1349,-4.51517]]],[[[-38.20767,-4.51244],[-38.18137,-4.52095],[-38.18363,-4.52408],[-38.20643,-4.51735],[-38.20767,-4.51244]]]]}},{"type":"Feature","properties":{"nome_proje":"PA ENTRE RIOS"},"geometry":{"type":"Polygon","coordinates":[[[-39.14644,-4.57695],[-39.12887,-4.57129],[-39.12204,-4.57607],[-39.13348,-4.62673],[-39.12796,-4.65358],[-39.15351,-4.6585],[-39.15661,-4.635],[-39.15208,-4.6339],[-39.15531,-4.60485],[-39.14644,-4.57695]]]}},{"type":"Feature","properties":{"nome_proje":"PA RODEIO"},"geometry":{"type":"Polygon","coordinates":[[[-38.9739,-4.58921],[-38.95834,-4.5883],[-38.95423,-4.60699],[-38.9772,-4.60793],[-38.98467,-4.57373],[-38.98154,-4.56877],[-38.9756,-4.56767],[-38.97742,-4.57504],[-38.9739,-4.58921]]]}},{"type":"Feature","properties":{"nome_proje":"PA BARRA"},"geometry":{"type":"Polygon","coordinates":[[[-39.07319,-4.55936],[-39.06343,-4.56381],[-39.06041,-4.55785],[-39.05332,-4.55713],[-39.05506,-4.60837],[-39.07275,-4.60885],[-39.07002,-4.60353],[-39.07119,-4.59016],[-39.0809,-4.58978],[-39.07319,-4.55936]]]}},{"type":"Feature","properties":{"nome_proje":"PA IPUEIRA DA VACA"},"geometry":{"type":"MultiPolygon","coordinates":[[[[-39.2638,-4.54443],[-39.25236,-4.52468],[-39.22876,-4.51917],[-39.22928,-4.52768],[-39.22389,-4.52469],[-39.22145,-4.52893],[-39.2168,-4.54948],[-39.21161,-4.55079],[-39.20476,-4.55994],[-39.19256,-4.56859],[-39.19298,-4.57493],[-39.1998,-4.58324],[-39.19268,-4.58883],[-39.1929,-4.60775],[-39.2096,-4.60353],[-39.22409,-4.60973],[-39.22941,-4.60782],[-39.24094,-4.63314],[-39.24863,-4.63139],[-39.25173,-4.62304],[-39.24457,-4.58516],[-39.25034,-4.57498],[-39.25737,-4.57232],[-39.26637,-4.56096],[-39.27867,-4.55779],[-39.28518,-4.53391],[-39.2638,-4.54443]]],[[[-39.18608,-4.47897],[-39.17397,-4.49735],[-39.17588,-4.50412],[-39.18928,-4.50454],[-39.18945,-4.50678],[-39.2026,-4.50165],[-39.21478,-4.48991],[-39.22468,-4.48983],[-39.22723,-4.46898],[-39.20463,-4.47523],[-39.19407,-4.47295],[-39.18608,-4.47897]]]]}},{"type":"Feature","properties":{"nome_proje":"PA ARMADORES"},"geometry":{"type":"Polygon","coordinates":[[[-39.20101,-4.56139],[-39.21122,-4.55088],[-39.21632,-4.54969],[-39.21929,-4.54079],[-39.20016,-4.53429],[-39.17514,-4.53406],[-39.18792,-4.55077],[-39.19163,-4.54926],[-39.20101,-4.56139]]]}},{"type":"Feature","properties":{"nome_proje":"PA TOURO"},"geometry":{"type":"Polygon","coordinates":[[[-38.94837,-4.51513],[-38.94492,-4.5511],[-38.95857,-4.54413],[-38.95801,-4.55206],[-38.96936,-4.5514],[-38.96867,-4.54033],[-38.97759,-4.53612],[-38.97373,-4.50899],[-38.96811,-4.5078],[-38.94837,-4.51513]]]}},{"type":"Feature","properties":{"nome_proje":"PA JACURUTU"},"geometry":{"type":"Polygon","coordinates":[[[-39.32472,-4.48519],[-39.2738,-4.49338],[-39.27111,-4.49828],[-39.27796,-4.53197],[-39.28518,-4.53391],[-39.29595,-4.5305],[-39.30559,-4.54457],[-39.30364,-4.54951],[-39.30829,-4.55871],[-39.3179,-4.55218],[-39.32214,-4.55413],[-39.32661,-4.54478],[-39.33173,-4.54234],[-39.33727,-4.54368],[-39.34564,-4.53948],[-39.3531,-4.54602],[-39.35807,-4.5454],[-39.36659,-4.51204],[-39.3485,-4.49843],[-39.3407,-4.49836],[-39.33966,-4.49152],[-39.32938,-4.49269],[-39.32472,-4.48519]]]}},{"type":"Feature","properties":{"nome_proje":"PA GROSSOS"},"geometry":{"type":"Polygon","coordinates":[[[-39.17885,-4.50304],[-39.17831,-4.50708],[-39.15695,-4.52612],[-39.17505,-4.53389],[-39.1826,-4.53112],[-39.19254,-4.53458],[-39.18894,-4.50441],[-39.17885,-4.50304]]]}},{"type":"Feature","properties":{"nome_proje":"PA TIRACANGA/LOGRADOURO"},"geometry":{"type":"Polygon","coordinates":[[[-39.2249,-4.49041],[-39.21508,-4.4904],[-39.20183,-4.50194],[-39.18903,-4.50683],[-39.19264,-4.53495],[-39.20019,-4.53408],[-39.21925,-4.54077],[-39.21859,-4.53381],[-39.22313,-4.52473],[-39.22872,-4.52798],[-39.23039,-4.52321],[-39.2221,-4.51023],[-39.2249,-4.49041]]]}},{"type":"Feature","properties":{"nome_proje":"PA BOA VISTA II"},"geometry":{"type":"Polygon","coordinates":[[[-39.04148,-4.5112],[-39.03743,-4.53133],[-39.04145,-4.53027],[-39.0456,-4.53525],[-39.07056,-4.52711],[-39.09353,-4.52474],[-39.09328,-4.5178],[-39.07354,-4.51422],[-39.06507,-4.49082],[-39.04148,-4.5112]]]}},{"type":"Feature","properties":{"nome_proje":"PA TERRA PROMETIDA"},"geometry":{"type":"Polygon","coordinates":[[[-38.22968,-4.5164],[-38.21723,-4.52003],[-38.20806,-4.56184],[-38.22146,-4.56453],[-38.22968,-4.5164]]]}},{"type":"Feature","properties":{"nome_proje":"PA CACHOEIRA"},"geometry":{"type":"Polygon","coordinates":[[[-38.39933,-4.53978],[-38.40363,-4.53835],[-38.40727,-4.55005],[-38.40387,-4.56248],[-38.41966,-4.56286],[-38.41881,-4.55132],[-38.43796,-4.54787],[-38.4374,-4.53596],[-38.43283,-4.53913],[-38.42966,-4.53712],[-38.42789,-4.51065],[-38.43148,-4.51118],[-38.42925,-4.49688],[-38.42203,-4.4974],[-38.41935,-4.51168],[-38.40446,-4.51116],[-38.4018,-4.50208],[-38.38178,-4.51791],[-38.3822,-4.52682],[-38.40232,-4.52318],[-38.40293,-4.52983],[-38.39111,-4.53201],[-38.39158,-4.5377],[-38.39697,-4.53501],[-38.39933,-4.53978]]]}},{"type":"Feature","properties":{"nome_proje":"PA SANTA MARIA"},"geometry":{"type":"Polygon","coordinates":[[[-38.28142,-4.4843],[-38.28283,-4.49957],[-38.30526,-4.50703],[-38.30745,-4.49993],[-38.32591,-4.50582],[-38.3264,-4.4945],[-38.28142,-4.4843]]]}},{"type":"Feature","properties":{"nome_proje":"PA LAGOA DA CAPIVARA"},"geometry":{"type":"MultiPolygon","coordinates":[[[[-38.66161,-4.45521],[-38.66475,-4.47407],[-38.66488,-4.47659],[-38.66868,-4.45717],[-38.67185,-4.45674],[-38.67047,-4.45074],[-38.66161,-4.45521]]],[[[-38.65512,-4.45879],[-38.65791,-4.46421],[-38.66306,-4.46941],[-38.66095,-4.45552],[-38.65512,-4.45879]]],[[[-38.62737,-4.46452],[-38.62389,-4.47462],[-38.64178,-4.46182],[-38.65257,-4.45735],[-38.62337,-4.47622],[-38.62149,-4.48204],[-38.62426,-4.48548],[-38.63418,-4.48003],[-38.63355,-4.47656],[-38.65512,-4.45879],[-38.65043,-4.45033],[-38.62737,-4.46452]]]]}},{"type":"Feature","properties":{"nome_proje":"PA UIARA JUAZEIRO"},"geometry":{"type":"Polygon","coordinates":[[[-38.40978,-4.45269],[-38.39861,-4.45376],[-38.38939,-4.47774],[-38.40114,-4.47524],[-38.40978,-4.45269]]]}},{"type":"Feature","properties":{"nome_proje":"PA SÃO JOSÉ II"},"geometry":{"type":"Polygon","coordinates":[[[-38.46924,-4.41796],[-38.44629,-4.49309],[-38.46686,-4.49772],[-38.47858,-4.45899],[-38.46896,-4.45527],[-38.47923,-4.4212],[-38.46924,-4.41796]]]}},{"type":"Feature","properties":{"nome_proje":"PA RIACHO DAS LAGES"},"geometry":{"type":"Polygon","coordinates":[[[-38.62182,-4.42778],[-38.61171,-4.4763],[-38.62161,-4.47964],[-38.63121,-4.45216],[-38.62794,-4.44576],[-38.6396,-4.43963],[-38.62441,-4.43469],[-38.62182,-4.42778]]]}},{"type":"Feature","properties":{"nome_proje":"PA CÓRREGO DO MEIO"},"geometry":{"type":"Polygon","coordinates":[[[-38.26294,-4.45775],[-38.25714,-4.45798],[-38.25457,-4.4698],[-38.27909,-4.46807],[-38.27815,-4.46302],[-38.28233,-4.45981],[-38.2817,-4.4567],[-38.27617,-4.45708],[-38.28208,-4.43885],[-38.27276,-4.43287],[-38.26294,-4.45775]]]}},{"type":"Feature","properties":{"nome_proje":"PA BOA ESPERANÇA II"},"geometry":{"type":"Polygon","coordinates":[[[-38.38316,-4.43221],[-38.37922,-4.4294],[-38.37439,-4.43061],[-38.37097,-4.44283],[-38.38083,-4.44315],[-38.37972,-4.44603],[-38.38267,-4.44645],[-38.38641,-4.44209],[-38.3962,-4.44667],[-38.39352,-4.45367],[-38.40978,-4.45269],[-38.41333,-4.44625],[-38.38969,-4.42532],[-38.38316,-4.43221]]]}},{"type":"Feature","properties":{"nome_proje":"PA UMARI/CASA FORTE"},"geometry":{"type":"Polygon","coordinates":[[[-38.25021,-4.40394],[-38.23722,-4.44084],[-38.2218,-4.44302],[-38.22249,-4.44769],[-38.22922,-4.45241],[-38.22169,-4.45685],[-38.22071,-4.4633],[-38.23056,-4.46034],[-38.25573,-4.46241],[-38.26805,-4.42993],[-38.25579,-4.41959],[-38.25021,-4.40394]]]}},{"type":"Feature","properties":{"nome_proje":"PA CARNAUBAL"},"geometry":{"type":"Polygon","coordinates":[[[-39.26997,-4.50271],[-39.27691,-4.48113],[-39.25171,-4.47453],[-39.24715,-4.49521],[-39.235,-4.49238],[-39.23365,-4.51205],[-39.22867,-4.51896],[-39.25236,-4.52468],[-39.2638,-4.54443],[-39.28518,-4.53391],[-39.27699,-4.53072],[-39.26997,-4.50271]]]}},{"type":"Feature","properties":{"nome_proje":"PA CACIMBA NOVA"},"geometry":{"type":"Polygon","coordinates":[[[-39.16387,-4.47518],[-39.14252,-4.49628],[-39.15878,-4.52474],[-39.17837,-4.50708],[-39.17397,-4.49735],[-39.18608,-4.47897],[-39.19407,-4.47295],[-39.18501,-4.46344],[-39.17757,-4.46359],[-39.17651,-4.4575],[-39.16966,-4.45346],[-39.16387,-4.47518]]]}},{"type":"Feature","properties":{"nome_proje":"PA IPIRANGA"},"geometry":{"type":"Polygon","coordinates":[[[-39.29233,-4.48993],[-39.32419,-4.48532],[-39.32324,-4.46823],[-39.32009,-4.46296],[-39.30078,-4.46496],[-39.29772,-4.45607],[-39.28652,-4.45703],[-39.29599,-4.46708],[-39.29764,-4.47461],[-39.29055,-4.48015],[-39.29233,-4.48993]]]}},{"type":"Feature","properties":{"nome_proje":"PA NOVA CAJAZEIRAS"},"geometry":{"type":"Polygon","coordinates":[[[-38.8555,-4.44356],[-38.84945,-4.44922],[-38.84434,-4.46689],[-38.85207,-4.47333],[-38.86452,-4.47354],[-38.86681,-4.46665],[-38.85494,-4.46307],[-38.85742,-4.45305],[-38.87273,-4.45437],[-38.87408,-4.44674],[-38.87178,-4.44985],[-38.8555,-4.44356]]]}},{"type":"Feature","properties":{"nome_proje":"PA TIRACANGA/LOGRADOURO"},"geometry":{"type":"Polygon","coordinates":[[[-39.16708,-4.43179],[-39.17185,-4.45329],[-39.17603,-4.45575],[-39.17731,-4.46178],[-39.18436,-4.46177],[-39.19697,-4.47281],[-39.2038,-4.47396],[-39.22601,-4.46826],[-39.23351,-4.45209],[-39.21756,-4.44608],[-39.20888,-4.44629],[-39.19726,-4.43366],[-39.16708,-4.43179]]]}},{"type":"Feature","properties":{"nome_proje":"PA RANCHO PRIMAVERA"},"geometry":{"type":"Polygon","coordinates":[[[-39.20394,-4.42543],[-39.19679,-4.43182],[-39.20872,-4.44531],[-39.2174,-4.44539],[-39.23452,-4.45251],[-39.23824,-4.44282],[-39.24254,-4.44085],[-39.2425,-4.43624],[-39.20394,-4.42543]]]}},{"type":"Feature","properties":{"nome_proje":"PA NOJOSA"},"geometry":{"type":"Polygon","coordinates":[[[-39.20333,-4.42525],[-39.24219,-4.43581],[-39.24455,-4.42334],[-39.2058,-4.41804],[-39.20333,-4.42525]]]}},{"type":"Feature","properties":{"nome_proje":"PA ALEGRES"},"geometry":{"type":"Polygon","coordinates":[[[-39.1358,-4.42116],[-39.10444,-4.41132],[-39.09989,-4.39478],[-39.09107,-4.39364],[-39.08673,-4.40041],[-39.0893,-4.40573],[-39.10643,-4.41409],[-39.108,-4.42006],[-39.1163,-4.42187],[-39.1124,-4.43134],[-39.11565,-4.43808],[-39.12421,-4.4418],[-39.13271,-4.4309],[-39.1358,-4.42116]]]}},{"type":"Feature","properties":{"nome_proje":"PA TRANSVAL/PAU DE LEITE"},"geometry":{"type":"Polygon","coordinates":[[[-39.17166,-4.38755],[-39.15274,-4.41364],[-39.1648,-4.42452],[-39.16649,-4.43174],[-39.19254,-4.43305],[-39.22209,-4.3934],[-39.20776,-4.38967],[-39.20843,-4.37878],[-39.18559,-4.37241],[-39.18362,-4.38771],[-39.16776,-4.38316],[-39.16579,-4.38671],[-39.17166,-4.38755]]]}},{"type":"Feature","properties":{"nome_proje":"PA SANTA HELENA"},"geometry":{"type":"Polygon","coordinates":[[[-39.10444,-4.4112],[-39.13573,-4.41975],[-39.13712,-4.40975],[-39.15274,-4.41364],[-39.17166,-4.38755],[-39.12508,-4.37776],[-39.09999,-4.39428],[-39.10543,-4.40079],[-39.10444,-4.4112]]]}},{"type":"Feature","properties":{"nome_proje":"PA JARDIM"},"geometry":{"type":"Polygon","coordinates":[[[-38.91673,-4.38193],[-38.89832,-4.40384],[-38.90445,-4.40699],[-38.91396,-4.40496],[-38.92788,-4.41487],[-38.92525,-4.41172],[-38.93088,-4.40724],[-38.9334,-4.39725],[-38.93016,-4.38603],[-38.91673,-4.38193]]]}},{"type":"Feature","properties":{"nome_proje":"PA SOUZA"},"geometry":{"type":"Polygon","coordinates":[[[-39.22364,-4.39664],[-39.24436,-4.39349],[-39.24325,-4.38287],[-39.24681,-4.37863],[-39.27739,-4.38281],[-39.27832,-4.37084],[-39.28156,-4.37073],[-39.28249,-4.37825],[-39.28703,-4.37903],[-39.2876,-4.35916],[-39.25307,-4.35121],[-39.24662,-4.34597],[-39.22791,-4.34452],[-39.22578,-4.35321],[-39.20312,-4.34763],[-39.19168,-4.36054],[-39.22288,-4.37184],[-39.22364,-4.39664]]]}},{"type":"Feature","properties":{"nome_proje":"PA SÃO FRANCISCO DAS CHAGAS DE CANINDÉ"},"geometry":{"type":"Polygon","coordinates":[[[-39.33636,-4.33897],[-39.33136,-4.33503],[-39.32831,-4.33871],[-39.33494,-4.35139],[-39.33244,-4.35641],[-39.33826,-4.36756],[-39.35213,-4.37158],[-39.34021,-4.35688],[-39.36604,-4.34468],[-39.3593,-4.33682],[-39.35763,-4.32916],[-39.33636,-4.33897]]]}},{"type":"Feature","properties":{"nome_proje":"PA MONTE OREBE"},"geometry":{"type":"Polygon","coordinates":[[[-39.33071,-4.30877],[-39.32559,-4.31445],[-39.3042,-4.31514],[-39.30051,-4.32055],[-39.30326,-4.33375],[-39.34912,-4.33262],[-39.36047,-4.32742],[-39.36496,-4.31394],[-39.33071,-4.30877]]]}},{"type":"Feature","properties":{"nome_proje":"PA FAZENDA SERROTE"},"geometry":{"type":"Polygon","coordinates":[[[-39.14867,-4.27022],[-39.03902,-4.29324],[-39.02821,-4.29843],[-39.01652,-4.32415],[-39.026,-4.34119],[-39.03335,-4.34437],[-39.03353,-4.35369],[-39.04052,-4.35436],[-39.04036,-4.35931],[-39.12479,-4.33356],[-39.13955,-4.29549],[-39.13814,-4.29109],[-39.16886,-4.30172],[-39.17969,-4.27568],[-39.15207,-4.28286],[-39.14867,-4.27022]]]}},{"type":"Feature","properties":{"nome_proje":"PA NOSSA SENHORA DE FATIMA"},"geometry":{"type":"Polygon","coordinates":[[[-39.36343,-4.29752],[-39.30517,-4.3032],[-39.30396,-4.31499],[-39.31232,-4.31477],[-39.31156,-4.30629],[-39.32119,-4.30578],[-39.32824,-4.31211],[-39.32839,-4.30883],[-39.33376,-4.30759],[-39.35332,-4.31379],[-39.36474,-4.31352],[-39.37054,-4.30264],[-39.36343,-4.29752]]]}},{"type":"Feature","properties":{"nome_proje":"PA IMBURANAS/1º DE MAIO"},"geometry":{"type":"Polygon","coordinates":[[[-39.3513,-4.28933],[-39.34625,-4.27982],[-39.33716,-4.27553],[-39.30487,-4.2772],[-39.29555,-4.26627],[-39.29132,-4.26875],[-39.29039,-4.26494],[-39.2829,-4.26762],[-39.28015,-4.27739],[-39.29443,-4.27763],[-39.29507,-4.28771],[-39.30681,-4.2878],[-39.31078,-4.29308],[-39.31055,-4.28957],[-39.3513,-4.28933]]]}},{"type":"Feature","properties":{"nome_proje":"PA PAJEHUNA"},"geometry":{"type":"Polygon","coordinates":[[[-39.18485,-4.23405],[-39.14757,-4.24165],[-39.15146,-4.24978],[-39.14471,-4.25407],[-39.14864,-4.25957],[-39.14491,-4.26096],[-39.14722,-4.26892],[-39.14127,-4.26993],[-39.14867,-4.27022],[-39.15207,-4.28286],[-39.18017,-4.27597],[-39.16611,-4.24418],[-39.18749,-4.24012],[-39.18485,-4.23405]]]}},{"type":"Feature","properties":{"nome_proje":"PA CACHOEIRA DAS PEDRAS"},"geometry":{"type":"Polygon","coordinates":[[[-39.32332,-4.23799],[-39.3319,-4.24708],[-39.29811,-4.26717],[-39.30587,-4.27718],[-39.34103,-4.27359],[-39.33607,-4.26885],[-39.3376,-4.25795],[-39.33297,-4.24064],[-39.32582,-4.234],[-39.32332,-4.23799]]]}},{"type":"Feature","properties":{"nome_proje":"PA PARÁ"},"geometry":{"type":"Polygon","coordinates":[[[-39.11673,-4.22122],[-39.10705,-4.23579],[-39.10305,-4.23428],[-39.07269,-4.24407],[-39.06531,-4.24024],[-39.04281,-4.23796],[-39.03159,-4.22692],[-39.01238,-4.22603],[-39.00811,-4.24339],[-38.99554,-4.25323],[-38.99704,-4.25878],[-39.00254,-4.25798],[-39.01534,-4.26151],[-39.01767,-4.26569],[-39.02557,-4.26608],[-39.03105,-4.26327],[-39.02863,-4.25585],[-39.03126,-4.25822],[-39.03833,-4.25642],[-39.0427,-4.26321],[-39.04988,-4.26703],[-39.05682,-4.26076],[-39.06634,-4.25822],[-39.07571,-4.26618],[-39.08816,-4.26334],[-39.09912,-4.26497],[-39.10047,-4.25994],[-39.1038,-4.26105],[-39.10824,-4.25557],[-39.11256,-4.26076],[-39.11842,-4.25586],[-39.12283,-4.25893],[-39.13697,-4.25668],[-39.12837,-4.24033],[-39.13064,-4.2332],[-39.14024,-4.22271],[-39.11673,-4.22122]]]}},{"type":"Feature","properties":{"nome_proje":"PA NOVA ASSUNÇÃO"},"geometry":{"type":"Polygon","coordinates":[[[-38.77254,-4.4087],[-38.77076,-4.4104],[-38.76683,-4.40319],[-38.757,-4.40255],[-38.75336,-4.40728],[-38.74852,-4.40616],[-38.74934,-4.41612],[-38.75305,-4.41264],[-38.7504,-4.40993],[-38.75256,-4.4082],[-38.75506,-4.41073],[-38.75825,-4.40633],[-38.772,-4.42784],[-38.76888,-4.43138],[-38.76981,-4.44382],[-38.78326,-4.45],[-38.78537,-4.44921],[-38.78282,-4.42436],[-38.77254,-4.4087]]]}},{"type":"Feature","properties":{"nome_proje":"PA UMARI III"},"geometry":{"type":"Polygon","coordinates":[[[-38.23959,-4.40628],[-38.2366,-4.39621],[-38.22668,-4.39396],[-38.21993,-4.41386],[-38.2218,-4.44302],[-38.23722,-4.44084],[-38.24754,-4.41044],[-38.23959,-4.40628]]]}},{"type":"Feature","properties":{"nome_proje":"PA MENINO JESUS"},"geometry":{"type":"Polygon","coordinates":[[[-38.39727,-4.34007],[-38.36126,-4.32268],[-38.3505,-4.34609],[-38.34096,-4.34702],[-38.33228,-4.37031],[-38.31625,-4.37386],[-38.29348,-4.38854],[-38.30402,-4.39586],[-38.30521,-4.40024],[-38.30414,-4.41413],[-38.29323,-4.43806],[-38.29688,-4.4387],[-38.3077,-4.41598],[-38.321,-4.41981],[-38.32965,-4.41113],[-38.33442,-4.41218],[-38.33694,-4.40707],[-38.3397,-4.4146],[-38.34333,-4.41558],[-38.34497,-4.42483],[-38.35925,-4.42408],[-38.36844,-4.41179],[-38.3595,-4.39493],[-38.37283,-4.39393],[-38.36628,-4.37426],[-38.39828,-4.37245],[-38.41463,-4.38855],[-38.43086,-4.39036],[-38.45158,-4.36625],[-38.44657,-4.3598],[-38.44012,-4.35828],[-38.43569,-4.34449],[-38.39756,-4.34759],[-38.39727,-4.34007]]]}},{"type":"Feature","properties":{"nome_proje":"PA ZÉ LOURENÇO/CHOROZINHO"},"geometry":{"type":"Polygon","coordinates":[[[-38.42902,-4.33071],[-38.39721,-4.33154],[-38.39756,-4.34759],[-38.43569,-4.34449],[-38.44024,-4.35081],[-38.46572,-4.32955],[-38.46714,-4.33127],[-38.45907,-4.33772],[-38.46131,-4.34048],[-38.47419,-4.33988],[-38.46897,-4.32978],[-38.47116,-4.32802],[-38.44807,-4.30725],[-38.42902,-4.33071]]]}},{"type":"Feature","properties":{"nome_proje":"PA LAGOA DO CEDRO"},"geometry":{"type":"Polygon","coordinates":[[[-38.38066,-4.33094],[-38.37653,-4.33034],[-38.39716,-4.34022],[-38.3971,-4.33151],[-38.39939,-4.33127],[-38.39563,-4.31567],[-38.38066,-4.33094]]]}},{"type":"Feature","properties":{"nome_proje":"PA CROATÁ VIDA NOVA"},"geometry":{"type":"Polygon","coordinates":[[[-38.39442,-4.26146],[-38.37992,-4.27919],[-38.3995,-4.28138],[-38.40154,-4.29436],[-38.40513,-4.294],[-38.40709,-4.29749],[-38.42395,-4.28849],[-38.42505,-4.28405],[-38.41503,-4.28239],[-38.39442,-4.26146]]]}},{"type":"Feature","properties":{"nome_proje":"PA LUIZ MENDES"},"geometry":{"type":"Polygon","coordinates":[[[-38.25859,-4.22986],[-38.23775,-4.23195],[-38.23156,-4.26036],[-38.24217,-4.26249],[-38.24285,-4.25876],[-38.24836,-4.26185],[-38.2557,-4.24929],[-38.24865,-4.29553],[-38.25088,-4.29601],[-38.26273,-4.24771],[-38.25603,-4.24845],[-38.25859,-4.22986]]]}},{"type":"Feature","properties":{"nome_proje":"PA UMARI II"},"geometry":{"type":"Polygon","coordinates":[[[-38.27798,-4.24316],[-38.2905,-4.27713],[-38.29189,-4.27132],[-38.30195,-4.26991],[-38.2926,-4.24662],[-38.27798,-4.24316]]]}},{"type":"Feature","properties":{"nome_proje":"PA AGROVERDE"},"geometry":{"type":"Polygon","coordinates":[[[-38.45826,-4.24878],[-38.46032,-4.25113],[-38.45049,-4.2608],[-38.45633,-4.26075],[-38.46424,-4.2545],[-38.47577,-4.25786],[-38.48551,-4.2536],[-38.48078,-4.23804],[-38.45826,-4.24878]]]}},{"type":"Feature","properties":{"nome_proje":"PA BOQUEIRÃO"},"geometry":{"type":"Polygon","coordinates":[[[-38.69471,-4.20621],[-38.68454,-4.20541],[-38.68673,-4.17667],[-38.67476,-4.18275],[-38.66295,-4.18265],[-38.67731,-4.19471],[-38.67394,-4.2123],[-38.69311,-4.21482],[-38.69471,-4.20621]]]}},{"type":"Feature","properties":{"nome_proje":"PA SÃO FRANCISCO"},"geometry":{"type":"Polygon","coordinates":[[[-37.44095,-4.71918],[-37.42055,-4.71718],[-37.38691,-4.74208],[-37.40077,-4.77888],[-37.4097,-4.78093],[-37.4651,-4.716],[-37.4829,-4.70384],[-37.46979,-4.69957],[-37.45582,-4.71533],[-37.44095,-4.71918]]]}},{"type":"Feature","properties":{"nome_proje":"PA REDONDA"},"geometry":{"type":"Polygon","coordinates":[[[-37.44906,-4.71802],[-37.47005,-4.69897],[-37.49125,-4.70565],[-37.49166,-4.63254],[-37.47281,-4.65218],[-37.46202,-4.6528],[-37.42391,-4.66813],[-37.44906,-4.71802]]]}},{"type":"Feature","properties":{"nome_proje":"PA SÃO MIGUEL"},"geometry":{"type":"Polygon","coordinates":[[[-37.72199,-4.71664],[-37.71119,-4.74139],[-37.78069,-4.76384],[-37.74386,-4.75054],[-37.74314,-4.74483],[-37.78811,-4.75936],[-37.74309,-4.7445],[-37.74179,-4.73417],[-37.77885,-4.73569],[-37.79033,-4.73911],[-37.77904,-4.73525],[-37.74166,-4.73328],[-37.74098,-4.72879],[-37.78986,-4.73452],[-37.78959,-4.73236],[-37.76827,-4.72934],[-37.76814,-4.7268],[-37.74064,-4.72656],[-37.73929,-4.71862],[-37.72199,-4.71664]]]}},{"type":"Feature","properties":{"nome_proje":"PA AROEIRA VILANY"},"geometry":{"type":"Polygon","coordinates":[[[-37.74264,-4.64786],[-37.71717,-4.64984],[-37.72026,-4.6602],[-37.70848,-4.66102],[-37.70973,-4.66792],[-37.70137,-4.68651],[-37.69598,-4.68601],[-37.69693,-4.65757],[-37.69054,-4.65752],[-37.69433,-4.6859],[-37.64375,-4.68337],[-37.65128,-4.66331],[-37.62264,-4.70686],[-37.61703,-4.71098],[-37.64009,-4.73863],[-37.70792,-4.74872],[-37.72577,-4.70771],[-37.71741,-4.70575],[-37.74066,-4.66044],[-37.74264,-4.64786]]]}},{"type":"Feature","properties":{"nome_proje":"PA PORTO JOSÉ ALVES"},"geometry":{"type":"Polygon","coordinates":[[[-37.86326,-4.51798],[-37.78973,-4.52837],[-37.78739,-4.54435],[-37.86313,-4.53257],[-37.86414,-4.52029],[-37.86326,-4.51798]]]}},{"type":"Feature","properties":{"nome_proje":"PA COQUEIRINHO"},"geometry":{"type":"Polygon","coordinates":[[[-37.90674,-4.477],[-37.89746,-4.47708],[-37.88688,-4.48477],[-37.85676,-4.4864],[-37.85318,-4.49256],[-37.84264,-4.49674],[-37.84126,-4.51942],[-37.87843,-4.49622],[-37.90678,-4.49923],[-37.90811,-4.48404],[-37.90674,-4.477]]]}},{"type":"Feature","properties":{"nome_proje":"PA SANTA CLARA"},"geometry":{"type":"Polygon","coordinates":[[[-38.61053,-4.10321],[-38.59923,-4.10466],[-38.60074,-4.11467],[-38.60732,-4.11806],[-38.61266,-4.11714],[-38.61053,-4.10321]]]}},{"type":"Feature","properties":{"nome_proje":"PA UNIÃO"},"geometry":{"type":"Polygon","coordinates":[[[-38.39304,-4.08849],[-38.38236,-4.09002],[-38.37661,-4.09833],[-38.37697,-4.10305],[-38.38093,-4.10336],[-38.38127,-4.11196],[-38.38363,-4.10266],[-38.38685,-4.12299],[-38.38922,-4.1209],[-38.38546,-4.10187],[-38.39581,-4.10017],[-38.3987,-4.10977],[-38.40293,-4.10899],[-38.39304,-4.08849]]]}},{"type":"Feature","properties":{"nome_proje":"PA CARNEIRO"},"geometry":{"type":"Polygon","coordinates":[[[-39.07732,-4.1951],[-39.02213,-4.17343],[-39.00867,-4.17853],[-38.99754,-4.18829],[-38.98856,-4.18844],[-38.97996,-4.19433],[-38.97595,-4.20171],[-38.99744,-4.21133],[-39.01232,-4.22599],[-39.02949,-4.22722],[-39.0496,-4.22288],[-39.06091,-4.20647],[-39.07732,-4.1951]]]}},{"type":"Feature","properties":{"nome_proje":"PA LAGES"},"geometry":{"type":"Polygon","coordinates":[[[-39.20238,-4.181],[-39.18572,-4.18281],[-39.1861,-4.18985],[-39.17719,-4.18852],[-39.18282,-4.20815],[-39.21312,-4.21689],[-39.22061,-4.19833],[-39.22046,-4.18997],[-39.2244,-4.18766],[-39.20112,-4.18374],[-39.20238,-4.181]]]}},{"type":"Feature","properties":{"nome_proje":"PA CACHOEIRA/CACIMBA DE CIMA"},"geometry":{"type":"Polygon","coordinates":[[[-39.33947,-4.05184],[-39.34679,-4.0438],[-39.34193,-4.03239],[-39.30472,-4.01987],[-39.30388,-4.02362],[-39.2854,-4.01766],[-39.27968,-4.02454],[-39.28088,-4.03308],[-39.33947,-4.05184]]]}},{"type":"Feature","properties":{"nome_proje":"PA BARRA DO LEME"},"geometry":{"type":"Polygon","coordinates":[[[-39.07577,-3.9308],[-39.08128,-3.92139],[-39.09295,-3.91518],[-39.07077,-3.9083],[-39.07188,-3.9033],[-39.04827,-3.89914],[-39.05494,-3.88635],[-39.0291,-3.88497],[-39.028,-3.8944],[-39.03827,-3.89524],[-39.03466,-3.9033],[-39.02336,-3.90282],[-39.02354,-3.90691],[-39.02909,-3.90682],[-39.02855,-3.91052],[-39.04383,-3.91129],[-39.03272,-3.94219],[-39.04386,-3.95441],[-39.06799,-3.94219],[-39.06577,-3.94858],[-39.07994,-3.97135],[-39.09133,-3.96246],[-39.07577,-3.9308]]]}},{"type":"Feature","properties":{"nome_proje":"PA SANTA LUZIA/UMARI"},"geometry":{"type":"Polygon","coordinates":[[[-38.93727,-3.88034],[-38.93159,-3.88188],[-38.91967,-3.89851],[-38.91568,-3.89894],[-38.91981,-3.91317],[-38.91423,-3.91378],[-38.91828,-3.91522],[-38.92119,-3.92826],[-38.91567,-3.92739],[-38.91566,-3.93162],[-38.91799,-3.93761],[-38.94482,-3.94459],[-38.94779,-3.93617],[-38.95449,-3.93344],[-38.954,-3.93001],[-38.96237,-3.92291],[-38.95806,-3.9142],[-38.96202,-3.9068],[-38.9503,-3.90948],[-38.93727,-3.88034]]]}},{"type":"Feature","properties":{"nome_proje":"PA LAGOA GRANDE"},"geometry":{"type":"Polygon","coordinates":[[[-39.29853,-3.92261],[-39.31884,-3.9121],[-39.30983,-3.89134],[-39.27932,-3.88649],[-39.2795,-3.89649],[-39.26638,-3.89452],[-39.27002,-3.90488],[-39.26083,-3.9036],[-39.25895,-3.91417],[-39.29853,-3.92261]]]}},{"type":"Feature","properties":{"nome_proje":"PA LAGOA DA SERRA"},"geometry":{"type":"Polygon","coordinates":[[[-38.98016,-3.82264],[-38.9487,-3.83614],[-38.95008,-3.82773],[-38.93826,-3.83279],[-38.93671,-3.83884],[-38.93066,-3.83945],[-38.93153,-3.84755],[-38.92198,-3.85757],[-38.92922,-3.8723],[-38.93694,-3.87859],[-38.95626,-3.87998],[-38.96379,-3.87206],[-38.96097,-3.86604],[-38.9743,-3.84488],[-38.96638,-3.83418],[-38.98276,-3.82597],[-38.98016,-3.82264]]]}},{"type":"Feature","properties":{"nome_proje":"PA SANTA BÁRBARA"},"geometry":{"type":"Polygon","coordinates":[[[-38.92199,-3.86297],[-38.92198,-3.85757],[-38.93153,-3.84755],[-38.93066,-3.83945],[-38.93671,-3.83884],[-38.93826,-3.83279],[-38.96555,-3.82097],[-38.96255,-3.81894],[-38.96195,-3.81146],[-38.94253,-3.8165],[-38.94462,-3.80774],[-38.91958,-3.80987],[-38.91579,-3.80726],[-38.91216,-3.79463],[-38.91426,-3.78072],[-38.89238,-3.78996],[-38.89044,-3.80754],[-38.89254,-3.81084],[-38.87767,-3.81708],[-38.875,-3.83681],[-38.87783,-3.84805],[-38.92199,-3.86297]]]}},{"type":"Feature","properties":{"nome_proje":"PA CARANA SÃO JOSE"},"geometry":{"type":"Polygon","coordinates":[[[-39.0943,-3.78102],[-39.09622,-3.80263],[-39.14104,-3.80952],[-39.14278,-3.79852],[-39.12255,-3.79694],[-39.12446,-3.78314],[-39.0943,-3.78102]]]}},{"type":"Feature","properties":{"nome_proje":"PA BOQUEIRÃO/CAPIM GROSSO"},"geometry":{"type":"Polygon","coordinates":[[[-38.89452,-3.73664],[-38.86482,-3.73369],[-38.86508,-3.74635],[-38.83798,-3.74367],[-38.83138,-3.74906],[-38.82577,-3.74765],[-38.83021,-3.76976],[-38.84433,-3.77499],[-38.84138,-3.78447],[-38.8466,-3.78943],[-38.84958,-3.80135],[-38.86988,-3.79849],[-38.87069,-3.7693],[-38.87628,-3.76339],[-38.88716,-3.76678],[-38.89452,-3.73664]]]}},{"type":"Feature","properties":{"nome_proje":"PA PROGRESSO"},"geometry":{"type":"Polygon","coordinates":[[[-39.03087,-3.74664],[-39.02685,-3.7479],[-38.98658,-3.76048],[-39.00023,-3.77408],[-39.04322,-3.75983],[-39.03087,-3.74664]]]}},{"type":"Feature","properties":{"nome_proje":"PA LENIN PAZ I"},"geometry":{"type":"Polygon","coordinates":[[[-38.93108,-3.74634],[-38.91662,-3.74157],[-38.91507,-3.74619],[-38.90976,-3.74854],[-38.91315,-3.76001],[-38.88665,-3.76139],[-38.88702,-3.7651],[-38.9305,-3.76539],[-38.93108,-3.74634]]]}},{"type":"Feature","properties":{"nome_proje":"PA MULUNGU/TIGRE"},"geometry":{"type":"Polygon","coordinates":[[[-38.84612,-3.73922],[-38.84081,-3.73263],[-38.83402,-3.73198],[-38.83274,-3.73977],[-38.82662,-3.74785],[-38.83203,-3.74947],[-38.83991,-3.74258],[-38.86029,-3.74542],[-38.86248,-3.73987],[-38.84612,-3.73922]]]}},{"type":"Feature","properties":{"nome_proje":"PA NOVA CANUDOS"},"geometry":{"type":"Polygon","coordinates":[[[-39.31543,-3.70956],[-39.2769,-3.71829],[-39.27968,-3.72543],[-39.27662,-3.73637],[-39.29633,-3.73177],[-39.29779,-3.73811],[-39.31076,-3.73318],[-39.31164,-3.71797],[-39.32539,-3.7169],[-39.32377,-3.71075],[-39.31823,-3.71335],[-39.31543,-3.70956]]]}},{"type":"Feature","properties":{"nome_proje":"PA PANTANAL"},"geometry":{"type":"Polygon","coordinates":[[[-39.24391,-3.68761],[-39.23736,-3.68805],[-39.23566,-3.69708],[-39.23455,-3.70811],[-39.23826,-3.71403],[-39.24594,-3.72066],[-39.2656,-3.71869],[-39.25826,-3.70448],[-39.24417,-3.69317],[-39.24391,-3.68761]]]}},{"type":"Feature","properties":{"nome_proje":"PA ANGICOS"},"geometry":{"type":"Polygon","coordinates":[[[-38.90736,-3.6876],[-38.8661,-3.7014],[-38.86856,-3.71295],[-38.8896,-3.71448],[-38.89048,-3.7062],[-38.90638,-3.70726],[-38.90736,-3.6876]]]}},{"type":"Feature","properties":{"nome_proje":"PA LAGOA DO CAPIM"},"geometry":{"type":"Polygon","coordinates":[[[-39.27338,-3.67713],[-39.24268,-3.67475],[-39.24206,-3.67834],[-39.24499,-3.68522],[-39.27388,-3.67965],[-39.27338,-3.67713]]]}},{"type":"Feature","properties":{"nome_proje":"PA NOVA VIDA"},"geometry":{"type":"Polygon","coordinates":[[[-39.30781,-3.59893],[-39.28649,-3.605],[-39.28607,-3.59995],[-39.27721,-3.60211],[-39.28244,-3.62357],[-39.31367,-3.6206],[-39.31434,-3.61446],[-39.30377,-3.61336],[-39.30532,-3.60767],[-39.33625,-3.61059],[-39.33347,-3.6062],[-39.30781,-3.59893]]]}},{"type":"Feature","properties":{"nome_proje":"PA SIUPÉ"},"geometry":{"type":"Polygon","coordinates":[[[-38.97406,-3.5523],[-38.96175,-3.54923],[-38.95768,-3.54248],[-38.96422,-3.53059],[-38.96272,-3.52348],[-38.96806,-3.51979],[-38.96837,-3.51165],[-38.96042,-3.50977],[-38.95948,-3.50454],[-38.95173,-3.49752],[-38.94147,-3.49729],[-38.94228,-3.51084],[-38.94082,-3.51677],[-38.93784,-3.51659],[-38.93966,-3.55087],[-38.97406,-3.5523]]]}},{"type":"Feature","properties":{"nome_proje":"PA ZABELÊ/FLORES"},"geometry":{"type":"Polygon","coordinates":[[[-39.26377,-3.48254],[-39.26246,-3.49051],[-39.25747,-3.49287],[-39.22146,-3.50012],[-39.21986,-3.51128],[-39.23001,-3.51345],[-39.23919,-3.51126],[-39.26679,-3.49707],[-39.26277,-3.46481],[-39.25787,-3.46617],[-39.25803,-3.47152],[-39.26377,-3.48254]]]}},{"type":"Feature","properties":{"nome_proje":"PA BELA VISTA II"},"geometry":{"type":"Polygon","coordinates":[[[-39.89136,-4.29977],[-39.88529,-4.29472],[-39.88112,-4.29553],[-39.89853,-4.33881],[-39.92677,-4.34027],[-39.91366,-4.30914],[-39.90739,-4.30526],[-39.9028,-4.29436],[-39.89662,-4.29459],[-39.89136,-4.29977]]]}},{"type":"Feature","properties":{"nome_proje":"PA CACIMBA NOVA/SANTA ROSA"},"geometry":{"type":"Polygon","coordinates":[[[-39.87343,-4.2615],[-39.89147,-4.29977],[-39.89548,-4.29839],[-39.89559,-4.29477],[-39.9028,-4.29436],[-39.90739,-4.30526],[-39.91343,-4.30839],[-39.92685,-4.34013],[-39.95883,-4.33793],[-39.92466,-4.25181],[-39.87343,-4.2615]]]}},{"type":"Feature","properties":{"nome_proje":"PA BATOQUE"},"geometry":{"type":"Polygon","coordinates":[[[-39.93423,-4.13818],[-39.94769,-4.16239],[-39.9557,-4.15792],[-39.9855,-4.20726],[-39.9909,-4.20422],[-39.99048,-4.19061],[-40.01165,-4.17314],[-40.00166,-4.15647],[-39.99276,-4.16175],[-39.98377,-4.14913],[-39.95776,-4.15203],[-39.94728,-4.13593],[-39.93423,-4.13818]]]}},{"type":"Feature","properties":{"nome_proje":"PA CARNAUBINHA/GALANTE"},"geometry":{"type":"Polygon","coordinates":[[[-39.95445,-4.15867],[-39.94667,-4.1631],[-39.93252,-4.13512],[-39.92523,-4.13865],[-39.91524,-4.15006],[-39.90367,-4.15311],[-39.89579,-4.15144],[-39.91168,-4.18568],[-39.96759,-4.18103],[-39.95445,-4.15867]]]}},{"type":"Feature","properties":{"nome_proje":"PA PICOS DE CIMA"},"geometry":{"type":"Polygon","coordinates":[[[-40.16282,-4.05535],[-40.16191,-4.05769],[-40.14618,-4.05295],[-40.17137,-4.11521],[-40.20014,-4.10129],[-40.19408,-4.08509],[-40.16282,-4.05535]]]}},{"type":"Feature","properties":{"nome_proje":"PA RAPOSA/VÁRZEA DA CRUZ"},"geometry":{"type":"Polygon","coordinates":[[[-40.13973,-4.02861],[-40.10537,-4.05065],[-40.08921,-4.05025],[-40.08012,-4.06094],[-40.07202,-4.0572],[-40.06644,-4.05844],[-40.0771,-4.07301],[-40.08535,-4.07281],[-40.08969,-4.08018],[-40.09461,-4.07748],[-40.10691,-4.07813],[-40.1113,-4.07489],[-40.12142,-4.07573],[-40.12687,-4.0861],[-40.13518,-4.08882],[-40.13885,-4.10255],[-40.15561,-4.11828],[-40.15647,-4.12538],[-40.16574,-4.11891],[-40.13663,-4.04944],[-40.13946,-4.04473],[-40.13973,-4.02861]]]}},{"type":"Feature","properties":{"nome_proje":"PA RAJADA II"},"geometry":{"type":"Polygon","coordinates":[[[-40.08746,-4.00911],[-40.08925,-4.02927],[-40.10619,-4.04855],[-40.1407,-4.02451],[-40.13435,-4.01462],[-40.12489,-4.01673],[-40.1232,-4.00768],[-40.08746,-4.00911]]]}},{"type":"Feature","properties":{"nome_proje":"PA UBÁ"},"geometry":{"type":"Polygon","coordinates":[[[-40.23739,-3.98591],[-40.23962,-3.97374],[-40.24754,-3.96375],[-40.23882,-3.95785],[-40.23319,-3.96049],[-40.22093,-3.95737],[-40.21613,-3.94941],[-40.20795,-3.9528],[-40.20532,-3.94863],[-40.20037,-3.94807],[-40.19528,-3.95635],[-40.19608,-3.961],[-40.18935,-3.95901],[-40.18831,-3.96468],[-40.17863,-3.97609],[-40.18326,-3.97459],[-40.20006,-3.98503],[-40.21333,-3.98412],[-40.21778,-3.98732],[-40.2232,-3.98364],[-40.23222,-3.98353],[-40.23739,-3.98591]]]}},{"type":"Feature","properties":{"nome_proje":"PA ESPERANÇA/LAGOA DA MANGA"},"geometry":{"type":"Polygon","coordinates":[[[-40.16098,-3.93199],[-40.09053,-3.93321],[-40.09561,-3.94939],[-40.09163,-3.95767],[-40.18818,-3.95822],[-40.16098,-3.93199]]]}},{"type":"Feature","properties":{"nome_proje":"PA POCINHOS/FLORES"},"geometry":{"type":"Polygon","coordinates":[[[-40.13836,-3.88687],[-40.13615,-3.89],[-40.14675,-3.90362],[-40.15238,-3.91755],[-40.08928,-3.9184],[-40.09065,-3.93243],[-40.16095,-3.93122],[-40.15929,-3.92594],[-40.21655,-3.93696],[-40.21471,-3.92837],[-40.22037,-3.90028],[-40.13836,-3.88687]]]}},{"type":"Feature","properties":{"nome_proje":"PA POÇO DA PEDRA"},"geometry":{"type":"Polygon","coordinates":[[[-39.58005,-4.17106],[-39.58525,-4.18705],[-39.58385,-4.2042],[-39.60872,-4.20638],[-39.58523,-4.15006],[-39.57098,-4.14927],[-39.56973,-4.15709],[-39.58005,-4.17106]]]}},{"type":"Feature","properties":{"nome_proje":"PA RIACHUELO/ALTO ALEGRE"},"geometry":{"type":"Polygon","coordinates":[[[-39.76603,-4.11518],[-39.74891,-4.12486],[-39.74846,-4.12907],[-39.75555,-4.13325],[-39.75696,-4.15672],[-39.76794,-4.1577],[-39.77533,-4.17869],[-39.78516,-4.18352],[-39.79087,-4.17627],[-39.80528,-4.17395],[-39.8155,-4.16717],[-39.8098,-4.15687],[-39.8186,-4.15421],[-39.78575,-4.11844],[-39.76603,-4.11518]]]}},{"type":"Feature","properties":{"nome_proje":"PA LOGRADOURO/UBIRAÇU"},"geometry":{"type":"Polygon","coordinates":[[[-39.72002,-4.17921],[-39.71273,-4.09637],[-39.70599,-4.09843],[-39.70525,-4.09444],[-39.70226,-4.09481],[-39.69557,-4.08646],[-39.67744,-4.0924],[-39.67393,-4.09101],[-39.68982,-4.17349],[-39.72002,-4.17921]]]}},{"type":"Feature","properties":{"nome_proje":"PA MIRAMAR"},"geometry":{"type":"Polygon","coordinates":[[[-39.40657,-4.11217],[-39.36663,-4.11852],[-39.38089,-4.13322],[-39.38898,-4.13447],[-39.38805,-4.1414],[-39.42698,-4.12421],[-39.41768,-4.12192],[-39.41447,-4.11772],[-39.41112,-4.12717],[-39.40806,-4.12717],[-39.40657,-4.11217]]]}},{"type":"Feature","properties":{"nome_proje":"PA ÁGUAS MORTAS"},"geometry":{"type":"Polygon","coordinates":[[[-39.76837,-4.08913],[-39.76133,-4.10445],[-39.74255,-4.1098],[-39.74694,-4.12344],[-39.76577,-4.11481],[-39.77999,-4.11442],[-39.8187,-4.15422],[-39.83791,-4.13245],[-39.82895,-4.12512],[-39.79423,-4.10822],[-39.77571,-4.08965],[-39.76837,-4.08913]]]}},{"type":"Feature","properties":{"nome_proje":"PA FRIOS"},"geometry":{"type":"Polygon","coordinates":[[[-39.66885,-4.14316],[-39.6836,-4.14056],[-39.67416,-4.09133],[-39.65598,-4.08936],[-39.66885,-4.14316]]]}},{"type":"Feature","properties":{"nome_proje":"PA GUARANI/BOM LUGAR"},"geometry":{"type":"Polygon","coordinates":[[[-39.62802,-4.07983],[-39.57544,-4.08867],[-39.58219,-4.11614],[-39.59456,-4.11122],[-39.60103,-4.13616],[-39.60691,-4.13485],[-39.60326,-4.11381],[-39.63556,-4.10815],[-39.62802,-4.07983]]]}},{"type":"Feature","properties":{"nome_proje":"PA ALMAS"},"geometry":{"type":"Polygon","coordinates":[[[-39.8208,-4.08453],[-39.78431,-4.0849],[-39.78004,-4.08915],[-39.79894,-4.10383],[-39.79931,-4.10651],[-39.7951,-4.10772],[-39.82437,-4.12367],[-39.83581,-4.11254],[-39.81296,-4.09634],[-39.81865,-4.09208],[-39.8208,-4.08453]]]}},{"type":"Feature","properties":{"nome_proje":"PA OLHO D ÁGUA"},"geometry":{"type":"Polygon","coordinates":[[[-39.34489,-4.03782],[-39.37156,-4.03399],[-39.37522,-4.04361],[-39.33912,-4.05333],[-39.42878,-4.03435],[-39.42685,-4.03044],[-39.40486,-4.02571],[-39.4259,-4.02852],[-39.40471,-4.02347],[-39.34489,-4.03782]]]}},{"type":"Feature","properties":{"nome_proje":"PA SÃO MARINHO/RODEADOR"},"geometry":{"type":"Polygon","coordinates":[[[-39.85146,-3.92279],[-39.849,-3.92636],[-39.85566,-3.93148],[-39.85732,-3.93768],[-39.8466,-3.92938],[-39.84316,-3.93339],[-39.85361,-3.94123],[-39.85361,-3.95012],[-39.87623,-3.9461],[-39.87317,-3.93841],[-39.85146,-3.92279]]]}},{"type":"Feature","properties":{"nome_proje":"PA MORRO AGUDO/LAGOA"},"geometry":{"type":"Polygon","coordinates":[[[-40.52981,-4.51542],[-40.50103,-4.53245],[-40.50718,-4.54068],[-40.53099,-4.52458],[-40.54004,-4.53329],[-40.55293,-4.52509],[-40.52981,-4.51542]]]}},{"type":"Feature","properties":{"nome_proje":"PA RIACHO NOVO"},"geometry":{"type":"Polygon","coordinates":[[[-40.22495,-4.15415],[-40.21531,-4.16969],[-40.21459,-4.18605],[-40.21789,-4.18851],[-40.24004,-4.18451],[-40.25115,-4.17683],[-40.2549,-4.17862],[-40.24869,-4.16792],[-40.24481,-4.16683],[-40.24815,-4.1599],[-40.24349,-4.14982],[-40.22495,-4.15415]]]}},{"type":"Feature","properties":{"nome_proje":"PA GROAÍRAS"},"geometry":{"type":"Polygon","coordinates":[[[-40.29227,-3.98627],[-40.25961,-3.95476],[-40.24429,-3.96727],[-40.23713,-3.98541],[-40.25312,-3.9953],[-40.2607,-3.99429],[-40.28183,-4.00122],[-40.28337,-4.00757],[-40.28018,-4.02108],[-40.29858,-4.0416],[-40.30489,-4.05352],[-40.32044,-4.0303],[-40.30594,-4.01399],[-40.29227,-3.98627]]]}},{"type":"Feature","properties":{"nome_proje":"PA BONITO"},"geometry":{"type":"Polygon","coordinates":[[[-40.55677,-3.91552],[-40.55258,-3.91262],[-40.53648,-3.92142],[-40.53888,-3.92591],[-40.55721,-3.91614],[-40.56292,-3.92046],[-40.5904,-3.88522],[-40.58302,-3.88314],[-40.55677,-3.91552]]]}},{"type":"Feature","properties":{"nome_proje":"PA CONTENDAS/BOQUEIRÃO"},"geometry":{"type":"Polygon","coordinates":[[[-40.39533,-3.53873],[-40.39171,-3.55734],[-40.41033,-3.55789],[-40.41116,-3.54289],[-40.39533,-3.53873]]]}},{"type":"Feature","properties":{"nome_proje":"PA CONTENDAS/BOQUEIRÃO"},"geometry":{"type":"Polygon","coordinates":[[[-40.38268,-3.54989],[-40.39299,-3.53435],[-40.38658,-3.52802],[-40.37036,-3.52538],[-40.3658,-3.52176],[-40.37237,-3.51894],[-40.36391,-3.51222],[-40.36071,-3.5142],[-40.35657,-3.52565],[-40.36409,-3.53052],[-40.37079,-3.52942],[-40.37128,-3.53512],[-40.37575,-3.53605],[-40.38268,-3.54989]]]}},{"type":"Feature","properties":{"nome_proje":"PA MORGADO"},"geometry":{"type":"Polygon","coordinates":[[[-40.33894,-3.43825],[-40.29414,-3.44061],[-40.29581,-3.4439],[-40.30649,-3.45166],[-40.33987,-3.44868],[-40.34075,-3.44579],[-40.33894,-3.43825]]]}},{"type":"Feature","properties":{"nome_proje":"PA CONCEIÇÃO/BONFIM"},"geometry":{"type":"Polygon","coordinates":[[[-40.32101,-3.33554],[-40.30924,-3.33391],[-40.29918,-3.31366],[-40.29052,-3.30578],[-40.27949,-3.31074],[-40.27512,-3.30761],[-40.27571,-3.31466],[-40.27091,-3.32398],[-40.26435,-3.32741],[-40.26527,-3.33104],[-40.25823,-3.33697],[-40.25725,-3.34308],[-40.26103,-3.34665],[-40.25887,-3.35364],[-40.2642,-3.36023],[-40.26203,-3.36273],[-40.25586,-3.36008],[-40.25332,-3.36462],[-40.24552,-3.36322],[-40.24568,-3.36557],[-40.23143,-3.36644],[-40.23173,-3.37263],[-40.27142,-3.36978],[-40.27382,-3.37313],[-40.28035,-3.36892],[-40.28836,-3.35381],[-40.29076,-3.35764],[-40.299,-3.35888],[-40.29965,-3.36305],[-40.29189,-3.36193],[-40.28909,-3.3645],[-40.28956,-3.36857],[-40.28599,-3.37093],[-40.29194,-3.37368],[-40.29037,-3.37759],[-40.28386,-3.37541],[-40.28379,-3.38477],[-40.27944,-3.3826],[-40.27326,-3.38623],[-40.27027,-3.39856],[-40.26126,-3.39794],[-40.26479,-3.41124],[-40.27342,-3.40904],[-40.28808,-3.39146],[-40.29357,-3.389],[-40.31574,-3.39076],[-40.33496,-3.40037],[-40.34938,-3.38641],[-40.35392,-3.36926],[-40.33875,-3.35732],[-40.34471,-3.3543],[-40.34259,-3.35025],[-40.32994,-3.3454],[-40.32101,-3.33554]]]}},{"type":"Feature","properties":{"nome_proje":"PA TORRÕES"},"geometry":{"type":"Polygon","coordinates":[[[-40.52936,-3.29653],[-40.50587,-3.29391],[-40.50342,-3.30372],[-40.49929,-3.30344],[-40.50763,-3.31722],[-40.51152,-3.30961],[-40.52307,-3.32874],[-40.53201,-3.32399],[-40.5349,-3.30214],[-40.52936,-3.29653]]]}},{"type":"Feature","properties":{"nome_proje":"PA PEDRA PRETA"},"geometry":{"type":"Polygon","coordinates":[[[-40.61727,-3.28682],[-40.59543,-3.3095],[-40.60028,-3.32486],[-40.61379,-3.32495],[-40.63241,-3.31317],[-40.61727,-3.28682]]]}},{"type":"Feature","properties":{"nome_proje":"PA SÃO JOSÉ III"},"geometry":{"type":"Polygon","coordinates":[[[-40.08834,-3.90379],[-40.08948,-3.91889],[-40.15257,-3.91804],[-40.14695,-3.90412],[-40.08834,-3.90379]]]}},{"type":"Feature","properties":{"nome_proje":"PA LOGRADOURO CAMPO LIMPO"},"geometry":{"type":"Polygon","coordinates":[[[-40.09162,-3.8702],[-40.09014,-3.87546],[-40.09538,-3.87862],[-40.09465,-3.8825],[-40.06909,-3.8874],[-40.13615,-3.89],[-40.13836,-3.88687],[-40.14019,-3.8786],[-40.13651,-3.8686],[-40.09162,-3.8702]]]}},{"type":"Feature","properties":{"nome_proje":"PA OITICICA"},"geometry":{"type":"Polygon","coordinates":[[[-40.04941,-3.8274],[-40.04871,-3.82295],[-39.9973,-3.83165],[-39.99961,-3.85011],[-40.00424,-3.85328],[-40.04907,-3.8458],[-40.05076,-3.83685],[-40.07076,-3.83166],[-40.07185,-3.82103],[-40.04941,-3.8274]]]}},{"type":"Feature","properties":{"nome_proje":"PA BONSUCESSO"},"geometry":{"type":"Polygon","coordinates":[[[-40.05375,-3.77787],[-40.05473,-3.78203],[-40.04418,-3.78511],[-40.05085,-3.79639],[-40.11675,-3.77834],[-40.11255,-3.76266],[-40.05375,-3.77787]]]}},{"type":"Feature","properties":{"nome_proje":"PA ARRAIA"},"geometry":{"type":"Polygon","coordinates":[[[-39.87932,-3.74389],[-39.87321,-3.75035],[-39.86841,-3.75143],[-39.86704,-3.76562],[-39.87079,-3.79042],[-39.90169,-3.80749],[-39.90086,-3.79951],[-39.90337,-3.79834],[-39.89893,-3.78078],[-39.87958,-3.74918],[-39.87932,-3.74389]]]}},{"type":"Feature","properties":{"nome_proje":"PA CARNAÚBAS/CASINHAS"},"geometry":{"type":"Polygon","coordinates":[[[-40.05744,-3.67855],[-40.03993,-3.68504],[-40.04432,-3.69507],[-40.0644,-3.69277],[-40.07035,-3.69952],[-40.07019,-3.70858],[-40.08849,-3.69062],[-40.08655,-3.70875],[-40.106,-3.71524],[-40.12405,-3.6743],[-40.10945,-3.66766],[-40.10562,-3.65815],[-40.09831,-3.65542],[-40.09389,-3.64251],[-40.05744,-3.67855]]]}},{"type":"Feature","properties":{"nome_proje":"PA RANCHO ALEGRE/IPUEIRINHA"},"geometry":{"type":"Polygon","coordinates":[[[-40.12919,-3.66926],[-40.14031,-3.65352],[-40.1358,-3.65613],[-40.11494,-3.64875],[-40.10748,-3.6627],[-40.12919,-3.66926]]]}},{"type":"Feature","properties":{"nome_proje":"PA IPUEIRINHA/OURICURI"},"geometry":{"type":"Polygon","coordinates":[[[-40.14116,-3.65314],[-40.12673,-3.67163],[-40.10965,-3.6644],[-40.10988,-3.66858],[-40.14348,-3.68291],[-40.15375,-3.67938],[-40.17776,-3.65383],[-40.16755,-3.6519],[-40.1457,-3.63505],[-40.13996,-3.64654],[-40.14116,-3.65314]]]}},{"type":"Feature","properties":{"nome_proje":"PA PEDRA BRANCA"},"geometry":{"type":"Polygon","coordinates":[[[-40.03361,-3.6421],[-39.96827,-3.64993],[-39.9553,-3.67504],[-40.03286,-3.66759],[-40.03361,-3.6421]]]}},{"type":"Feature","properties":{"nome_proje":"PA CAMPO GRANDE"},"geometry":{"type":"Polygon","coordinates":[[[-40.09512,-3.61545],[-40.04712,-3.66106],[-40.05744,-3.67855],[-40.10734,-3.62902],[-40.09669,-3.62132],[-40.09512,-3.61545]]]}},{"type":"Feature","properties":{"nome_proje":"PA CHAPARRAL"},"geometry":{"type":"Polygon","coordinates":[[[-39.65403,-3.9107],[-39.62785,-3.92123],[-39.62137,-3.93335],[-39.6328,-3.94558],[-39.67583,-3.92915],[-39.68349,-3.92908],[-39.68455,-3.90718],[-39.65403,-3.9107]]]}},{"type":"Feature","properties":{"nome_proje":"PA VERTENTES"},"geometry":{"type":"Polygon","coordinates":[[[-39.4407,-3.8575],[-39.43632,-3.89949],[-39.4546,-3.90393],[-39.45244,-3.9258],[-39.45559,-3.92602],[-39.4604,-3.88033],[-39.44233,-3.87597],[-39.44516,-3.85849],[-39.4407,-3.8575]]]}},{"type":"Feature","properties":{"nome_proje":"PA OLHO D AGUA DA ESPERANÇA"},"geometry":{"type":"Polygon","coordinates":[[[-39.73646,-3.8405],[-39.73309,-3.84109],[-39.73291,-3.84832],[-39.72525,-3.84993],[-39.73347,-3.8527],[-39.72978,-3.85459],[-39.73024,-3.85753],[-39.72234,-3.85037],[-39.71872,-3.85136],[-39.71885,-3.84715],[-39.71592,-3.84889],[-39.70777,-3.8427],[-39.69365,-3.84173],[-39.7096,-3.85053],[-39.70702,-3.85226],[-39.7129,-3.85945],[-39.71325,-3.86895],[-39.71994,-3.86993],[-39.72072,-3.87476],[-39.71303,-3.88244],[-39.73011,-3.88509],[-39.73629,-3.88317],[-39.74286,-3.89213],[-39.75006,-3.89679],[-39.75624,-3.89652],[-39.7608,-3.9017],[-39.76144,-3.8787],[-39.75867,-3.87116],[-39.75205,-3.87343],[-39.73646,-3.8405]]]}},{"type":"Feature","properties":{"nome_proje":"PA LAURA  MUQUÉM"},"geometry":{"type":"Polygon","coordinates":[[[-39.58218,-3.82296],[-39.57709,-3.84747],[-39.5844,-3.87551],[-39.59115,-3.87044],[-39.61035,-3.87108],[-39.61139,-3.85957],[-39.60384,-3.85845],[-39.59795,-3.84886],[-39.59748,-3.83162],[-39.58218,-3.82296]]]}},{"type":"Feature","properties":{"nome_proje":"PA SACO VERDE"},"geometry":{"type":"Polygon","coordinates":[[[-39.70284,-3.68618],[-39.68517,-3.67463],[-39.66271,-3.68041],[-39.66907,-3.68711],[-39.66758,-3.69998],[-39.67728,-3.70177],[-39.67835,-3.70672],[-39.69051,-3.70807],[-39.69138,-3.71704],[-39.68704,-3.72682],[-39.6927,-3.72781],[-39.70634,-3.72245],[-39.70086,-3.73727],[-39.68605,-3.73937],[-39.68629,-3.74274],[-39.70905,-3.74965],[-39.71806,-3.77214],[-39.72713,-3.76179],[-39.73526,-3.76277],[-39.76871,-3.70142],[-39.75849,-3.67723],[-39.70284,-3.68618]]]}},{"type":"Feature","properties":{"nome_proje":"PA CAJAZEIRAS II"},"geometry":{"type":"Polygon","coordinates":[[[-39.82745,-3.6169],[-39.83113,-3.6045],[-39.82946,-3.59689],[-39.80287,-3.588],[-39.7954,-3.58991],[-39.78164,-3.61119],[-39.79293,-3.61925],[-39.79993,-3.61285],[-39.82745,-3.6169]]]}},{"type":"Feature","properties":{"nome_proje":"PA TANQUES II"},"geometry":{"type":"Polygon","coordinates":[[[-39.8107,-3.59227],[-39.82946,-3.59689],[-39.83506,-3.5919],[-39.85237,-3.589],[-39.85628,-3.57502],[-39.80516,-3.56665],[-39.8107,-3.59227]]]}},{"type":"Feature","properties":{"nome_proje":"PA BOQUEIRÃO/NOVO HORIZONTE"},"geometry":{"type":"MultiPolygon","coordinates":[[[[-39.42386,-3.55837],[-39.40745,-3.55238],[-39.40567,-3.55786],[-39.41961,-3.57225],[-39.4228,-3.57741],[-39.42575,-3.56215],[-39.42268,-3.56077],[-39.42386,-3.55837]]],[[[-39.42276,-3.57777],[-39.40522,-3.55793],[-39.37629,-3.55467],[-39.37929,-3.54486],[-39.34983,-3.55079],[-39.34966,-3.55958],[-39.36527,-3.56199],[-39.371,-3.58543],[-39.41988,-3.59476],[-39.42276,-3.57777]]]]}},{"type":"Feature","properties":{"nome_proje":"PA ESCALVADO"},"geometry":{"type":"Polygon","coordinates":[[[-39.60959,-3.55647],[-39.61852,-3.56584],[-39.62214,-3.55256],[-39.61675,-3.5404],[-39.58755,-3.54404],[-39.59388,-3.55306],[-39.59653,-3.54957],[-39.60959,-3.55647]]]}},{"type":"Feature","properties":{"nome_proje":"PA MULUNGU"},"geometry":{"type":"Polygon","coordinates":[[[-39.42735,-3.53517],[-39.4081,-3.54007],[-39.41008,-3.55172],[-39.41524,-3.55203],[-39.42409,-3.55831],[-39.42303,-3.56075],[-39.43224,-3.56475],[-39.43178,-3.5705],[-39.446,-3.56763],[-39.44374,-3.55949],[-39.45006,-3.55807],[-39.44927,-3.53969],[-39.42735,-3.53517]]]}},{"type":"Feature","properties":{"nome_proje":"PA CAIOCA DOS LOPES"},"geometry":{"type":"Polygon","coordinates":[[[-39.94948,-3.65225],[-39.96862,-3.65028],[-40.00857,-3.64556],[-39.99826,-3.63289],[-39.94308,-3.63985],[-39.94948,-3.65225]]]}},{"type":"Feature","properties":{"nome_proje":"PA CAIOCA"},"geometry":{"type":"Polygon","coordinates":[[[-39.95397,-3.62463],[-39.95727,-3.63825],[-40.02275,-3.62893],[-40.01684,-3.61739],[-39.95397,-3.62463]]]}},{"type":"Feature","properties":{"nome_proje":"PA PICADA/RUZY"},"geometry":{"type":"Polygon","coordinates":[[[-40.08363,-3.60006],[-40.03516,-3.64373],[-40.03376,-3.64937],[-40.04368,-3.64588],[-40.04525,-3.64884],[-40.09142,-3.60454],[-40.08363,-3.60006]]]}},{"type":"Feature","properties":{"nome_proje":"PA POÇO DA ONÇA"},"geometry":{"type":"Polygon","coordinates":[[[-39.95421,-3.62699],[-39.94569,-3.61388],[-39.91317,-3.6173],[-39.91665,-3.6224],[-39.89358,-3.62524],[-39.892,-3.61926],[-39.88372,-3.62573],[-39.87264,-3.62586],[-39.8688,-3.62264],[-39.86469,-3.62394],[-39.86272,-3.63142],[-39.92472,-3.63247],[-39.92543,-3.62716],[-39.95421,-3.62699]]]}},{"type":"Feature","properties":{"nome_proje":"PA PAJEÚ/INHARÉ"},"geometry":{"type":"Polygon","coordinates":[[[-40.12818,-3.58834],[-40.12063,-3.59739],[-40.10568,-3.59128],[-40.09712,-3.60692],[-40.10502,-3.6081],[-40.11306,-3.59876],[-40.11931,-3.60016],[-40.11147,-3.61225],[-40.12714,-3.61792],[-40.13175,-3.62293],[-40.14378,-3.60504],[-40.12818,-3.58834]]]}},{"type":"Feature","properties":{"nome_proje":"PA NOVA TERRA"},"geometry":{"type":"Polygon","coordinates":[[[-40.04565,-3.60295],[-40.05761,-3.60861],[-40.07153,-3.60827],[-40.08301,-3.59949],[-40.09097,-3.60393],[-40.09061,-3.5997],[-40.06643,-3.57779],[-40.06421,-3.56524],[-40.04439,-3.56239],[-40.02678,-3.56385],[-40.0343,-3.57048],[-40.03334,-3.57785],[-40.03711,-3.57966],[-40.04486,-3.59449],[-40.04565,-3.60295]]]}},{"type":"Feature","properties":{"nome_proje":"PA TANQUES"},"geometry":{"type":"Polygon","coordinates":[[[-40.06583,-3.57638],[-40.08741,-3.57403],[-40.09103,-3.60396],[-40.09712,-3.60692],[-40.10554,-3.59225],[-40.1012,-3.58066],[-40.11903,-3.56454],[-40.11768,-3.55662],[-40.10369,-3.55421],[-40.06267,-3.56158],[-40.06583,-3.57638]]]}},{"type":"Feature","properties":{"nome_proje":"PA SANTA TEREZA"},"geometry":{"type":"Polygon","coordinates":[[[-40.03457,-3.57553],[-40.0343,-3.57048],[-40.02342,-3.5579],[-39.99891,-3.57886],[-39.99771,-3.57009],[-39.98083,-3.57254],[-39.98672,-3.57716],[-39.98652,-3.58213],[-39.97945,-3.58485],[-40.00091,-3.58457],[-40.00829,-3.59788],[-40.03457,-3.57553]]]}},{"type":"Feature","properties":{"nome_proje":"PA BOA VISTA/PITOMBEIRA"},"geometry":{"type":"Polygon","coordinates":[[[-40.00438,-3.54767],[-39.93899,-3.55213],[-39.94101,-3.56565],[-39.99892,-3.56003],[-40.00438,-3.54767]]]}},{"type":"Feature","properties":{"nome_proje":"PA ARAGÃO"},"geometry":{"type":"Polygon","coordinates":[[[-39.98065,-3.54853],[-40.00411,-3.54658],[-39.99561,-3.53936],[-40.02267,-3.53884],[-40.02365,-3.53432],[-40.0048,-3.52867],[-40.00548,-3.52262],[-39.98303,-3.52226],[-39.98324,-3.52684],[-39.9535,-3.52872],[-39.95634,-3.53238],[-39.96485,-3.53402],[-39.96621,-3.54148],[-39.98065,-3.54853]]]}},{"type":"Feature","properties":{"nome_proje":"PA ZABELÊ/FLORES"},"geometry":{"type":"Polygon","coordinates":[[[-39.25323,-3.44795],[-39.25754,-3.45638],[-39.25785,-3.46561],[-39.26125,-3.46541],[-39.26028,-3.44494],[-39.25571,-3.43816],[-39.25323,-3.44795]]]}},{"type":"Feature","properties":{"nome_proje":"PA NOVA LAGES"},"geometry":{"type":"Polygon","coordinates":[[[-39.33442,-3.39495],[-39.33219,-3.39823],[-39.30701,-3.3962],[-39.30638,-3.42262],[-39.3306,-3.42225],[-39.32963,-3.42425],[-39.34746,-3.4255],[-39.35072,-3.42879],[-39.32404,-3.42931],[-39.32461,-3.43197],[-39.30662,-3.436],[-39.30598,-3.43834],[-39.32478,-3.43414],[-39.32331,-3.44011],[-39.33079,-3.44308],[-39.36069,-3.44003],[-39.36547,-3.42252],[-39.35461,-3.42118],[-39.35374,-3.40959],[-39.33175,-3.40885],[-39.33113,-3.40484],[-39.35571,-3.40581],[-39.35861,-3.39517],[-39.33442,-3.39495]]]}},{"type":"Feature","properties":{"nome_proje":"PA RAJADA"},"geometry":{"type":"Polygon","coordinates":[[[-39.49827,-3.53832],[-39.48448,-3.5333],[-39.46251,-3.56959],[-39.4947,-3.56294],[-39.50355,-3.55554],[-39.50471,-3.55157],[-39.49827,-3.53832]]]}},{"type":"Feature","properties":{"nome_proje":"PA TABOCA/LAGINHAS"},"geometry":{"type":"MultiPolygon","coordinates":[[[[-39.72725,-3.42513],[-39.71179,-3.40083],[-39.69942,-3.40253],[-39.69352,-3.40433],[-39.68869,-3.41321],[-39.67632,-3.41704],[-39.67388,-3.42409],[-39.67925,-3.43743],[-39.688,-3.43559],[-39.69079,-3.44472],[-39.72725,-3.42513]]],[[[-39.7275,-3.42558],[-39.69102,-3.44522],[-39.69246,-3.4582],[-39.72206,-3.45364],[-39.72752,-3.4401],[-39.73318,-3.4348],[-39.7275,-3.42558]]]]}},{"type":"Feature","properties":{"nome_proje":"PA LAGOA DA CRUZ"},"geometry":{"type":"Polygon","coordinates":[[[-39.64053,-3.4025],[-39.63758,-3.39406],[-39.60886,-3.38841],[-39.60702,-3.40607],[-39.63903,-3.41022],[-39.64221,-3.40774],[-39.63849,-3.40305],[-39.64053,-3.4025]]]}},{"type":"Feature","properties":{"nome_proje":"PA CÓRREGO DOS CAJUEIROS"},"geometry":{"type":"Polygon","coordinates":[[[-39.59814,-3.37041],[-39.58288,-3.36032],[-39.56396,-3.35729],[-39.56252,-3.38663],[-39.54967,-3.39063],[-39.55153,-3.39559],[-39.57821,-3.38803],[-39.57764,-3.38282],[-39.60833,-3.37703],[-39.60699,-3.37465],[-39.58996,-3.37471],[-39.59486,-3.36872],[-39.59814,-3.37041]]]}},{"type":"Feature","properties":{"nome_proje":"PA FAZENDA MACACO"},"geometry":{"type":"Polygon","coordinates":[[[-39.63618,-3.3495],[-39.61712,-3.34511],[-39.58424,-3.35019],[-39.58304,-3.36022],[-39.59784,-3.3675],[-39.59857,-3.37048],[-39.61232,-3.36921],[-39.62885,-3.36318],[-39.62571,-3.35391],[-39.63479,-3.35373],[-39.63618,-3.3495]]]}},{"type":"Feature","properties":{"nome_proje":"PA LAGOA DE DENTRO"},"geometry":{"type":"Polygon","coordinates":[[[-39.69548,-3.23862],[-39.65823,-3.24137],[-39.66968,-3.26743],[-39.67459,-3.26658],[-39.67569,-3.27186],[-39.69793,-3.26368],[-39.69625,-3.24184],[-39.69548,-3.23862]]]}},{"type":"Feature","properties":{"nome_proje":"PA CÓRREGO DAS AROEIRAS"},"geometry":{"type":"Polygon","coordinates":[[[-39.8498,-3.22224],[-39.8121,-3.22703],[-39.8252,-3.27103],[-39.83278,-3.26989],[-39.83261,-3.27313],[-39.85023,-3.26891],[-39.8507,-3.25609],[-39.85556,-3.25552],[-39.8498,-3.22224]]]}},{"type":"Feature","properties":{"nome_proje":"PA VÁRZEA DO MUNDAU"},"geometry":{"type":"Polygon","coordinates":[[[-39.50993,-3.22913],[-39.43661,-3.23183],[-39.43595,-3.23967],[-39.47291,-3.26524],[-39.49677,-3.26124],[-39.5195,-3.26704],[-39.50531,-3.24339],[-39.50993,-3.22913]]]}},{"type":"Feature","properties":{"nome_proje":"PA CROATÁ/RAMADA"},"geometry":{"type":"Polygon","coordinates":[[[-39.66279,-3.20056],[-39.65525,-3.16043],[-39.63754,-3.16418],[-39.64248,-3.19511],[-39.62945,-3.18964],[-39.61636,-3.17831],[-39.60174,-3.18554],[-39.62142,-3.20374],[-39.63069,-3.20751],[-39.66279,-3.20056]]]}},{"type":"Feature","properties":{"nome_proje":"PA CROATÁ RAMADA II"},"geometry":{"type":"Polygon","coordinates":[[[-39.65525,-3.16043],[-39.65951,-3.1841],[-39.67214,-3.18478],[-39.6699,-3.15626],[-39.65525,-3.16043]]]}},{"type":"Feature","properties":{"nome_proje":"PA LAGOA DO SERROTE"},"geometry":{"type":"Polygon","coordinates":[[[-40.12757,-3.49056],[-40.07773,-3.49755],[-40.0853,-3.52335],[-40.11076,-3.51947],[-40.10797,-3.50743],[-40.12924,-3.50143],[-40.12757,-3.49056]]]}},{"type":"Feature","properties":{"nome_proje":"PA CACIMBAS"},"geometry":{"type":"Polygon","coordinates":[[[-39.98236,-3.47468],[-39.98464,-3.48138],[-39.97627,-3.48053],[-39.97631,-3.48948],[-39.98279,-3.48977],[-39.98445,-3.49692],[-39.99289,-3.50457],[-40.00148,-3.51051],[-40.01916,-3.50626],[-40.01165,-3.49303],[-40.00706,-3.47502],[-39.98236,-3.47468]]]}},{"type":"Feature","properties":{"nome_proje":"PA ALVAÇAN/GOIABEIRAS/ORIENTE"},"geometry":{"type":"Polygon","coordinates":[[[-40.17855,-3.42854],[-40.12985,-3.43217],[-40.15247,-3.46563],[-40.19196,-3.46445],[-40.19364,-3.46029],[-40.20052,-3.45763],[-40.19321,-3.44468],[-40.18344,-3.43917],[-40.17855,-3.42854]]]}},{"type":"Feature","properties":{"nome_proje":"PA SANTA RITA/29 DE MAIO"},"geometry":{"type":"Polygon","coordinates":[[[-40.06766,-3.45608],[-40.09918,-3.45423],[-40.1345,-3.45256],[-40.12029,-3.43296],[-40.10019,-3.43383],[-40.08161,-3.43514],[-40.06766,-3.45608]]]}},{"type":"Feature","properties":{"nome_proje":"PA INGÁ/VERTENTE"},"geometry":{"type":"Polygon","coordinates":[[[-40.14284,-3.41339],[-40.10787,-3.41569],[-40.11146,-3.43344],[-40.15061,-3.43154],[-40.14284,-3.41339]]]}},{"type":"Feature","properties":{"nome_proje":"PA MUFUMBO"},"geometry":{"type":"Polygon","coordinates":[[[-39.95669,-3.42399],[-39.99238,-3.43306],[-39.99492,-3.42783],[-40.00144,-3.42454],[-40.00627,-3.42927],[-40.01128,-3.426],[-40.00575,-3.42361],[-40.00603,-3.41929],[-39.99663,-3.40862],[-39.99429,-3.40135],[-39.96476,-3.40401],[-39.95669,-3.42399]]]}},{"type":"Feature","properties":{"nome_proje":"PA MARRECAS"},"geometry":{"type":"Polygon","coordinates":[[[-39.95254,-3.37506],[-39.94406,-3.37214],[-39.94274,-3.37959],[-39.87942,-3.38551],[-39.88016,-3.39368],[-39.88602,-3.40235],[-39.88338,-3.40958],[-39.88546,-3.41516],[-39.90739,-3.42159],[-39.91734,-3.43862],[-39.95298,-3.43352],[-39.96479,-3.40134],[-39.96102,-3.39604],[-39.96241,-3.39002],[-39.94513,-3.39213],[-39.95254,-3.37506]]]}},{"type":"Feature","properties":{"nome_proje":"PA ALTINHO/1º DE JANEIRO"},"geometry":{"type":"MultiPolygon","coordinates":[[[[-40.14917,-3.27065],[-40.12485,-3.27142],[-40.12604,-3.27653],[-40.1499,-3.27569],[-40.14917,-3.27065]]],[[[-40.12451,-3.27143],[-40.08571,-3.27269],[-40.08658,-3.27794],[-40.1257,-3.27655],[-40.12451,-3.27143]]],[[[-40.15086,-3.28128],[-40.12673,-3.27914],[-40.1278,-3.28365],[-40.15086,-3.28128]]],[[[-40.15854,-3.29699],[-40.15109,-3.28195],[-40.12793,-3.28424],[-40.13379,-3.30031],[-40.15854,-3.29699]]],[[[-40.12632,-3.27916],[-40.08485,-3.28312],[-40.0837,-3.30116],[-40.09461,-3.31731],[-40.0948,-3.32248],[-40.09976,-3.3253],[-40.10108,-3.31908],[-40.09498,-3.30925],[-40.09897,-3.30965],[-40.09774,-3.30562],[-40.13321,-3.3004],[-40.12751,-3.28428],[-40.09235,-3.28729],[-40.12737,-3.28369],[-40.12632,-3.27916]]]]}},{"type":"Feature","properties":{"nome_proje":"PA DIAMANTE"},"geometry":{"type":"Polygon","coordinates":[[[-40.2627,-3.16578],[-40.1929,-3.1978],[-40.18862,-3.18894],[-40.1735,-3.18845],[-40.17429,-3.20575],[-40.12535,-3.2068],[-40.12904,-3.20988],[-40.17559,-3.2098],[-40.17979,-3.22732],[-40.20079,-3.22306],[-40.2086,-3.21996],[-40.20783,-3.20274],[-40.21128,-3.20206],[-40.21161,-3.19831],[-40.20707,-3.19563],[-40.26748,-3.17755],[-40.2627,-3.16578]]]}},{"type":"Feature","properties":{"nome_proje":"PA CAPIM AÇU"},"geometry":{"type":"Polygon","coordinates":[[[-39.96264,-3.08838],[-39.95205,-3.11134],[-39.95454,-3.11408],[-39.92758,-3.11088],[-39.92771,-3.11911],[-39.94001,-3.11987],[-39.95416,-3.12595],[-39.96558,-3.12473],[-39.98463,-3.13164],[-39.97927,-3.09355],[-39.96264,-3.08838]]]}},{"type":"Feature","properties":{"nome_proje":"PA LAGOA DO GIRAU"},"geometry":{"type":"Polygon","coordinates":[[[-40.30489,-3.26795],[-40.28221,-3.27946],[-40.28106,-3.28652],[-40.28648,-3.30226],[-40.29999,-3.31395],[-40.30903,-3.333],[-40.32209,-3.33714],[-40.32691,-3.32701],[-40.32646,-3.31595],[-40.31212,-3.2748],[-40.30652,-3.27356],[-40.30489,-3.26795]]]}},{"type":"Feature","properties":{"nome_proje":"PA GUAJARÁ"},"geometry":{"type":"Polygon","coordinates":[[[-40.50614,-3.24998],[-40.51004,-3.23365],[-40.49286,-3.22424],[-40.48748,-3.23414],[-40.49581,-3.23865],[-40.49345,-3.24305],[-40.50614,-3.24998]]]}},{"type":"Feature","properties":{"nome_proje":"PA LAGOA JOÃO DE SÁ"},"geometry":{"type":"Polygon","coordinates":[[[-40.31244,-3.18236],[-40.29169,-3.18257],[-40.28757,-3.19319],[-40.28341,-3.19563],[-40.25498,-3.19522],[-40.25692,-3.20645],[-40.27858,-3.19943],[-40.29076,-3.20803],[-40.30367,-3.20092],[-40.30984,-3.19279],[-40.31244,-3.18236]]]}},{"type":"Feature","properties":{"nome_proje":"PA CÓRREGO VERDE"},"geometry":{"type":"Polygon","coordinates":[[[-40.47752,-3.17532],[-40.47448,-3.17461],[-40.46651,-3.19938],[-40.48145,-3.21002],[-40.50442,-3.1674],[-40.48945,-3.1593],[-40.48239,-3.16676],[-40.47767,-3.16034],[-40.47752,-3.17532]]]}},{"type":"Feature","properties":{"nome_proje":"PA BURI"},"geometry":{"type":"Polygon","coordinates":[[[-40.47463,-3.15726],[-40.47545,-3.15155],[-40.43764,-3.13087],[-40.43144,-3.14343],[-40.41466,-3.14572],[-40.40312,-3.15451],[-40.42887,-3.16866],[-40.43284,-3.15552],[-40.47288,-3.17674],[-40.47327,-3.17269],[-40.47993,-3.1709],[-40.47758,-3.15887],[-40.47463,-3.15726]]]}},{"type":"Feature","properties":{"nome_proje":"PA JAGUARAPI"},"geometry":{"type":"Polygon","coordinates":[[[-40.75861,-3.08737],[-40.68879,-3.10041],[-40.69136,-3.12155],[-40.71902,-3.11911],[-40.77054,-3.10866],[-40.76266,-3.09602],[-40.7634,-3.09156],[-40.7589,-3.0904],[-40.75861,-3.08737]]]}},{"type":"Feature","properties":{"nome_proje":"PA CAJUEIRINHO E PEDRA BRANCA"},"geometry":{"type":"Polygon","coordinates":[[[-40.47507,-3.07975],[-40.44152,-3.1019],[-40.45118,-3.12138],[-40.48241,-3.09829],[-40.47924,-3.07353],[-40.47507,-3.07975]]]}},{"type":"Feature","properties":{"nome_proje":"PA SANTA TEREZINHA BOA ESPERANCA"},"geometry":{"type":"Polygon","coordinates":[[[-40.71164,-3.05434],[-40.68437,-3.05989],[-40.68395,-3.07226],[-40.68556,-3.07416],[-40.71036,-3.06926],[-40.71164,-3.05434]]]}},{"type":"Feature","properties":{"nome_proje":"PA SÃO JOSÉ IV"},"geometry":{"type":"Polygon","coordinates":[[[-40.37151,-3.02545],[-40.37998,-3.02604],[-40.379,-3.03555],[-40.3959,-3.03508],[-40.39669,-3.01164],[-40.37139,-3.01155],[-40.37151,-3.02545]]]}},{"type":"Feature","properties":{"nome_proje":"PA TIPIRA/POÇOS DO MEIO"},"geometry":{"type":"Polygon","coordinates":[[[-40.31202,-3.02119],[-40.31053,-3.01216],[-40.27538,-3.00891],[-40.24313,-3.0063],[-40.2475,-3.00975],[-40.23815,-3.01085],[-40.23866,-3.01383],[-40.31202,-3.02119]]]}},{"type":"Feature","properties":{"nome_proje":"PA CACHOEIRINHA"},"geometry":{"type":"Polygon","coordinates":[[[-41.41843,-4.22519],[-41.40779,-4.22607],[-41.40969,-4.23339],[-41.40219,-4.23349],[-41.40052,-4.23959],[-41.39562,-4.24148],[-41.39306,-4.27298],[-41.40968,-4.2602],[-41.41843,-4.22519]]]}},{"type":"Feature","properties":{"nome_proje":"PA CANTO DA VÁRZEA"},"geometry":{"type":"MultiPolygon","coordinates":[[[[-41.31699,-4.3515],[-41.30723,-4.3561],[-41.30109,-4.36552],[-41.28765,-4.3641],[-41.28543,-4.36921],[-41.27657,-4.37084],[-41.27579,-4.40346],[-41.28029,-4.40369],[-41.2796,-4.40623],[-41.29472,-4.41607],[-41.31009,-4.41048],[-41.31035,-4.37636],[-41.31365,-4.37351],[-41.31201,-4.3603],[-41.31699,-4.3515]]],[[[-41.35175,-4.33671],[-41.33503,-4.34303],[-41.33532,-4.34647],[-41.3173,-4.35143],[-41.31248,-4.35954],[-41.31392,-4.37351],[-41.31062,-4.37643],[-41.31036,-4.41047],[-41.35093,-4.4106],[-41.35175,-4.33671]]]]}},{"type":"Feature","properties":{"nome_proje":"PA CAJUEIRO"},"geometry":{"type":"Polygon","coordinates":[[[-41.34167,-4.30052],[-41.32746,-4.30216],[-41.32563,-4.30752],[-41.33201,-4.31152],[-41.34466,-4.32899],[-41.35023,-4.3303],[-41.34167,-4.30052]]]}},{"type":"Feature","properties":{"nome_proje":"PA MASSAPÊ"},"geometry":{"type":"Polygon","coordinates":[[[-41.33209,-4.19309],[-41.35047,-4.17495],[-41.29393,-4.17414],[-41.29638,-4.22101],[-41.30772,-4.21588],[-41.31991,-4.21791],[-41.31316,-4.19878],[-41.3056,-4.19506],[-41.30798,-4.18734],[-41.32035,-4.18673],[-41.33209,-4.19309]]]}},{"type":"Feature","properties":{"nome_proje":"PA JACARANDÁ"},"geometry":{"type":"Polygon","coordinates":[[[-41.36922,-4.15623],[-41.33131,-4.19384],[-41.33731,-4.19606],[-41.33725,-4.20637],[-41.34729,-4.2035],[-41.35386,-4.20637],[-41.34971,-4.20971],[-41.36315,-4.22294],[-41.37101,-4.22043],[-41.37249,-4.22604],[-41.38026,-4.2229],[-41.38286,-4.22936],[-41.411,-4.21207],[-41.40659,-4.19447],[-41.41409,-4.18836],[-41.40611,-4.17304],[-41.36922,-4.15623]]]}},{"type":"Feature","properties":{"nome_proje":"PA BATALHA"},"geometry":{"type":"Polygon","coordinates":[[[-41.20932,-4.11119],[-41.16881,-4.10809],[-41.1335,-4.09507],[-41.1417,-4.1716],[-41.21786,-4.17288],[-41.20932,-4.11119]]]}},{"type":"Feature","properties":{"nome_proje":"PA VEADOS"},"geometry":{"type":"Polygon","coordinates":[[[-41.21786,-4.17288],[-41.35043,-4.17496],[-41.41503,-4.10943],[-41.34989,-4.08308],[-41.33086,-4.13397],[-41.3311,-4.15139],[-41.32442,-4.15231],[-41.32308,-4.14943],[-41.31721,-4.14999],[-41.30941,-4.14536],[-41.30207,-4.14846],[-41.30234,-4.15711],[-41.29781,-4.15695],[-41.29394,-4.16797],[-41.27977,-4.16998],[-41.26906,-4.16591],[-41.30881,-4.06594],[-41.19179,-4.01632],[-41.16881,-4.10809],[-41.20932,-4.11119],[-41.21786,-4.17288]]]}},{"type":"Feature","properties":{"nome_proje":"PA BOQUEIRÃO"},"geometry":{"type":"Polygon","coordinates":[[[-41.19179,-4.01632],[-41.33112,-4.0754],[-41.34946,-3.97107],[-41.29757,-3.96724],[-41.24264,-3.94581],[-41.23334,-3.97137],[-41.19179,-4.01632]]]}},{"type":"Feature","properties":{"nome_proje":"PA ALGODÕES"},"geometry":{"type":"Polygon","coordinates":[[[-41.0358,-3.99494],[-41.04846,-3.99195],[-41.07366,-3.99627],[-41.07727,-3.97617],[-41.04025,-3.96347],[-41.0358,-3.99494]]]}},{"type":"Feature","properties":{"nome_proje":"PA BURITI"},"geometry":{"type":"Polygon","coordinates":[[[-40.92086,-3.81634],[-40.92172,-3.83308],[-40.93875,-3.83695],[-40.94732,-3.83442],[-40.94763,-3.83145],[-40.93069,-3.8276],[-40.93162,-3.8207],[-40.92852,-3.81794],[-40.92086,-3.81634]]]}},{"type":"Feature","properties":{"nome_proje":"PA POÇO DA AREIA/TUCUNS"},"geometry":{"type":"Polygon","coordinates":[[[-41.03016,-3.77112],[-41.02286,-3.80524],[-41.0267,-3.80612],[-41.02563,-3.85268],[-41.05204,-3.8541],[-41.04727,-3.83425],[-41.05276,-3.78382],[-41.0385,-3.77115],[-41.03016,-3.77112]]]}},{"type":"Feature","properties":{"nome_proje":"PA VALPARAÍSO"},"geometry":{"type":"Polygon","coordinates":[[[-41.08274,-3.80643],[-41.12664,-3.83961],[-41.12398,-3.79745],[-41.10803,-3.80006],[-41.1088,-3.77359],[-41.08488,-3.77212],[-41.08274,-3.80643]]]}},{"type":"Feature","properties":{"nome_proje":"PA BOM JESUS/SÃO JOÃO"},"geometry":{"type":"Polygon","coordinates":[[[-41.06249,-3.72225],[-41.0373,-3.72972],[-41.04155,-3.73924],[-41.03927,-3.77121],[-41.06037,-3.7726],[-41.06334,-3.72428],[-41.06249,-3.72225]]]}},{"type":"Feature","properties":{"nome_proje":"PA SÃO JOSE"},"geometry":{"type":"Polygon","coordinates":[[[-41.18995,-3.71025],[-41.17738,-3.72035],[-41.1707,-3.72141],[-41.1613,-3.71718],[-41.15658,-3.70845],[-41.14932,-3.70728],[-41.14223,-3.72171],[-41.1685,-3.72527],[-41.18728,-3.73824],[-41.19728,-3.73837],[-41.20891,-3.73123],[-41.21126,-3.72664],[-41.20021,-3.70732],[-41.18995,-3.71025]]]}},{"type":"Feature","properties":{"nome_proje":"PA QUEIMADAS"},"geometry":{"type":"Polygon","coordinates":[[[-41.08408,-3.66411],[-41.09661,-3.66582],[-41.09647,-3.66794],[-41.13773,-3.67469],[-41.13339,-3.66684],[-41.08804,-3.65724],[-41.08408,-3.66411]]]}},{"type":"Feature","properties":{"nome_proje":"PA SANTO ANTÔNIO"},"geometry":{"type":"Polygon","coordinates":[[[-41.24859,-3.62368],[-41.21699,-3.61973],[-41.20944,-3.65568],[-41.20996,-3.68131],[-41.23797,-3.68119],[-41.23751,-3.65119],[-41.24221,-3.63793],[-41.24998,-3.634],[-41.24669,-3.62875],[-41.24859,-3.62368]]]}},{"type":"Feature","properties":{"nome_proje":"PA SÍTIO ARATANHA"},"geometry":{"type":"Polygon","coordinates":[[[-41.13268,-3.59361],[-41.13015,-3.60172],[-41.11842,-3.60966],[-41.12759,-3.61458],[-41.14074,-3.61386],[-41.15197,-3.61708],[-41.15201,-3.59542],[-41.13268,-3.59361]]]}},{"type":"Feature","properties":{"nome_proje":"PA PUXA"},"geometry":{"type":"Polygon","coordinates":[[[-40.90121,-3.52637],[-40.93344,-3.52987],[-40.93804,-3.4877],[-40.90637,-3.47828],[-40.90121,-3.52637]]]}},{"type":"Feature","properties":{"nome_proje":"PA PUXA II"},"geometry":{"type":"Polygon","coordinates":[[[-40.93694,-3.45816],[-40.93339,-3.44321],[-40.92509,-3.44277],[-40.91674,-3.45316],[-40.90618,-3.45695],[-40.90411,-3.47777],[-40.93816,-3.48741],[-40.93928,-3.47693],[-40.95739,-3.47245],[-40.95762,-3.46964],[-40.95287,-3.45957],[-40.93694,-3.45816]]]}},{"type":"Feature","properties":{"nome_proje":"PA PASSAGEM DAS PEDRAS"},"geometry":{"type":"MultiPolygon","coordinates":[[[[-41.07549,-3.43118],[-41.06298,-3.43951],[-41.06748,-3.44831],[-41.06118,-3.4605],[-41.06418,-3.46078],[-41.06466,-3.4613],[-41.06429,-3.46307],[-41.06612,-3.4633],[-41.06757,-3.46473],[-41.06887,-3.46853],[-41.07002,-3.46838],[-41.07073,-3.46857],[-41.07284,-3.47073],[-41.07472,-3.4704],[-41.07527,-3.47055],[-41.07856,-3.4739],[-41.0848,-3.46114],[-41.07549,-3.43118]]],[[[-41.05833,-3.46431],[-41.05394,-3.47361],[-41.06405,-3.48986],[-41.07839,-3.47405],[-41.0687,-3.46869],[-41.06412,-3.46322],[-41.06401,-3.46094],[-41.05833,-3.46431]]]]}},{"type":"Feature","properties":{"nome_proje":"PA SANTA CRUZ"},"geometry":{"type":"Polygon","coordinates":[[[-40.9996,-3.44405],[-40.93534,-3.45396],[-40.94926,-3.45396],[-40.95936,-3.47005],[-40.98328,-3.46402],[-40.97865,-3.45867],[-41.00902,-3.45292],[-40.9996,-3.44405]]]}},{"type":"Feature","properties":{"nome_proje":"PA RIACHÃO"},"geometry":{"type":"Polygon","coordinates":[[[-41.29545,-3.35014],[-41.29057,-3.36051],[-41.30018,-3.36594],[-41.30485,-3.38341],[-41.31259,-3.39578],[-41.31944,-3.39486],[-41.32605,-3.38084],[-41.32111,-3.38082],[-41.31833,-3.37681],[-41.32917,-3.37331],[-41.32756,-3.37014],[-41.31713,-3.35618],[-41.29545,-3.35014]]]}},{"type":"Feature","properties":{"nome_proje":"PA IBUASSU VELHO"},"geometry":{"type":"Polygon","coordinates":[[[-41.14994,-3.31677],[-41.13002,-3.33208],[-41.11952,-3.32944],[-41.1078,-3.33998],[-41.10854,-3.35537],[-41.10116,-3.35713],[-41.10453,-3.36975],[-41.11565,-3.36091],[-41.15774,-3.35809],[-41.15968,-3.33518],[-41.15713,-3.32127],[-41.14994,-3.31677]]]}},{"type":"Feature","properties":{"nome_proje":"PA ATRÁS  DOS MORROS"},"geometry":{"type":"Polygon","coordinates":[[[-40.96322,-3.25436],[-40.96251,-3.2483],[-40.94298,-3.24853],[-40.91717,-3.269],[-40.92434,-3.27313],[-40.93221,-3.26954],[-40.93283,-3.26539],[-40.9413,-3.27714],[-40.95899,-3.2552],[-40.96322,-3.25436]]]}},{"type":"Feature","properties":{"nome_proje":"PA NOVO JABUTI"},"geometry":{"type":"Polygon","coordinates":[[[-40.91415,-3.05034],[-40.89994,-3.04881],[-40.89832,-3.05625],[-40.90772,-3.05987],[-40.91236,-3.06902],[-40.89796,-3.0653],[-40.89747,-3.08494],[-40.90998,-3.09456],[-40.91886,-3.10917],[-40.93196,-3.10543],[-40.94041,-3.09871],[-40.94488,-3.10568],[-40.94432,-3.11298],[-40.9485,-3.11459],[-40.94801,-3.12006],[-40.95721,-3.12078],[-40.95676,-3.12791],[-40.97231,-3.12712],[-40.97928,-3.09766],[-40.93994,-3.08242],[-40.9276,-3.08175],[-40.92766,-3.07277],[-40.92438,-3.07238],[-40.92548,-3.05936],[-40.91415,-3.05034]]]}},{"type":"Feature","properties":{"nome_proje":"PA CARNAÚBA FURADA"},"geometry":{"type":"Polygon","coordinates":[[[-41.08014,-3.07246],[-41.03107,-3.05972],[-41.02981,-3.07631],[-41.02499,-3.08234],[-41.02771,-3.09467],[-41.02552,-3.10459],[-41.03684,-3.10896],[-41.06274,-3.07855],[-41.06131,-3.07542],[-41.0698,-3.07632],[-41.07504,-3.08121],[-41.08014,-3.07246]]]}},{"type":"Feature","properties":{"nome_proje":"PA LAGOA DO MATO"},"geometry":{"type":"Polygon","coordinates":[[[-41.0788,-3.07566],[-41.13723,-3.08637],[-41.16197,-3.05121],[-41.13536,-3.0461],[-41.13148,-3.06686],[-41.0852,-3.0568],[-41.08596,-3.06248],[-41.08357,-3.06181],[-41.0788,-3.07566]]]}},{"type":"Feature","properties":{"nome_proje":"PA JAGUARAPUABA"},"geometry":{"type":"Polygon","coordinates":[[[-40.84956,-3.03325],[-40.9011,-3.04142],[-40.90261,-3.03109],[-40.85202,-3.02001],[-40.84956,-3.03325]]]}},{"type":"Feature","properties":{"nome_proje":"PA CEDRO"},"geometry":{"type":"Polygon","coordinates":[[[-41.07627,-3.00543],[-41.06335,-3.01975],[-41.0588,-3.04374],[-41.08514,-3.04883],[-41.08972,-3.02506],[-41.0812,-3.0187],[-41.08176,-3.01347],[-41.07651,-3.0107],[-41.07627,-3.00543]]]}},{"type":"Feature","properties":{"nome_proje":"PA ILHA DOS FERNANDES/SÍTIO BELÉM"},"geometry":{"type":"Polygon","coordinates":[[[-41.07841,-3.00435],[-41.11449,-3.01103],[-41.11505,-2.99406],[-41.10799,-2.99391],[-41.10742,-2.98789],[-41.07974,-2.98823],[-41.07841,-3.00435]]]}},{"type":"Feature","properties":{"nome_proje":"PA JATOBÁ"},"geometry":{"type":"Polygon","coordinates":[[[-40.96823,-2.97033],[-40.92401,-2.9688],[-40.92224,-2.97397],[-40.91578,-2.97339],[-40.91431,-2.98072],[-40.90718,-2.97941],[-40.90481,-2.98744],[-40.91246,-2.989],[-40.91645,-3.00699],[-40.92285,-3.013],[-40.96409,-2.98255],[-40.96807,-2.97369],[-40.96823,-2.97033]]]}},{"type":"Feature","properties":{"nome_proje":"PA LAGOA DO PRADO"},"geometry":{"type":"Polygon","coordinates":[[[-41.81371,-3.08234],[-41.84324,-3.0784],[-41.84251,-3.07416],[-41.84043,-3.07046],[-41.82558,-3.07233],[-41.81796,-3.07093],[-41.81717,-3.06807],[-41.7739,-3.07488],[-41.77277,-3.08397],[-41.77999,-3.08474],[-41.78004,-3.07981],[-41.8042,-3.08204],[-41.80474,-3.10097],[-41.81118,-3.09651],[-41.81371,-3.08234]]]}},{"type":"Feature","properties":{"nome_proje":"PA CANAÃ DO NORTE"},"geometry":{"type":"MultiPolygon","coordinates":[[[[-41.81935,-3.05075],[-41.82853,-3.06321],[-41.82922,-3.06216],[-41.83084,-3.06204],[-41.83142,-3.06052],[-41.83352,-3.06072],[-41.84437,-3.05217],[-41.83629,-3.05504],[-41.84178,-3.04927],[-41.83394,-3.04103],[-41.81935,-3.05075]]],[[[-41.79792,-3.0594],[-41.80196,-3.0702],[-41.82721,-3.06592],[-41.82645,-3.06308],[-41.81478,-3.05989],[-41.81228,-3.051],[-41.79792,-3.0594]]],[[[-41.84446,-3.05229],[-41.83359,-3.06083],[-41.8316,-3.06059],[-41.83091,-3.06216],[-41.82923,-3.06233],[-41.82858,-3.06568],[-41.81723,-3.06817],[-41.81799,-3.07099],[-41.84081,-3.07047],[-41.85823,-3.06064],[-41.84638,-3.05435],[-41.84446,-3.05229]]],[[[-41.84412,-3.05171],[-41.84647,-3.05424],[-41.85832,-3.06058],[-41.86075,-3.05886],[-41.85626,-3.05343],[-41.85261,-3.05552],[-41.84412,-3.05171]]],[[[-41.83405,-3.04096],[-41.83772,-3.0447],[-41.84184,-3.04922],[-41.83735,-3.03868],[-41.83405,-3.04096]]]]}},{"type":"Feature","properties":{"nome_proje":"PA MONTE ALEGRE"},"geometry":{"type":"MultiPolygon","coordinates":[[[[-41.79802,-3.05357],[-41.79708,-3.05731],[-41.79773,-3.05709],[-41.79802,-3.05357]]],[[[-41.81524,-3.03282],[-41.81897,-3.04133],[-41.79833,-3.0534],[-41.79895,-3.055],[-41.79829,-3.05703],[-41.79721,-3.05765],[-41.81313,-3.05403],[-41.81478,-3.05989],[-41.82837,-3.06564],[-41.81935,-3.05075],[-41.83394,-3.04103],[-41.82663,-3.03347],[-41.82632,-3.03217],[-41.82513,-3.0317],[-41.82357,-3.0281],[-41.82339,-3.02674],[-41.81524,-3.03282]]],[[[-41.82349,-3.02669],[-41.82524,-3.03162],[-41.82641,-3.03206],[-41.83405,-3.04096],[-41.83735,-3.03868],[-41.82981,-3.03521],[-41.82349,-3.02669]]]]}},{"type":"Feature","properties":{"nome_proje":"PA CAJUEIRO"},"geometry":{"type":"Polygon","coordinates":[[[-41.80541,-3.00873],[-41.79674,-3.01189],[-41.79724,-3.01561],[-41.78366,-3.01839],[-41.79332,-3.01952],[-41.7933,-3.02247],[-41.78419,-3.02342],[-41.78743,-3.02377],[-41.7868,-3.03031],[-41.79656,-3.02964],[-41.79998,-3.03587],[-41.80271,-3.03565],[-41.81372,-3.03275],[-41.82309,-3.02577],[-41.82122,-3.02221],[-41.80694,-3.0259],[-41.80692,-3.02888],[-41.79904,-3.02795],[-41.80171,-3.01994],[-41.80694,-3.01867],[-41.80541,-3.00873]]]}},{"type":"Feature","properties":{"nome_proje":"PA LAGOA DOS VEADOS"},"geometry":{"type":"Polygon","coordinates":[[[-39.81429,-3.15654],[-39.81657,-3.18025],[-39.84689,-3.17727],[-39.84301,-3.15373],[-39.81429,-3.15654]]]}},{"type":"Feature","properties":{"nome_proje":"PA MACEIO"},"geometry":{"type":"MultiPolygon","coordinates":[[[[-39.52262,-3.10247],[-39.52734,-3.12535],[-39.53994,-3.16884],[-39.53447,-3.14543],[-39.5376,-3.14424],[-39.54412,-3.1663],[-39.54682,-3.16621],[-39.54881,-3.13864],[-39.54133,-3.11381],[-39.53531,-3.11461],[-39.53132,-3.0938],[-39.52262,-3.10247]]],[[[-39.50796,-3.11496],[-39.51766,-3.1422],[-39.52695,-3.17472],[-39.53766,-3.17003],[-39.51817,-3.10477],[-39.51434,-3.10701],[-39.51534,-3.11347],[-39.50796,-3.11496]]],[[[-39.51257,-3.19679],[-39.51852,-3.20256],[-39.52543,-3.20122],[-39.52062,-3.17736],[-39.52482,-3.17555],[-39.50695,-3.11512],[-39.49595,-3.12324],[-39.48295,-3.12683],[-39.47286,-3.13836],[-39.488,-3.2006],[-39.51257,-3.19679]]]]}},{"type":"Feature","properties":{"nome_proje":"PA LAGOA DO JARDIM"},"geometry":{"type":"Polygon","coordinates":[[[-39.81288,-3.13215],[-39.81041,-3.1045],[-39.76199,-3.1083],[-39.76224,-3.12039],[-39.77687,-3.12596],[-39.78407,-3.13468],[-39.81288,-3.13215]]]}},{"type":"Feature","properties":{"nome_proje":"PA LAGOA DO CACHIMBO"},"geometry":{"type":"Polygon","coordinates":[[[-39.8382,-3.13013],[-39.83708,-3.11635],[-39.82743,-3.11657],[-39.82532,-3.09155],[-39.78953,-3.0945],[-39.78975,-3.10042],[-39.8099,-3.09881],[-39.81329,-3.13211],[-39.8382,-3.13013]]]}},{"type":"Feature","properties":{"nome_proje":"PA VEDÓIA"},"geometry":{"type":"Polygon","coordinates":[[[-39.72717,-3.1085],[-39.71105,-3.10026],[-39.7121,-3.09775],[-39.68962,-3.09905],[-39.69055,-3.10182],[-39.68795,-3.10215],[-39.69486,-3.10491],[-39.70384,-3.11455],[-39.72252,-3.11302],[-39.72717,-3.1085]]]}},{"type":"Feature","properties":{"nome_proje":"PA SABIAGUABA"},"geometry":{"type":"Polygon","coordinates":[[[-39.55063,-3.08051],[-39.56301,-3.12017],[-39.57558,-3.11756],[-39.56993,-3.09715],[-39.57269,-3.09612],[-39.56895,-3.07777],[-39.55063,-3.08051]]]}},{"type":"Feature","properties":{"nome_proje":"PA CANAÃ/MELANCIAS"},"geometry":{"type":"Polygon","coordinates":[[[-39.75922,-3.07648],[-39.76142,-3.10126],[-39.78978,-3.09905],[-39.78707,-3.07469],[-39.75922,-3.07648]]]}},{"type":"Feature","properties":{"nome_proje":"PA MACACO II"},"geometry":{"type":"Polygon","coordinates":[[[-39.83233,-3.0536],[-39.8328,-3.05946],[-39.83546,-3.08887],[-39.84464,-3.08088],[-39.84674,-3.06396],[-39.84961,-3.05762],[-39.85574,-3.0572],[-39.85614,-3.05346],[-39.83233,-3.0536]]]}},{"type":"Feature","properties":{"nome_proje":"PA LAGOA DO MINEIRO"},"geometry":{"type":"MultiPolygon","coordinates":[[[[-39.82376,-3.01937],[-39.76648,-3.02015],[-39.76062,-3.01467],[-39.73638,-3.01744],[-39.74269,-3.0321],[-39.75581,-3.03376],[-39.76482,-3.06015],[-39.78452,-3.05902],[-39.7897,-3.09437],[-39.8081,-3.09282],[-39.81942,-3.02712],[-39.82376,-3.01937]]],[[[-39.83523,-3.09241],[-39.82875,-3.01843],[-39.82439,-3.01933],[-39.81995,-3.02724],[-39.80865,-3.09276],[-39.83523,-3.09241]]]]}},{"type":"Feature","properties":{"nome_proje":"PA SALGADO COMPRIDO"},"geometry":{"type":"Polygon","coordinates":[[[-39.73139,-3.04275],[-39.72436,-3.05833],[-39.70768,-3.05975],[-39.70907,-3.06655],[-39.7178,-3.07058],[-39.75822,-3.067],[-39.75771,-3.06146],[-39.76478,-3.06103],[-39.75562,-3.03461],[-39.7446,-3.03201],[-39.73139,-3.04275]]]}},{"type":"Feature","properties":{"nome_proje":"PA LAGOA DOS NEGROS/VOLTA"},"geometry":{"type":"Polygon","coordinates":[[[-39.9418,-3.03902],[-39.93014,-3.0788],[-39.97712,-3.09276],[-39.98544,-3.06032],[-39.99492,-3.06032],[-39.99301,-3.05045],[-39.99807,-3.03151],[-39.98089,-3.03674],[-39.9418,-3.03902]]]}},{"type":"Feature","properties":{"nome_proje":"PA CÓRREGO NOVO"},"geometry":{"type":"Polygon","coordinates":[[[-39.94188,-3.03887],[-39.98094,-3.03658],[-39.98707,-3.03318],[-39.99301,-2.99872],[-39.97361,-2.99785],[-39.9777,-3.00628],[-39.97518,-3.0136],[-39.94784,-3.01505],[-39.94188,-3.03887]]]}},{"type":"Feature","properties":{"nome_proje":"PA PATOS"},"geometry":{"type":"Polygon","coordinates":[[[-39.69163,-3.03],[-39.69053,-3.0411],[-39.70392,-3.04055],[-39.7074,-3.04393],[-39.70859,-3.04868],[-39.70453,-3.05051],[-39.70787,-3.05873],[-39.7253,-3.05637],[-39.72602,-3.04985],[-39.73257,-3.04139],[-39.71595,-3.00392],[-39.70826,-3.00466],[-39.70835,-3.0149],[-39.6979,-3.0283],[-39.6882,-3.02461],[-39.69163,-3.03]]]}},{"type":"Feature","properties":{"nome_proje":"PA PACHICU"},"geometry":{"type":"Polygon","coordinates":[[[-39.72711,-2.9986],[-39.71595,-3.00392],[-39.73257,-3.04139],[-39.74269,-3.0321],[-39.73638,-3.01744],[-39.74051,-3.01751],[-39.72711,-2.9986]]]}},{"type":"Feature","properties":{"nome_proje":"PA SANTA LUZIA"},"geometry":{"type":"Polygon","coordinates":[[[-40.87185,-2.98593],[-40.87142,-2.98886],[-40.90569,-2.99628],[-40.90603,-2.9922],[-40.87185,-2.98593]]]}},{"type":"Feature","properties":{"nome_proje":"PA SANTA ISABEL"},"geometry":{"type":"Polygon","coordinates":[[[-41.13386,-2.89984],[-41.12495,-2.96213],[-41.13711,-2.96806],[-41.14274,-2.91956],[-41.148,-2.90631],[-41.13386,-2.89984]]]}},{"type":"Feature","properties":{"nome_proje":"PA TORTA"},"geometry":{"type":"Polygon","coordinates":[[[-40.70638,-2.9112],[-40.69638,-2.9162],[-40.6925,-2.92786],[-40.70083,-2.94647],[-40.73861,-2.93453],[-40.73861,-2.92397],[-40.74305,-2.9187],[-40.74083,-2.91286],[-40.74638,-2.90286],[-40.74722,-2.8937],[-40.72527,-2.87536],[-40.70638,-2.9112]]]}},{"type":"Feature","properties":{"nome_proje":"PA GURIU"},"geometry":{"type":"MultiPolygon","coordinates":[[[[-40.59868,-2.84795],[-40.56981,-2.8424],[-40.55608,-2.83503],[-40.55549,-2.8379],[-40.5326,-2.83378],[-40.52181,-2.8421],[-40.51509,-2.87912],[-40.55318,-2.87544],[-40.55286,-2.88029],[-40.52658,-2.88822],[-40.52986,-2.89932],[-40.52521,-2.90039],[-40.5262,-2.90468],[-40.53855,-2.90738],[-40.54029,-2.88596],[-40.55369,-2.88503],[-40.55213,-2.90358],[-40.56189,-2.90919],[-40.56237,-2.90617],[-40.57922,-2.89914],[-40.58544,-2.9021],[-40.58996,-2.8552],[-40.59515,-2.85581],[-40.59868,-2.84795]]],[[[-40.5073,-2.85348],[-40.50172,-2.88357],[-40.50673,-2.88456],[-40.51107,-2.85434],[-40.5073,-2.85348]]]]}}]}