{"type":"FeatureCollection","name":"estados","crs":{"type":"name","properties":{"name":"urn:ogc:def:crs:OGC:1.3:CRS84"}},"features":[{"type":"Feature","properties":{"abbrev_state":"MG","name_state":"Minas Gerais"},"geometry":{"type":"MultiPolygon","coordinates":[[[[-44.71806,-14.44732],[-44.71288,-14.44396],[-44.71057,-14.44813],[-44.70526,-14.44658],[-44.70129,-14.44979],[-44.69821,-14.43205],[-44.69312,-14.43263],[-44.69424,-14.42349],[-44.68785,-14.42154],[-44.68835,-14.41668],[-44.67421,-14.4245],[-44.66957,-14.4162],[-44.66799,-14.42385],[-44.66485,-14.41814],[-44.65804,-14.41636],[-44.66265,-14.40742],[-44.65888,-14.39576],[-44.65243,-14.39346],[-44.65154,-14.39727],[-44.64582,-14.39809],[-44.6411,-14.39617],[-44.64379,-14.39193],[-44.63809,-14.39019],[-44.6336,-14.39447],[-44.63282,-14.38758],[-44.6256,-14.37611],[-44.6166,-14.37514],[-44.61074,-14.36544],[-44.60373,-14.3686],[-44.60096,-14.36531],[-44.59837,-14.3685],[-44.58971,-14.36137],[-44.58707,-14.35441],[-44.58005,-14.35134],[-44.57748,-14.35385],[-44.57229,-14.34557],[-44.56457,-14.3486],[-44.56557,-14.34006],[-44.55987,-14.3405],[-44.5572,-14.33704],[-44.54512,-14.34306],[-44.54054,-14.33177],[-44.52915,-14.32813],[-44.5189,-14.33021],[-44.51084,-14.32269],[-44.50887,-14.32565],[-44.50344,-14.32233],[-44.49844,-14.32768],[-44.48718,-14.32852],[-44.48314,-14.32212],[-44.47317,-14.31727],[-44.47499,-14.31435],[-44.46957,-14.31654],[-44.46549,-14.31073],[-44.46115,-14.31349],[-44.45363,-14.31198],[-44.4476,-14.30594],[-44.4399,-14.30366],[-44.4286,-14.28664],[-44.39945,-14.27828],[-44.39716,-14.27348],[-44.39457,-14.27723],[-44.38998,-14.27613],[-44.38848,-14.28049],[-44.37847,-14.27715],[-44.37748,-14.26997],[-44.37366,-14.27465],[-44.36983,-14.27163],[-44.36159,-14.27281],[-44.35289,-14.26618],[-44.35304,-14.26092],[-44.34604,-14.26326],[-44.35184,-14.25772],[-44.34021,-14.25668],[-44.3406,-14.2494],[-44.32076,-14.24476],[-44.31648,-14.24035],[-44.30234,-14.25324],[-44.29082,-14.2527],[-44.28437,-14.24765],[-44.27996,-14.25007],[-44.28129,-14.25249],[-44.27659,-14.25244],[-44.26862,-14.2466],[-44.25443,-14.25206],[-44.24751,-14.26012],[-44.24443,-14.2571],[-44.24962,-14.25349],[-44.24749,-14.25163],[-44.23871,-14.25801],[-44.23965,-14.24849],[-44.23507,-14.24695],[-44.24062,-14.24069],[-44.21806,-14.24498],[-44.21533,-14.23318],[-44.2099,-14.23564],[-44.20912,-14.24667],[-44.20124,-14.25114],[-44.20129,-14.25448],[-44.18293,-14.25823],[-44.17038,-14.2687],[-44.1644,-14.26839],[-44.16033,-14.25776],[-44.13726,-14.26415],[-44.13598,-14.2749],[-44.14362,-14.27849],[-44.13562,-14.28219],[-44.12434,-14.27497],[-44.11259,-14.25873],[-44.10729,-14.25912],[-44.10603,-14.26729],[-44.09939,-14.27346],[-44.09365,-14.2736],[-44.08692,-14.26843],[-44.08829,-14.27808],[-44.0824,-14.27544],[-44.08245,-14.269],[-44.07445,-14.27064],[-44.07796,-14.27816],[-44.0732,-14.28026],[-44.0734,-14.28567],[-44.06843,-14.27973],[-44.06134,-14.28237],[-44.05743,-14.27761],[-44.05715,-14.28426],[-44.05133,-14.28612],[-44.04657,-14.28339],[-44.04154,-14.28622],[-44.03843,-14.2823],[-44.03462,-14.28903],[-44.02576,-14.2766],[-44.01541,-14.27651],[-44.01548,-14.27155],[-44.00929,-14.27233],[-44.00615,-14.26736],[-44.00031,-14.2658],[-43.99117,-14.26899],[-43.98734,-14.2673],[-43.98637,-14.26969],[-43.9906,-14.27259],[-43.9826,-14.27577],[-43.98084,-14.28215],[-43.97092,-14.27812],[-43.96959,-14.27402],[-43.96192,-14.29101],[-43.95534,-14.29219],[-43.95614,-14.29972],[-43.95361,-14.29946],[-43.95095,-14.29],[-43.94629,-14.28995],[-43.94214,-14.3051],[-43.93507,-14.29568],[-43.92642,-14.30567],[-43.92368,-14.30336],[-43.92473,-14.29642],[-43.9164,-14.29593],[-43.91576,-14.30243],[-43.91159,-14.30504],[-43.90912,-14.30255],[-43.91098,-14.29766],[-43.90526,-14.3003],[-43.90442,-14.29361],[-43.90171,-14.29871],[-43.89248,-14.30102],[-43.89195,-14.29329],[-43.89034,-14.3066],[-43.88139,-14.30742],[-43.8804,-14.31214],[-43.87284,-14.31358],[-43.86995,-14.31005],[-43.86153,-14.31287],[-43.8527,-14.30794],[-43.85145,-14.31357],[-43.85545,-14.31804],[-43.85142,-14.31907],[-43.84672,-14.3131],[-43.84723,-14.32174],[-43.83614,-14.31115],[-43.82634,-14.31618],[-43.82026,-14.31164],[-43.81798,-14.31471],[-43.82231,-14.32303],[-43.81532,-14.32065],[-43.81481,-14.32596],[-43.80865,-14.32548],[-43.80685,-14.33252],[-43.80009,-14.33783],[-43.79033,-14.33615],[-43.78319,-14.33923],[-43.79857,-14.35969],[-43.80235,-14.36983],[-43.81939,-14.38931],[-43.83196,-14.44301],[-43.87483,-14.52455],[-43.8813,-14.56237],[-43.87717,-14.56334],[-43.88723,-14.58518],[-43.88265,-14.58671],[-43.8859,-14.59366],[-43.88401,-14.59954],[-43.88139,-14.59011],[-43.87501,-14.5932],[-43.87689,-14.60921],[-43.87006,-14.61283],[-43.87444,-14.61444],[-43.87104,-14.62211],[-43.87468,-14.62216],[-43.88175,-14.62944],[-43.87463,-14.63677],[-43.88579,-14.63543],[-43.87715,-14.64033],[-43.8837,-14.64296],[-43.87929,-14.64608],[-43.88306,-14.65397],[-43.87912,-14.65803],[-43.87589,-14.65227],[-43.87326,-14.65359],[-43.8719,-14.66358],[-43.86331,-14.66231],[-43.86293,-14.66978],[-43.8592,-14.6743],[-43.84687,-14.67211],[-43.80051,-14.68731],[-43.78566,-14.68572],[-43.77617,-14.6922],[-43.76404,-14.69212],[-43.75551,-14.70084],[-43.72626,-14.69816],[-43.72101,-14.70227],[-43.71814,-14.71142],[-43.71223,-14.71499],[-43.71961,-14.7209],[-43.72179,-14.72687],[-43.71986,-14.72954],[-43.70973,-14.73039],[-43.70342,-14.72532],[-43.6922,-14.72477],[-43.68717,-14.72141],[-43.68974,-14.72822],[-43.6877,-14.72625],[-43.68108,-14.73219],[-43.67381,-14.72954],[-43.67595,-14.72669],[-43.67323,-14.72636],[-43.67417,-14.73246],[-43.671,-14.73687],[-43.66637,-14.73712],[-43.65903,-14.74487],[-43.63,-14.75036],[-43.615,-14.75989],[-43.60606,-14.75946],[-43.59078,-14.75087],[-43.58062,-14.75081],[-43.57378,-14.76516],[-43.53717,-14.78351],[-43.53395,-14.78872],[-43.53694,-14.79059],[-43.5392,-14.80574],[-43.52976,-14.81594],[-43.52525,-14.81399],[-43.52123,-14.80591],[-43.51537,-14.8046],[-43.50975,-14.8076],[-43.51116,-14.79657],[-43.49847,-14.79738],[-43.49426,-14.79078],[-43.49014,-14.79264],[-43.48353,-14.7894],[-43.47838,-14.79205],[-43.4697,-14.78735],[-43.46873,-14.77948],[-43.47981,-14.77252],[-43.48125,-14.7679],[-43.47529,-14.76221],[-43.46284,-14.76589],[-43.45626,-14.75775],[-43.46127,-14.74623],[-43.45623,-14.74016],[-43.44583,-14.73669],[-43.44047,-14.72832],[-43.43464,-14.72643],[-43.43489,-14.72304],[-43.42817,-14.72637],[-43.42867,-14.72221],[-43.42531,-14.71998],[-43.41469,-14.72423],[-43.39903,-14.71022],[-43.38264,-14.70604],[-43.37898,-14.70138],[-43.3465,-14.69607],[-43.34464,-14.69236],[-43.33428,-14.68766],[-43.33051,-14.68013],[-43.31967,-14.67796],[-43.31123,-14.66975],[-43.29814,-14.67608],[-43.28832,-14.67611],[-43.2837,-14.67391],[-43.28055,-14.66586],[-43.27161,-14.66605],[-43.26608,-14.66148],[-43.26139,-14.66335],[-43.24505,-14.65651],[-43.24034,-14.65869],[-43.23486,-14.65679],[-43.22894,-14.66051],[-43.20766,-14.65835],[-43.19869,-14.64962],[-43.19068,-14.65157],[-43.17918,-14.66098],[-43.17635,-14.65054],[-43.1515,-14.66633],[-43.14033,-14.66516],[-43.133,-14.66803],[-43.1275,-14.66568],[-43.1163,-14.67885],[-43.11114,-14.67901],[-43.10803,-14.67317],[-43.10398,-14.67394],[-43.09152,-14.68332],[-43.08394,-14.69827],[-43.07933,-14.69038],[-43.07227,-14.68884],[-43.06639,-14.68056],[-43.05567,-14.69094],[-43.04857,-14.69024],[-43.03831,-14.68281],[-43.02689,-14.68602],[-43.02681,-14.69355],[-43.01095,-14.70166],[-43.0028,-14.69629],[-42.98536,-14.70223],[-42.97733,-14.69839],[-42.95269,-14.7084],[-42.93888,-14.70803],[-42.93741,-14.72045],[-42.92497,-14.73387],[-42.92705,-14.74414],[-42.9202,-14.74424],[-42.91697,-14.74748],[-42.9122,-14.74447],[-42.90383,-14.76196],[-42.90069,-14.75565],[-42.89041,-14.76683],[-42.8808,-14.76929],[-42.87329,-14.76457],[-42.86844,-14.76703],[-42.86719,-14.7717],[-42.87182,-14.77163],[-42.87239,-14.77536],[-42.86066,-14.78059],[-42.85586,-14.7901],[-42.84981,-14.79505],[-42.84239,-14.79607],[-42.83536,-14.80776],[-42.82509,-14.81257],[-42.82025,-14.82063],[-42.80691,-14.83043],[-42.79099,-14.83938],[-42.75514,-14.84642],[-42.74722,-14.86775],[-42.73594,-14.87742],[-42.72574,-14.87928],[-42.72336,-14.88561],[-42.71364,-14.88426],[-42.71369,-14.8793],[-42.70416,-14.88283],[-42.69541,-14.90042],[-42.68372,-14.90552],[-42.67985,-14.90333],[-42.6638,-14.91631],[-42.66271,-14.91055],[-42.65969,-14.91044],[-42.65454,-14.91989],[-42.68034,-14.94016],[-42.69017,-14.93892],[-42.69705,-14.94894],[-42.71081,-14.95287],[-42.73551,-14.96914],[-42.74233,-14.9834],[-42.74642,-15.00438],[-42.75833,-15.01938],[-42.75628,-15.04001],[-42.75881,-15.0606],[-42.78231,-15.09533],[-42.7878,-15.11483],[-42.80085,-15.13393],[-42.80376,-15.15269],[-42.8161,-15.18449],[-42.82226,-15.19282],[-42.83154,-15.19672],[-42.83576,-15.2106],[-42.84847,-15.21756],[-42.8573,-15.22815],[-42.86293,-15.24427],[-42.85486,-15.27069],[-42.82375,-15.28974],[-42.80943,-15.3056],[-42.79627,-15.30975],[-42.78692,-15.3182],[-42.77741,-15.34704],[-42.78389,-15.36314],[-42.78425,-15.39862],[-42.80411,-15.44382],[-42.8035,-15.48157],[-42.81306,-15.49508],[-42.82986,-15.54547],[-42.82988,-15.61581],[-42.85215,-15.63561],[-42.85423,-15.64163],[-42.8499,-15.69606],[-42.85744,-15.72397],[-42.85605,-15.738],[-42.84846,-15.76751],[-42.83825,-15.78479],[-42.82883,-15.83161],[-42.836,-15.84346],[-42.83092,-15.8595],[-42.83442,-15.87384],[-42.84208,-15.87873],[-42.84081,-15.89137],[-42.85477,-15.90516],[-42.85876,-15.92115],[-42.88549,-15.93244],[-42.8936,-15.93926],[-42.90188,-15.9595],[-42.91775,-15.96576],[-42.92825,-15.95602],[-42.93215,-15.94727],[-42.93311,-15.93201],[-42.94528,-15.91927],[-42.9434,-15.91082],[-42.95027,-15.90475],[-42.95876,-15.9075],[-42.96835,-15.91852],[-42.97632,-15.91827],[-42.98945,-15.92721],[-42.99109,-15.94922],[-42.98072,-15.96425],[-42.99702,-15.98726],[-43.00161,-15.98774],[-43.00953,-15.98138],[-43.02171,-15.99025],[-43.03023,-15.98989],[-43.03693,-15.97906],[-43.03872,-15.96663],[-43.05023,-15.96741],[-43.05181,-15.97675],[-43.04715,-15.98821],[-43.0505,-15.99882],[-43.04916,-16.01224],[-43.05544,-16.02411],[-43.05325,-16.02897],[-43.04286,-16.0341],[-43.04395,-16.05126],[-43.05118,-16.05589],[-43.0698,-16.10118],[-43.08377,-16.11222],[-43.0842,-16.12177],[-43.09082,-16.13731],[-43.08615,-16.1462],[-43.07665,-16.14976],[-43.07506,-16.1533],[-43.09414,-16.17096],[-43.10333,-16.16638],[-43.11672,-16.17172],[-43.12219,-16.16781],[-43.11516,-16.15038],[-43.11836,-16.14048],[-43.12567,-16.13602],[-43.12192,-16.12484],[-43.1306,-16.11801],[-43.12819,-16.10515],[-43.11385,-16.08911],[-43.1043,-16.08486],[-43.11111,-16.0459],[-43.11827,-16.0435],[-43.13233,-16.06438],[-43.14147,-16.0631],[-43.14571,-16.05294],[-43.14719,-16.01824],[-43.15552,-16.00738],[-43.16256,-16.00401],[-43.18656,-16.005],[-43.19042,-16.01308],[-43.19807,-16.01456],[-43.21272,-16.02757],[-43.21531,-16.03844],[-43.22668,-16.03662],[-43.24317,-16.04628],[-43.251,-16.03531],[-43.26812,-16.03018],[-43.27753,-16.02361],[-43.28452,-16.02643],[-43.29849,-16.02252],[-43.30506,-16.02675],[-43.32716,-16.01727],[-43.33382,-16.02103],[-43.34338,-16.04914],[-43.35623,-16.06782],[-43.36641,-16.10083],[-43.37271,-16.1339],[-43.37078,-16.14581],[-43.3661,-16.15181],[-43.38002,-16.19085],[-43.38224,-16.20798],[-43.38018,-16.2212],[-43.38611,-16.23605],[-43.38965,-16.25821],[-43.39519,-16.27662],[-43.39988,-16.28139],[-43.3969,-16.29281],[-43.40371,-16.33647],[-43.41061,-16.34429],[-43.42038,-16.38398],[-43.4277,-16.39988],[-43.42473,-16.41131],[-43.43178,-16.42748],[-43.43263,-16.44973],[-43.43999,-16.49058],[-43.45332,-16.53142],[-43.46265,-16.57695],[-43.47455,-16.61422],[-43.48391,-16.615],[-43.48725,-16.6207],[-43.48794,-16.66511],[-43.49448,-16.67197],[-43.50323,-16.66857],[-43.50486,-16.66188],[-43.50981,-16.66065],[-43.5151,-16.66608],[-43.51464,-16.67312],[-43.51879,-16.67578],[-43.52528,-16.66309],[-43.53042,-16.66247],[-43.53193,-16.68891],[-43.54811,-16.71236],[-43.57459,-16.70403],[-43.57702,-16.69749],[-43.57522,-16.68464],[-43.57964,-16.68071],[-43.58681,-16.68291],[-43.59256,-16.67926],[-43.5915,-16.66436],[-43.60136,-16.66467],[-43.60845,-16.6579],[-43.61576,-16.656],[-43.6287,-16.66353],[-43.63598,-16.65865],[-43.63666,-16.65497],[-43.63152,-16.64918],[-43.63389,-16.64184],[-43.6196,-16.6271],[-43.62382,-16.61605],[-43.63408,-16.61364],[-43.63955,-16.62034],[-43.64029,-16.62778],[-43.64547,-16.62907],[-43.6594,-16.61334],[-43.66632,-16.59817],[-43.67943,-16.59117],[-43.68298,-16.57557],[-43.69104,-16.57089],[-43.70969,-16.56873],[-43.7198,-16.56405],[-43.72877,-16.55554],[-43.73045,-16.54786],[-43.73802,-16.54413],[-43.74102,-16.53448],[-43.73423,-16.52013],[-43.74278,-16.51126],[-43.75113,-16.51366],[-43.76377,-16.53768],[-43.77701,-16.54012],[-43.78457,-16.55132],[-43.78211,-16.55518],[-43.76229,-16.56106],[-43.76094,-16.56674],[-43.75164,-16.5759],[-43.75437,-16.58428],[-43.76263,-16.58808],[-43.77118,-16.58399],[-43.77744,-16.58497],[-43.79821,-16.56885],[-43.79227,-16.54493],[-43.80083,-16.53485],[-43.80337,-16.52369],[-43.81108,-16.51949],[-43.81485,-16.5131],[-43.81242,-16.51014],[-43.79279,-16.50703],[-43.78843,-16.49345],[-43.79568,-16.48515],[-43.79363,-16.47532],[-43.78609,-16.47039],[-43.78717,-16.46288],[-43.79332,-16.45655],[-43.80427,-16.46151],[-43.81206,-16.46936],[-43.82136,-16.46924],[-43.82794,-16.46399],[-43.8263,-16.45282],[-43.80783,-16.44994],[-43.80521,-16.44325],[-43.8065,-16.43186],[-43.81656,-16.42868],[-43.82178,-16.4189],[-43.7955,-16.4097],[-43.79728,-16.387],[-43.79221,-16.37888],[-43.7997,-16.35729],[-43.80284,-16.35395],[-43.80933,-16.35401],[-43.81651,-16.38038],[-43.8277,-16.38198],[-43.83087,-16.36796],[-43.82119,-16.35573],[-43.82124,-16.34898],[-43.83196,-16.3383],[-43.82836,-16.32712],[-43.83061,-16.32053],[-43.84125,-16.31068],[-43.8495,-16.30778],[-43.86771,-16.32042],[-43.87021,-16.34427],[-43.88122,-16.35624],[-43.87618,-16.36613],[-43.87906,-16.37197],[-43.89334,-16.3751],[-43.90035,-16.38725],[-43.90882,-16.3856],[-43.91581,-16.36942],[-43.91334,-16.36052],[-43.91866,-16.35521],[-43.91287,-16.33771],[-43.90623,-16.33269],[-43.89518,-16.33079],[-43.89434,-16.31734],[-43.86739,-16.30276],[-43.86356,-16.2927],[-43.87221,-16.28887],[-43.87372,-16.28515],[-43.86941,-16.27928],[-43.85998,-16.27737],[-43.85904,-16.2552],[-43.85018,-16.24099],[-43.85108,-16.23706],[-43.8669,-16.23557],[-43.86835,-16.24927],[-43.87354,-16.2531],[-43.88228,-16.25292],[-43.88249,-16.26226],[-43.90474,-16.28954],[-43.90553,-16.30466],[-43.91226,-16.30871],[-43.92079,-16.32775],[-43.94718,-16.34975],[-43.94675,-16.37069],[-43.95285,-16.37093],[-43.96069,-16.36209],[-43.96822,-16.362],[-43.9746,-16.35097],[-43.9748,-16.34464],[-43.9895,-16.33244],[-43.98682,-16.3271],[-43.97631,-16.33126],[-43.96965,-16.32373],[-43.97251,-16.31944],[-43.98239,-16.31612],[-43.98641,-16.29368],[-44.00137,-16.29115],[-43.99947,-16.28154],[-43.99029,-16.26596],[-43.98434,-16.26517],[-43.9727,-16.27214],[-43.96969,-16.27786],[-43.96054,-16.27594],[-43.95673,-16.28272],[-43.94085,-16.28439],[-43.9288,-16.277],[-43.92509,-16.26953],[-43.92467,-16.24285],[-43.91971,-16.23452],[-43.93118,-16.22498],[-43.9279,-16.21813],[-43.92948,-16.21202],[-43.92519,-16.2087],[-43.9126,-16.20787],[-43.90991,-16.20183],[-43.9181,-16.19875],[-43.92519,-16.19154],[-43.93265,-16.19099],[-43.93825,-16.17428],[-43.95154,-16.16932],[-43.95382,-16.16534],[-43.93898,-16.15582],[-43.91658,-16.14772],[-43.91897,-16.13671],[-43.92539,-16.13516],[-43.93377,-16.14129],[-43.95391,-16.13584],[-43.97067,-16.14329],[-43.97545,-16.13355],[-43.98858,-16.13046],[-43.99321,-16.12008],[-44.00699,-16.1181],[-44.01396,-16.12342],[-44.0081,-16.13276],[-44.02107,-16.14383],[-44.0193,-16.1506],[-44.02315,-16.1637],[-44.03446,-16.16195],[-44.05282,-16.17468],[-44.0721,-16.17759],[-44.07512,-16.1866],[-44.10095,-16.19471],[-44.106,-16.19122],[-44.10608,-16.18735],[-44.08469,-16.17114],[-44.08432,-16.16167],[-44.08876,-16.15962],[-44.11359,-16.16937],[-44.11633,-16.17588],[-44.13801,-16.191],[-44.13777,-16.20369],[-44.14817,-16.20187],[-44.15452,-16.20579],[-44.15736,-16.21387],[-44.16802,-16.21282],[-44.17507,-16.2184],[-44.19258,-16.21801],[-44.19805,-16.22057],[-44.2038,-16.21733],[-44.20563,-16.20408],[-44.19359,-16.20447],[-44.18407,-16.19699],[-44.17503,-16.19629],[-44.16548,-16.1832],[-44.15265,-16.17878],[-44.15962,-16.16661],[-44.17509,-16.16284],[-44.18184,-16.15797],[-44.1853,-16.12959],[-44.16092,-16.11931],[-44.14622,-16.12302],[-44.13806,-16.12155],[-44.13645,-16.11812],[-44.1398,-16.11138],[-44.13653,-16.10322],[-44.12751,-16.09411],[-44.11768,-16.09271],[-44.10244,-16.09896],[-44.09198,-16.0954],[-44.07986,-16.0965],[-44.07713,-16.09284],[-44.08174,-16.08144],[-44.09263,-16.07919],[-44.09573,-16.07263],[-44.0946,-16.06241],[-44.10853,-16.06234],[-44.12855,-16.05476],[-44.13037,-16.05089],[-44.12736,-16.04423],[-44.13625,-16.03987],[-44.14358,-16.04122],[-44.15173,-16.04988],[-44.15899,-16.05153],[-44.16173,-16.06502],[-44.17229,-16.06387],[-44.17254,-16.05448],[-44.18021,-16.05259],[-44.18182,-16.04754],[-44.17107,-16.04185],[-44.17859,-16.03225],[-44.16825,-16.02432],[-44.17096,-16.0119],[-44.16381,-16.00948],[-44.15726,-16.01149],[-44.15188,-16.00848],[-44.14523,-16.01355],[-44.13603,-16.01372],[-44.12842,-16.00546],[-44.13459,-15.99725],[-44.12996,-15.98609],[-44.1348,-15.9837],[-44.14195,-15.99095],[-44.14818,-15.9908],[-44.15823,-15.99619],[-44.16805,-15.99033],[-44.18182,-15.98953],[-44.19113,-15.98397],[-44.19595,-15.97522],[-44.18916,-15.97363],[-44.17031,-15.98179],[-44.16442,-15.98046],[-44.16084,-15.97115],[-44.14827,-15.97298],[-44.14237,-15.96819],[-44.14056,-15.96205],[-44.15344,-15.9558],[-44.15536,-15.94805],[-44.13583,-15.94448],[-44.12356,-15.94989],[-44.11707,-15.97385],[-44.1094,-15.98248],[-44.10175,-15.98409],[-44.10042,-15.97668],[-44.10789,-15.96298],[-44.10484,-15.95664],[-44.10701,-15.94734],[-44.11492,-15.94092],[-44.11573,-15.92939],[-44.10079,-15.9238],[-44.08914,-15.93689],[-44.08184,-15.93409],[-44.06858,-15.94074],[-44.05013,-15.93721],[-44.04851,-15.93364],[-44.05397,-15.92843],[-44.0531,-15.92171],[-44.06051,-15.91203],[-44.04807,-15.90884],[-44.03549,-15.89719],[-44.03825,-15.87788],[-44.02596,-15.86856],[-44.01723,-15.8664],[-44.02869,-15.85051],[-44.0393,-15.84822],[-44.04182,-15.85179],[-44.03821,-15.8676],[-44.04238,-15.86918],[-44.05134,-15.86531],[-44.05771,-15.86791],[-44.05674,-15.87771],[-44.06438,-15.88074],[-44.07271,-15.89678],[-44.07687,-15.89678],[-44.08243,-15.88988],[-44.09233,-15.89236],[-44.09626,-15.89986],[-44.10812,-15.89617],[-44.11921,-15.90158],[-44.1228,-15.8987],[-44.12139,-15.89223],[-44.11297,-15.88211],[-44.11905,-15.87125],[-44.12906,-15.86905],[-44.13624,-15.87344],[-44.14166,-15.86692],[-44.15267,-15.86821],[-44.15729,-15.86469],[-44.13905,-15.84765],[-44.12751,-15.84827],[-44.12255,-15.84132],[-44.12633,-15.83118],[-44.13351,-15.82661],[-44.12893,-15.81457],[-44.12857,-15.80116],[-44.11375,-15.80886],[-44.11435,-15.81393],[-44.12015,-15.81939],[-44.1177,-15.82588],[-44.11074,-15.82848],[-44.10795,-15.81942],[-44.10213,-15.81667],[-44.0964,-15.82184],[-44.09492,-15.83682],[-44.09139,-15.83931],[-44.08332,-15.83368],[-44.07047,-15.80968],[-44.05512,-15.8018],[-44.05908,-15.78471],[-44.06759,-15.78181],[-44.07049,-15.78872],[-44.07455,-15.79021],[-44.08177,-15.78033],[-44.09374,-15.78081],[-44.10605,-15.77296],[-44.09626,-15.76717],[-44.08794,-15.76952],[-44.08162,-15.76159],[-44.0729,-15.765],[-44.06786,-15.75834],[-44.06697,-15.75066],[-44.05599,-15.75328],[-44.05095,-15.74416],[-44.03896,-15.74693],[-44.03276,-15.7398],[-44.03372,-15.73598],[-44.05601,-15.72348],[-44.06159,-15.71672],[-44.05551,-15.7055],[-44.06405,-15.68632],[-44.05762,-15.66953],[-44.05859,-15.66164],[-44.06519,-15.65058],[-44.07333,-15.65409],[-44.07306,-15.67354],[-44.08157,-15.68544],[-44.0801,-15.69275],[-44.0917,-15.6992],[-44.09513,-15.69759],[-44.09974,-15.68403],[-44.10554,-15.68345],[-44.11009,-15.6885],[-44.11873,-15.68939],[-44.12586,-15.68185],[-44.13725,-15.67997],[-44.14512,-15.68428],[-44.15159,-15.68026],[-44.16014,-15.66374],[-44.16416,-15.66528],[-44.16654,-15.67348],[-44.17803,-15.6759],[-44.18691,-15.67221],[-44.19049,-15.66708],[-44.19898,-15.66779],[-44.19867,-15.67698],[-44.21297,-15.68536],[-44.21002,-15.69006],[-44.20151,-15.69073],[-44.20047,-15.69465],[-44.21699,-15.71084],[-44.20692,-15.71926],[-44.19599,-15.71799],[-44.19517,-15.72499],[-44.20116,-15.73222],[-44.2156,-15.73437],[-44.21562,-15.73864],[-44.21002,-15.74343],[-44.21002,-15.75367],[-44.21695,-15.75814],[-44.21833,-15.76326],[-44.21108,-15.77846],[-44.20155,-15.77737],[-44.19517,-15.77078],[-44.18564,-15.77276],[-44.18428,-15.77747],[-44.20591,-15.79381],[-44.21493,-15.79552],[-44.21656,-15.80469],[-44.2087,-15.81462],[-44.21367,-15.82516],[-44.23413,-15.81319],[-44.23676,-15.81597],[-44.23636,-15.82447],[-44.24479,-15.83315],[-44.24786,-15.83016],[-44.2484,-15.81826],[-44.25727,-15.82076],[-44.26642,-15.83401],[-44.26049,-15.84341],[-44.25904,-15.85693],[-44.26284,-15.86336],[-44.25931,-15.87537],[-44.26349,-15.87933],[-44.27652,-15.8733],[-44.27661,-15.86421],[-44.28658,-15.85353],[-44.28773,-15.83646],[-44.29267,-15.83565],[-44.30313,-15.84513],[-44.31168,-15.8462],[-44.30833,-15.87117],[-44.31905,-15.87468],[-44.32601,-15.88705],[-44.31417,-15.89208],[-44.30403,-15.90226],[-44.30844,-15.90671],[-44.31805,-15.90626],[-44.32007,-15.91616],[-44.32578,-15.92154],[-44.3383,-15.91522],[-44.34111,-15.90194],[-44.3504,-15.90051],[-44.35388,-15.89436],[-44.36156,-15.89098],[-44.36641,-15.89223],[-44.36673,-15.89794],[-44.36037,-15.91069],[-44.35271,-15.91317],[-44.34728,-15.92271],[-44.35278,-15.92825],[-44.35215,-15.93673],[-44.35703,-15.94152],[-44.35441,-15.94947],[-44.36192,-15.95297],[-44.36183,-15.95755],[-44.35422,-15.9614],[-44.34011,-15.9579],[-44.33784,-15.94803],[-44.33432,-15.94601],[-44.31238,-15.94914],[-44.30886,-15.95587],[-44.31897,-15.96536],[-44.31973,-15.97509],[-44.32797,-15.97535],[-44.3391,-15.98128],[-44.34196,-15.99317],[-44.35058,-15.99347],[-44.37134,-16.01135],[-44.37785,-16.0328],[-44.38936,-16.03562],[-44.40222,-16.02884],[-44.40642,-16.02331],[-44.41412,-16.02424],[-44.42173,-16.03571],[-44.41383,-16.04571],[-44.41661,-16.06339],[-44.43089,-16.05957],[-44.44168,-16.04581],[-44.44873,-16.04158],[-44.45401,-16.02974],[-44.46595,-16.03018],[-44.46557,-16.04376],[-44.4778,-16.04634],[-44.48208,-16.04489],[-44.48817,-16.03463],[-44.4951,-16.03394],[-44.50273,-16.027],[-44.50035,-16.01895],[-44.5057,-16.00748],[-44.49607,-16.00452],[-44.49435,-16.00086],[-44.51191,-15.98539],[-44.50067,-15.96902],[-44.5052,-15.9642],[-44.51508,-15.96374],[-44.51984,-15.95778],[-44.51827,-15.95166],[-44.52137,-15.94567],[-44.53285,-15.94503],[-44.53268,-15.93424],[-44.53871,-15.92899],[-44.53642,-15.92097],[-44.54364,-15.91525],[-44.53811,-15.90664],[-44.51524,-15.91083],[-44.50784,-15.90088],[-44.51275,-15.89611],[-44.52772,-15.897],[-44.53318,-15.886],[-44.53343,-15.8778],[-44.53671,-15.87535],[-44.54436,-15.88378],[-44.54401,-15.89045],[-44.54694,-15.89312],[-44.558,-15.88291],[-44.57722,-15.88239],[-44.58248,-15.89721],[-44.57793,-15.90173],[-44.57059,-15.90145],[-44.56876,-15.90564],[-44.57279,-15.91327],[-44.58134,-15.91776],[-44.57875,-15.92777],[-44.59721,-15.94415],[-44.59054,-15.95425],[-44.59514,-15.96595],[-44.58925,-15.98173],[-44.60602,-15.98248],[-44.61695,-15.97712],[-44.61816,-15.96651],[-44.62362,-15.96677],[-44.62796,-15.98332],[-44.6279,-16.00198],[-44.64008,-16.0056],[-44.6502,-16.01596],[-44.65153,-16.02276],[-44.66105,-16.03484],[-44.65786,-16.045],[-44.67312,-16.04793],[-44.6778,-16.05175],[-44.67922,-16.0603],[-44.6746,-16.06858],[-44.67941,-16.07297],[-44.67927,-16.07927],[-44.68398,-16.08648],[-44.7017,-16.10165],[-44.70219,-16.10957],[-44.71287,-16.11167],[-44.72872,-16.12753],[-44.75267,-16.13013],[-44.75891,-16.14059],[-44.77288,-16.15371],[-44.77737,-16.15232],[-44.78433,-16.13784],[-44.79107,-16.13807],[-44.8101,-16.14867],[-44.82919,-16.14369],[-44.84222,-16.13497],[-44.83686,-16.12248],[-44.8393,-16.11508],[-44.85968,-16.11191],[-44.86587,-16.10801],[-44.88124,-16.11349],[-44.92273,-16.09142],[-44.93119,-16.07894],[-44.92917,-16.07211],[-44.9232,-16.0676],[-44.92274,-16.05955],[-44.92393,-16.03754],[-44.92794,-16.03257],[-44.9284,-16.02157],[-44.93186,-16.01622],[-44.94507,-16.0116],[-44.96484,-16.01059],[-44.9919,-16.02362],[-45.00052,-16.03362],[-45.01447,-16.04169],[-45.03427,-16.04411],[-45.04991,-16.04341],[-45.05729,-16.03625],[-45.06714,-16.03867],[-45.07789,-16.0314],[-45.07648,-15.99944],[-45.07325,-15.99507],[-45.06468,-15.99633],[-45.05642,-15.99126],[-45.05451,-15.98111],[-45.01197,-15.97327],[-44.97543,-15.97409],[-44.93891,-15.96397],[-44.91926,-15.96681],[-44.90801,-15.94736],[-44.88569,-15.92793],[-44.86568,-15.89862],[-44.82702,-15.86116],[-44.81297,-15.8324],[-44.80302,-15.82039],[-44.79217,-15.81743],[-44.77661,-15.80241],[-44.74267,-15.78384],[-44.70656,-15.77227],[-44.68563,-15.77854],[-44.67612,-15.77592],[-44.66577,-15.76952],[-44.65639,-15.75821],[-44.64499,-15.73055],[-44.63238,-15.71646],[-44.59555,-15.6947],[-44.59515,-15.68211],[-44.58721,-15.67842],[-44.5855,-15.67132],[-44.56428,-15.66752],[-44.55711,-15.67267],[-44.54993,-15.66838],[-44.54726,-15.66058],[-44.55376,-15.63372],[-44.55919,-15.63327],[-44.56641,-15.63818],[-44.57374,-15.6514],[-44.5804,-15.64729],[-44.5787,-15.63694],[-44.56372,-15.62369],[-44.56456,-15.61361],[-44.57648,-15.61335],[-44.58163,-15.62264],[-44.59082,-15.6213],[-44.59898,-15.62828],[-44.6107,-15.61885],[-44.61353,-15.60911],[-44.60944,-15.59768],[-44.59084,-15.59328],[-44.58865,-15.58758],[-44.59427,-15.58312],[-44.59609,-15.57469],[-44.60655,-15.57523],[-44.61228,-15.5702],[-44.6257,-15.57325],[-44.6276,-15.56612],[-44.62226,-15.55802],[-44.62596,-15.54987],[-44.62139,-15.54316],[-44.61593,-15.54145],[-44.60773,-15.54326],[-44.60368,-15.55018],[-44.59121,-15.54938],[-44.58977,-15.54512],[-44.59628,-15.53278],[-44.58484,-15.52488],[-44.56656,-15.52912],[-44.55894,-15.52465],[-44.55336,-15.5289],[-44.5395,-15.53075],[-44.53358,-15.51924],[-44.51948,-15.51836],[-44.51841,-15.5014],[-44.50665,-15.49788],[-44.50753,-15.48066],[-44.49927,-15.47489],[-44.49614,-15.46857],[-44.49402,-15.4507],[-44.47903,-15.45387],[-44.4769,-15.46174],[-44.4669,-15.47041],[-44.45976,-15.46859],[-44.46056,-15.45742],[-44.45656,-15.44532],[-44.4627,-15.4383],[-44.46101,-15.43157],[-44.45438,-15.42753],[-44.45713,-15.40276],[-44.47575,-15.37321],[-44.47238,-15.36966],[-44.46111,-15.37132],[-44.45895,-15.36724],[-44.46224,-15.36295],[-44.47814,-15.35683],[-44.48546,-15.34476],[-44.49478,-15.34393],[-44.49059,-15.33181],[-44.48353,-15.33306],[-44.47104,-15.34902],[-44.44919,-15.36002],[-44.43957,-15.35787],[-44.43747,-15.36957],[-44.44429,-15.38366],[-44.43233,-15.38957],[-44.42033,-15.37753],[-44.40775,-15.34898],[-44.38989,-15.35286],[-44.37614,-15.34961],[-44.37379,-15.35275],[-44.37544,-15.36085],[-44.3725,-15.36331],[-44.36685,-15.36288],[-44.36138,-15.3568],[-44.35776,-15.34397],[-44.36155,-15.33711],[-44.36158,-15.323],[-44.36828,-15.31741],[-44.37123,-15.30985],[-44.38616,-15.30366],[-44.40113,-15.30363],[-44.43749,-15.29184],[-44.44183,-15.28777],[-44.43648,-15.27353],[-44.4293,-15.27994],[-44.42136,-15.2787],[-44.41185,-15.28685],[-44.40465,-15.28203],[-44.4262,-15.26416],[-44.42646,-15.2543],[-44.43146,-15.2494],[-44.43854,-15.24931],[-44.44904,-15.23491],[-44.43863,-15.22461],[-44.4395,-15.21768],[-44.43453,-15.21073],[-44.41476,-15.20557],[-44.4199,-15.19378],[-44.4145,-15.18448],[-44.41831,-15.17446],[-44.40293,-15.16403],[-44.39888,-15.13933],[-44.39448,-15.13654],[-44.38827,-15.1387],[-44.36962,-15.13548],[-44.36425,-15.14506],[-44.34742,-15.14249],[-44.33825,-15.15804],[-44.33812,-15.16739],[-44.32742,-15.17088],[-44.32342,-15.16526],[-44.32782,-15.14697],[-44.32128,-15.14233],[-44.31267,-15.1448],[-44.3053,-15.1638],[-44.30699,-15.1755],[-44.31225,-15.18315],[-44.32175,-15.18912],[-44.32217,-15.19296],[-44.30234,-15.20853],[-44.2925,-15.22292],[-44.27903,-15.22464],[-44.27789,-15.22003],[-44.29619,-15.20054],[-44.28702,-15.195],[-44.27447,-15.19748],[-44.27103,-15.18654],[-44.25962,-15.18584],[-44.25907,-15.15447],[-44.26324,-15.1364],[-44.27487,-15.1215],[-44.28759,-15.1121],[-44.28005,-15.09296],[-44.29727,-15.08014],[-44.29994,-15.07479],[-44.29736,-15.06437],[-44.28536,-15.05693],[-44.28293,-15.07033],[-44.27433,-15.07322],[-44.26473,-15.07141],[-44.25478,-15.08336],[-44.23493,-15.08778],[-44.22776,-15.07389],[-44.22991,-15.05383],[-44.23835,-15.04626],[-44.23826,-15.04211],[-44.23202,-15.03568],[-44.22444,-15.03492],[-44.21902,-15.02328],[-44.20956,-15.03598],[-44.19599,-15.03967],[-44.18878,-15.0478],[-44.18356,-15.04884],[-44.17714,-15.04357],[-44.16908,-15.04252],[-44.16486,-15.03739],[-44.16797,-15.03096],[-44.16724,-15.02077],[-44.1737,-15.01597],[-44.1846,-15.01509],[-44.1871,-14.9991],[-44.17147,-14.99691],[-44.16673,-14.98818],[-44.15812,-14.98709],[-44.14878,-14.97411],[-44.13962,-14.97096],[-44.15236,-14.94559],[-44.16612,-14.94326],[-44.16429,-14.93062],[-44.17272,-14.9282],[-44.17397,-14.92025],[-44.18217,-14.916],[-44.17491,-14.90228],[-44.1657,-14.89619],[-44.17216,-14.88527],[-44.1901,-14.8844],[-44.20074,-14.89037],[-44.21694,-14.87706],[-44.24388,-14.87666],[-44.23895,-14.86018],[-44.24219,-14.84897],[-44.23341,-14.83454],[-44.24851,-14.82516],[-44.26167,-14.82635],[-44.26539,-14.83486],[-44.27393,-14.83798],[-44.27597,-14.85209],[-44.28193,-14.85744],[-44.27835,-14.86292],[-44.26545,-14.86227],[-44.26367,-14.86778],[-44.26603,-14.87557],[-44.2493,-14.88457],[-44.24644,-14.88956],[-44.25433,-14.9103],[-44.24264,-14.92359],[-44.25392,-14.92865],[-44.26039,-14.94121],[-44.25939,-14.94763],[-44.26424,-14.95885],[-44.27407,-14.953],[-44.28136,-14.95716],[-44.28758,-14.95645],[-44.29431,-14.96152],[-44.29966,-14.95887],[-44.2974,-14.95134],[-44.28525,-14.94448],[-44.28282,-14.93645],[-44.27331,-14.92741],[-44.2708,-14.92014],[-44.27923,-14.91297],[-44.31587,-14.91369],[-44.30086,-14.87669],[-44.30208,-14.87292],[-44.31313,-14.8711],[-44.32144,-14.87738],[-44.33208,-14.87672],[-44.33852,-14.87214],[-44.35343,-14.88363],[-44.35982,-14.88383],[-44.36473,-14.87691],[-44.35919,-14.87002],[-44.36061,-14.86593],[-44.36696,-14.86365],[-44.38167,-14.86979],[-44.39447,-14.86243],[-44.39317,-14.84977],[-44.38506,-14.84209],[-44.37038,-14.84468],[-44.35434,-14.83783],[-44.33145,-14.813],[-44.31772,-14.80415],[-44.3092,-14.80474],[-44.30051,-14.79581],[-44.28909,-14.80891],[-44.27517,-14.79359],[-44.26679,-14.79344],[-44.25874,-14.78164],[-44.27339,-14.76964],[-44.27771,-14.77021],[-44.2808,-14.77907],[-44.2849,-14.78106],[-44.29278,-14.77289],[-44.29998,-14.77309],[-44.3077,-14.76663],[-44.31318,-14.77026],[-44.31184,-14.78063],[-44.31654,-14.78518],[-44.32169,-14.78347],[-44.32888,-14.77477],[-44.33924,-14.7778],[-44.34048,-14.78916],[-44.33219,-14.79626],[-44.33215,-14.80029],[-44.3496,-14.80224],[-44.36516,-14.81684],[-44.37555,-14.8167],[-44.38193,-14.8092],[-44.38087,-14.7955],[-44.38389,-14.79185],[-44.4051,-14.79929],[-44.40158,-14.81303],[-44.4055,-14.81699],[-44.41929,-14.81715],[-44.42242,-14.7977],[-44.43052,-14.80142],[-44.43432,-14.79979],[-44.43687,-14.7913],[-44.42673,-14.78592],[-44.42445,-14.77969],[-44.41294,-14.78222],[-44.40629,-14.77604],[-44.40447,-14.76544],[-44.39925,-14.75805],[-44.39937,-14.74367],[-44.38913,-14.73923],[-44.38034,-14.72428],[-44.38341,-14.7113],[-44.37094,-14.70774],[-44.36767,-14.69956],[-44.35285,-14.68627],[-44.33939,-14.67951],[-44.33614,-14.67328],[-44.34332,-14.65734],[-44.34737,-14.65564],[-44.35329,-14.6599],[-44.35484,-14.66717],[-44.36677,-14.6727],[-44.37566,-14.68743],[-44.38072,-14.6883],[-44.38156,-14.67304],[-44.3957,-14.67095],[-44.41041,-14.66164],[-44.4065,-14.65641],[-44.39435,-14.66002],[-44.38088,-14.65959],[-44.37726,-14.65615],[-44.38162,-14.64807],[-44.39103,-14.64245],[-44.39531,-14.63585],[-44.40732,-14.63359],[-44.40772,-14.62605],[-44.39523,-14.62364],[-44.38275,-14.63395],[-44.37124,-14.63851],[-44.36392,-14.62745],[-44.36769,-14.6165],[-44.36343,-14.60743],[-44.34479,-14.61772],[-44.3398,-14.62569],[-44.33485,-14.62522],[-44.32855,-14.59606],[-44.34479,-14.5798],[-44.33343,-14.56085],[-44.33835,-14.55807],[-44.34538,-14.56604],[-44.35934,-14.5691],[-44.36472,-14.57466],[-44.37568,-14.57317],[-44.3869,-14.57752],[-44.41368,-14.57123],[-44.43402,-14.5819],[-44.44201,-14.58189],[-44.4488,-14.59081],[-44.45624,-14.58816],[-44.47849,-14.58966],[-44.47697,-14.58336],[-44.44482,-14.57047],[-44.44404,-14.56633],[-44.45082,-14.55415],[-44.44066,-14.53979],[-44.43533,-14.52213],[-44.44176,-14.50333],[-44.44827,-14.49564],[-44.46328,-14.50064],[-44.47512,-14.49615],[-44.48996,-14.49983],[-44.4867,-14.47706],[-44.49937,-14.47819],[-44.50238,-14.47377],[-44.50042,-14.46492],[-44.50962,-14.46397],[-44.51252,-14.45399],[-44.52886,-14.45069],[-44.53022,-14.4442],[-44.5204,-14.43004],[-44.5235,-14.41605],[-44.51984,-14.39904],[-44.49907,-14.39258],[-44.4998,-14.38489],[-44.51818,-14.38477],[-44.5391,-14.37599],[-44.54642,-14.37678],[-44.55192,-14.37984],[-44.55796,-14.39792],[-44.56731,-14.39931],[-44.57846,-14.39455],[-44.57869,-14.38611],[-44.57353,-14.37717],[-44.57713,-14.37358],[-44.58173,-14.374],[-44.59214,-14.38179],[-44.59729,-14.40032],[-44.61481,-14.39855],[-44.62487,-14.40765],[-44.64623,-14.40511],[-44.64588,-14.41179],[-44.62916,-14.42024],[-44.62784,-14.4258],[-44.63331,-14.42804],[-44.64234,-14.42256],[-44.65406,-14.42292],[-44.6607,-14.43008],[-44.66341,-14.44132],[-44.67999,-14.44922],[-44.68767,-14.45682],[-44.69272,-14.46816],[-44.71795,-14.45156],[-44.71806,-14.44732]]],[[[-42.58558,-14.9316],[-42.58641,-14.93502],[-42.57752,-14.93889],[-42.57519,-14.94573],[-42.56069,-14.9623],[-42.55433,-14.9593],[-42.53488,-14.96659],[-42.53164,-14.97749],[-42.52174,-14.98307],[-42.5133,-14.98378],[-42.50607,-14.98967],[-42.51074,-14.99182],[-42.51566,-14.98538],[-42.52836,-14.98535],[-42.53652,-14.99734],[-42.5352,-15.00441],[-42.54196,-15.01032],[-42.55098,-15.0061],[-42.56124,-15.01137],[-42.56167,-15.01927],[-42.571,-15.03746],[-42.56653,-15.05219],[-42.57027,-15.05429],[-42.57761,-15.0517],[-42.59279,-15.06313],[-42.59918,-15.05459],[-42.59379,-15.0442],[-42.59775,-15.03608],[-42.59842,-15.0174],[-42.6218,-15.00843],[-42.63651,-15.01676],[-42.64564,-15.00494],[-42.64816,-14.99489],[-42.64353,-14.98757],[-42.63673,-14.99673],[-42.62686,-14.99934],[-42.61079,-14.99137],[-42.60715,-14.98263],[-42.61224,-14.97532],[-42.60914,-14.9677],[-42.60154,-14.96166],[-42.60214,-14.94954],[-42.58558,-14.9316]]],[[[-42.22743,-15.09927],[-42.22578,-15.09938],[-42.2301,-15.10246],[-42.22743,-15.09927]]],[[[-42.2052,-15.10163],[-42.1926,-15.10312],[-42.18296,-15.09965],[-42.1798,-15.08783],[-42.17332,-15.08595],[-42.16127,-15.10198],[-42.17113,-15.11113],[-42.18186,-15.11442],[-42.18828,-15.112],[-42.19398,-15.10442],[-42.2052,-15.10163]]],[[[-42.14105,-15.12884],[-42.12524,-15.13533],[-42.1219,-15.15607],[-42.12628,-15.15629],[-42.13836,-15.14355],[-42.14105,-15.12884]]],[[[-42.03832,-15.16892],[-41.99663,-15.15889],[-42.01134,-15.16552],[-42.03832,-15.16892]]]]}},{"type":"Feature","properties":{"abbrev_state":"BA","name_state":"Bahia"},"geometry":{"type":"MultiPolygon","coordinates":[[[[-44.8638,-10.88523],[-44.85502,-10.88449],[-44.85336,-10.8923],[-44.86207,-10.90494],[-44.85913,-10.91648],[-44.86368,-10.92248],[-44.88112,-10.92049],[-44.88308,-10.91561],[-44.8638,-10.88523]]],[[[-44.21838,-10.61518],[-44.20865,-10.61532],[-44.19298,-10.62858],[-44.17609,-10.63283],[-44.16554,-10.6429],[-44.14918,-10.64321],[-44.12829,-10.63149],[-44.11062,-10.5972],[-44.10075,-10.59172],[-44.07695,-10.586],[-44.07211,-10.57993],[-44.06249,-10.55134],[-44.05101,-10.50624],[-44.04155,-10.49324],[-44.02962,-10.48408],[-44.02584,-10.47547],[-44.03475,-10.44901],[-44.03587,-10.43543],[-44.02989,-10.41696],[-44.02354,-10.4082],[-44.01415,-10.40475],[-44.00245,-10.40755],[-43.97277,-10.43265],[-43.93673,-10.43613],[-43.92604,-10.4337],[-43.91623,-10.42672],[-43.91479,-10.38415],[-43.89877,-10.36732],[-43.8951,-10.35449],[-43.87168,-10.33044],[-43.85038,-10.31838],[-43.83829,-10.30463],[-43.83404,-10.27764],[-43.83829,-10.26546],[-43.83727,-10.25007],[-43.79785,-10.20884],[-43.77909,-10.18047],[-43.76659,-10.13426],[-43.76701,-10.11468],[-43.77311,-10.09878],[-43.76603,-10.08006],[-43.75923,-10.07461],[-43.72993,-10.07226],[-43.69291,-10.0774],[-43.69028,-10.04464],[-43.66948,-10.03076],[-43.66213,-10.00954],[-43.66245,-9.99799],[-43.66634,-9.98954],[-43.68468,-9.98276],[-43.70295,-9.96611],[-43.68956,-9.93907],[-43.69045,-9.9295],[-43.69284,-9.92553],[-43.70618,-9.92205],[-43.70904,-9.91322],[-43.70548,-9.90638],[-43.69642,-9.9012],[-43.69462,-9.89125],[-43.67745,-9.88653],[-43.6664,-9.86905],[-43.66526,-9.85588],[-43.65354,-9.84526],[-43.65324,-9.83906],[-43.66485,-9.82365],[-43.68287,-9.81575],[-43.69346,-9.80526],[-43.7084,-9.80571],[-43.71782,-9.80242],[-43.72143,-9.79336],[-43.76157,-9.77788],[-43.76718,-9.7707],[-43.78492,-9.76239],[-43.79766,-9.72768],[-43.79337,-9.71522],[-43.79726,-9.6965],[-43.82684,-9.64953],[-43.84195,-9.63743],[-43.84017,-9.62652],[-43.83431,-9.62259],[-43.83398,-9.61793],[-43.83974,-9.61444],[-43.82992,-9.60903],[-43.8198,-9.59533],[-43.82286,-9.58427],[-43.82107,-9.57975],[-43.8114,-9.56876],[-43.7952,-9.55796],[-43.79451,-9.55404],[-43.80236,-9.54487],[-43.81762,-9.54539],[-43.82328,-9.55856],[-43.83629,-9.56222],[-43.83796,-9.57447],[-43.84358,-9.57819],[-43.8525,-9.56148],[-43.85135,-9.55213],[-43.81843,-9.49424],[-43.79945,-9.47965],[-43.77829,-9.4487],[-43.75142,-9.43407],[-43.68914,-9.41968],[-43.67113,-9.40848],[-43.62163,-9.37154],[-43.57903,-9.32039],[-43.53113,-9.30419],[-43.49753,-9.27253],[-43.48546,-9.26529],[-43.46904,-9.26081],[-43.45178,-9.26226],[-43.42782,-9.27259],[-43.39518,-9.31429],[-43.37642,-9.3489],[-43.36132,-9.36441],[-43.35356,-9.36896],[-43.34382,-9.36752],[-43.32961,-9.37182],[-43.315,-9.38938],[-43.29654,-9.39708],[-43.28512,-9.42003],[-43.27877,-9.42457],[-43.27287,-9.42278],[-43.26667,-9.41191],[-43.24234,-9.41188],[-43.229,-9.40294],[-43.21429,-9.39965],[-43.2065,-9.40212],[-43.19872,-9.418],[-43.1917,-9.42043],[-43.17393,-9.41122],[-43.15863,-9.37704],[-43.14722,-9.37631],[-43.13316,-9.38728],[-43.12971,-9.38003],[-43.12387,-9.37905],[-43.11962,-9.3719],[-43.11169,-9.38051],[-43.10742,-9.37849],[-43.1041,-9.38644],[-43.08784,-9.38766],[-43.07983,-9.39911],[-43.07322,-9.39983],[-43.06661,-9.39405],[-43.06073,-9.39545],[-43.05705,-9.40166],[-43.05694,-9.41914],[-43.05218,-9.41298],[-43.04009,-9.41466],[-43.01272,-9.40776],[-43.0063,-9.40941],[-43.002,-9.40545],[-42.98683,-9.40161],[-42.97026,-9.40952],[-42.95712,-9.43241],[-42.95637,-9.43864],[-42.96289,-9.45705],[-42.96214,-9.46982],[-42.95181,-9.49765],[-42.95136,-9.51038],[-42.94625,-9.51841],[-42.92844,-9.52725],[-42.9131,-9.52464],[-42.90402,-9.52675],[-42.8733,-9.56387],[-42.86803,-9.56401],[-42.84797,-9.54966],[-42.83714,-9.55037],[-42.82819,-9.56052],[-42.82978,-9.58126],[-42.82153,-9.59885],[-42.82055,-9.61923],[-42.79979,-9.6225],[-42.76996,-9.61918],[-42.7619,-9.612],[-42.75775,-9.58928],[-42.7422,-9.58207],[-42.73244,-9.56911],[-42.7169,-9.55628],[-42.72203,-9.53718],[-42.71988,-9.53069],[-42.71222,-9.53023],[-42.69463,-9.54365],[-42.67992,-9.54915],[-42.66725,-9.54812],[-42.65461,-9.5414],[-42.64022,-9.54383],[-42.63235,-9.53841],[-42.62172,-9.54134],[-42.58863,-9.49735],[-42.56918,-9.50175],[-42.54916,-9.49588],[-42.52227,-9.50303],[-42.49309,-9.4949],[-42.48602,-9.48379],[-42.49122,-9.46961],[-42.48907,-9.46204],[-42.47688,-9.45877],[-42.45177,-9.4621],[-42.44058,-9.45617],[-42.42828,-9.43978],[-42.42299,-9.41369],[-42.39889,-9.39709],[-42.37808,-9.38965],[-42.35952,-9.37761],[-42.35671,-9.37218],[-42.35705,-9.35256],[-42.32588,-9.33341],[-42.31608,-9.31661],[-42.28997,-9.3095],[-42.26891,-9.31045],[-42.24366,-9.28886],[-42.23074,-9.28343],[-42.22244,-9.28417],[-42.20644,-9.29278],[-42.19423,-9.29168],[-42.17949,-9.28527],[-42.14195,-9.28813],[-42.10127,-9.28157],[-42.06659,-9.25599],[-42.03499,-9.25614],[-42.02468,-9.24976],[-42.01869,-9.25052],[-41.99991,-9.26597],[-41.97227,-9.24864],[-41.95542,-9.26366],[-41.94506,-9.2637],[-41.92477,-9.2778],[-41.91793,-9.27847],[-41.9096,-9.27379],[-41.90468,-9.2596],[-41.88493,-9.25347],[-41.87052,-9.23743],[-41.85971,-9.23761],[-41.84782,-9.24396],[-41.83797,-9.24227],[-41.83124,-9.22894],[-41.81987,-9.189],[-41.80013,-9.16516],[-41.80007,-9.14803],[-41.78045,-9.12899],[-41.75893,-9.11666],[-41.73518,-9.0947],[-41.73101,-9.06982],[-41.733,-9.04629],[-41.72648,-9.01636],[-41.7176,-9.01228],[-41.68045,-9.01228],[-41.6699,-9.00348],[-41.6694,-8.99008],[-41.629,-8.98489],[-41.6241,-8.98167],[-41.62121,-8.97086],[-41.60993,-8.96727],[-41.60579,-8.9574],[-41.59691,-8.9589],[-41.58969,-8.95512],[-41.57006,-8.95503],[-41.56527,-8.97032],[-41.54452,-8.96055],[-41.54599,-8.95421],[-41.54265,-8.94893],[-41.54485,-8.93795],[-41.53135,-8.9277],[-41.52165,-8.90186],[-41.50744,-8.89244],[-41.51105,-8.87761],[-41.50273,-8.86407],[-41.49454,-8.86113],[-41.48784,-8.8439],[-41.47218,-8.84311],[-41.47151,-8.83845],[-41.43468,-8.7991],[-41.42982,-8.79674],[-41.42427,-8.80256],[-41.4088,-8.77041],[-41.39666,-8.72966],[-41.38125,-8.70727],[-41.35834,-8.70762],[-41.33435,-8.72766],[-41.30993,-8.72613],[-41.29498,-8.73555],[-41.28154,-8.7361],[-41.26998,-8.73101],[-41.26062,-8.72072],[-41.23857,-8.71973],[-41.23984,-8.71086],[-41.22698,-8.7047],[-41.20493,-8.70949],[-41.19756,-8.70652],[-41.18599,-8.71065],[-41.18244,-8.70782],[-41.1764,-8.71119],[-41.17243,-8.70721],[-41.1629,-8.70999],[-41.1329,-8.70432],[-41.11276,-8.70397],[-41.11192,-8.70872],[-41.1232,-8.71871],[-41.12171,-8.72432],[-41.12684,-8.72893],[-41.12899,-8.74339],[-41.12457,-8.75267],[-41.11334,-8.75853],[-41.11582,-8.76487],[-41.11116,-8.77009],[-41.10596,-8.77055],[-41.10176,-8.78196],[-41.08207,-8.78434],[-41.07854,-8.78877],[-41.06668,-8.78105],[-41.0548,-8.78692],[-41.04232,-8.78402],[-41.03623,-8.78588],[-41.02496,-8.80773],[-41.03132,-8.83496],[-41.02124,-8.84356],[-41.00035,-8.8288],[-40.98976,-8.82944],[-40.97909,-8.82342],[-40.96091,-8.83076],[-40.95937,-8.84137],[-40.95486,-8.84388],[-40.94638,-8.845],[-40.92728,-8.83589],[-40.91924,-8.83718],[-40.91498,-8.84952],[-40.90304,-8.85862],[-40.90151,-8.8665],[-40.89685,-8.87005],[-40.89504,-8.88909],[-40.88344,-8.90486],[-40.88123,-8.91563],[-40.86628,-8.92339],[-40.86132,-8.94802],[-40.8516,-8.9525],[-40.85196,-8.98258],[-40.84684,-8.99554],[-40.83501,-9.00869],[-40.83422,-9.02099],[-40.83024,-9.0267],[-40.83221,-9.03116],[-40.82523,-9.03819],[-40.82359,-9.06211],[-40.81915,-9.06909],[-40.82132,-9.07808],[-40.81196,-9.0844],[-40.80982,-9.09228],[-40.8041,-9.09834],[-40.78946,-9.09895],[-40.7861,-9.10519],[-40.77726,-9.10067],[-40.76317,-9.10694],[-40.75678,-9.10498],[-40.75706,-9.11984],[-40.75039,-9.11789],[-40.73254,-9.12401],[-40.70989,-9.14088],[-40.70016,-9.14223],[-40.68509,-9.13761],[-40.67773,-9.15125],[-40.6674,-9.15906],[-40.67209,-9.17239],[-40.67064,-9.18871],[-40.67706,-9.19331],[-40.68198,-9.20474],[-40.6807,-9.2122],[-40.6945,-9.23346],[-40.69101,-9.23406],[-40.68646,-9.24355],[-40.68924,-9.25699],[-40.68009,-9.25921],[-40.68599,-9.27637],[-40.69225,-9.28123],[-40.70759,-9.28535],[-40.70731,-9.29455],[-40.72009,-9.3059],[-40.73944,-9.29659],[-40.74398,-9.30623],[-40.75159,-9.30803],[-40.75642,-9.31503],[-40.74231,-9.32721],[-40.73729,-9.33687],[-40.7414,-9.34678],[-40.7381,-9.35524],[-40.74648,-9.37105],[-40.74254,-9.38332],[-40.74267,-9.40071],[-40.74743,-9.40587],[-40.76498,-9.41322],[-40.7596,-9.42908],[-40.76729,-9.4457],[-40.77675,-9.45445],[-40.74984,-9.44385],[-40.72218,-9.44595],[-40.68132,-9.46722],[-40.62317,-9.4829],[-40.59512,-9.46737],[-40.57486,-9.46741],[-40.55576,-9.45794],[-40.54686,-9.44631],[-40.54082,-9.42404],[-40.52911,-9.4139],[-40.51073,-9.40718],[-40.4972,-9.40857],[-40.47417,-9.42079],[-40.46776,-9.42057],[-40.45382,-9.40352],[-40.4359,-9.36216],[-40.42366,-9.35347],[-40.41165,-9.35417],[-40.39128,-9.37217],[-40.37142,-9.37872],[-40.3564,-9.37699],[-40.33887,-9.35989],[-40.33375,-9.35054],[-40.33734,-9.33507],[-40.33612,-9.32717],[-40.31903,-9.28727],[-40.30779,-9.27132],[-40.30051,-9.23121],[-40.28617,-9.18561],[-40.28732,-9.17108],[-40.29401,-9.15207],[-40.28671,-9.11735],[-40.27319,-9.08242],[-40.25579,-9.06322],[-40.23898,-9.05437],[-40.2236,-9.05667],[-40.20112,-9.06847],[-40.18409,-9.0853],[-40.17414,-9.09056],[-40.165,-9.10649],[-40.14433,-9.10655],[-40.12989,-9.1103],[-40.0774,-9.07823],[-40.06556,-9.06307],[-40.04247,-9.05982],[-40.03572,-9.06239],[-39.99603,-9.06096],[-39.95803,-9.04859],[-39.92724,-9.00913],[-39.91701,-9.00121],[-39.89935,-8.97246],[-39.88882,-8.96584],[-39.87346,-8.93404],[-39.87942,-8.90191],[-39.90294,-8.85874],[-39.90054,-8.84202],[-39.89296,-8.82879],[-39.8629,-8.8195],[-39.82273,-8.81352],[-39.7984,-8.8196],[-39.7888,-8.81911],[-39.74779,-8.79404],[-39.72177,-8.79902],[-39.6932,-8.79868],[-39.67463,-8.78716],[-39.67171,-8.77758],[-39.67812,-8.75696],[-39.67382,-8.74546],[-39.67502,-8.73667],[-39.69304,-8.68051],[-39.69113,-8.66231],[-39.66087,-8.65735],[-39.65236,-8.66035],[-39.62929,-8.65599],[-39.61003,-8.65721],[-39.59523,-8.65121],[-39.5809,-8.64047],[-39.56857,-8.63665],[-39.56452,-8.63029],[-39.55752,-8.62883],[-39.55666,-8.62309],[-39.52621,-8.61253],[-39.51861,-8.60391],[-39.47611,-8.59279],[-39.46125,-8.58204],[-39.45755,-8.56934],[-39.45211,-8.5632],[-39.43549,-8.5633],[-39.42784,-8.55866],[-39.41604,-8.54213],[-39.37979,-8.53282],[-39.36446,-8.53785],[-39.34231,-8.55968],[-39.31246,-8.55831],[-39.29322,-8.56063],[-39.28411,-8.56587],[-39.27516,-8.57683],[-39.2727,-8.59649],[-39.26774,-8.60885],[-39.26341,-8.61522],[-39.24788,-8.625],[-39.24188,-8.63631],[-39.24164,-8.64175],[-39.24666,-8.64759],[-39.2455,-8.66236],[-39.24802,-8.66877],[-39.24549,-8.68411],[-39.23427,-8.70534],[-39.22852,-8.71032],[-39.22224,-8.71167],[-39.21763,-8.70846],[-39.20078,-8.71099],[-39.181,-8.7063],[-39.17405,-8.70134],[-39.16871,-8.6915],[-39.15669,-8.70681],[-39.14395,-8.71252],[-39.10218,-8.72005],[-39.06469,-8.7316],[-39.03758,-8.73469],[-39.01466,-8.75387],[-38.99191,-8.76755],[-38.97743,-8.79309],[-38.96513,-8.79428],[-38.95193,-8.80467],[-38.94369,-8.80424],[-38.92494,-8.79475],[-38.88477,-8.7896],[-38.8681,-8.78387],[-38.80407,-8.78918],[-38.78872,-8.79966],[-38.73968,-8.84485],[-38.7171,-8.85315],[-38.70654,-8.86226],[-38.69607,-8.89053],[-38.6938,-8.93189],[-38.68923,-8.9474],[-38.67252,-8.97398],[-38.65373,-8.9839],[-38.64071,-8.98727],[-38.63068,-8.98517],[-38.6241,-8.98005],[-38.60834,-8.94982],[-38.60759,-8.89326],[-38.60382,-8.88059],[-38.57043,-8.83037],[-38.55507,-8.82336],[-38.54114,-8.82349],[-38.50244,-8.83536],[-38.48081,-8.84933],[-38.4698,-8.86424],[-38.47329,-8.88955],[-38.47932,-8.90174],[-38.49213,-8.9126],[-38.50205,-8.91662],[-38.51335,-8.92787],[-38.51991,-8.94353],[-38.5172,-8.9556],[-38.50351,-8.98141],[-38.48821,-8.99396],[-38.48404,-9.00102],[-38.4491,-9.02636],[-38.4184,-9.03805],[-38.40846,-9.0385],[-38.3859,-9.02483],[-38.35616,-8.99714],[-38.34024,-8.99041],[-38.31918,-8.99206],[-38.31694,-9.00129],[-38.30279,-9.01387],[-38.28888,-9.04034],[-38.28996,-9.04716],[-38.29705,-9.05572],[-38.32104,-9.07003],[-38.32587,-9.07799],[-38.32026,-9.09129],[-38.30752,-9.09453],[-38.30442,-9.09821],[-38.3214,-9.11688],[-38.31949,-9.13823],[-38.2876,-9.17388],[-38.28008,-9.20722],[-38.28751,-9.21713],[-38.25055,-9.29048],[-38.23954,-9.32713],[-38.2236,-9.34691],[-38.20807,-9.36011],[-38.20029,-9.37943],[-38.19448,-9.38493],[-38.19418,-9.39439],[-38.20187,-9.40038],[-38.20476,-9.41867],[-38.1777,-9.42539],[-38.15495,-9.44342],[-38.14193,-9.43776],[-38.11812,-9.44226],[-38.11338,-9.43618],[-38.10894,-9.43562],[-38.07776,-9.44111],[-38.07025,-9.44798],[-38.06785,-9.4585],[-38.05756,-9.4592],[-38.04316,-9.4686],[-38.03611,-9.4658],[-38.02215,-9.46999],[-38.01994,-9.47592],[-38.01093,-9.47873],[-37.99795,-9.49928],[-38.00308,-9.51467],[-38.01418,-9.52783],[-38.01475,-9.53516],[-38.02262,-9.54066],[-38.02387,-9.54849],[-38.01864,-9.55068],[-38.01956,-9.5636],[-38.02641,-9.56784],[-38.02838,-9.57497],[-38.03185,-9.56728],[-38.04133,-9.57236],[-38.03795,-9.58197],[-38.05073,-9.58856],[-38.0591,-9.58619],[-38.06171,-9.59091],[-38.05255,-9.60528],[-38.05587,-9.61424],[-38.05115,-9.62327],[-38.05562,-9.6322],[-38.03719,-9.62805],[-38.0329,-9.63496],[-38.01666,-9.63887],[-38.01728,-9.64311],[-38.00896,-9.64906],[-38.02076,-9.6602],[-38.02709,-9.65573],[-38.03222,-9.66069],[-38.0343,-9.68672],[-38.04127,-9.68683],[-38.04504,-9.69745],[-38.04329,-9.7234],[-38.03974,-9.72663],[-38.04122,-9.73258],[-38.03678,-9.73969],[-38.03862,-9.75009],[-38.03043,-9.76581],[-38.03254,-9.77027],[-38.02875,-9.77589],[-38.02007,-9.77757],[-38.01796,-9.78618],[-38.02162,-9.78798],[-38.01852,-9.80217],[-37.99997,-9.81433],[-37.99832,-9.82609],[-38.00307,-9.8388],[-37.99544,-9.84608],[-38.00226,-9.85707],[-38.01013,-9.85401],[-38.01398,-9.85727],[-38.01044,-9.85865],[-38.00343,-9.87318],[-37.9941,-9.88071],[-37.99212,-9.89431],[-37.99418,-9.90139],[-37.99837,-9.90592],[-38.00168,-9.90362],[-38.0035,-9.90551],[-37.99675,-9.91866],[-37.98859,-9.92032],[-37.98418,-9.91787],[-37.9828,-9.9261],[-37.97542,-9.93673],[-37.96419,-9.93742],[-37.95543,-9.943],[-37.94453,-9.94322],[-37.94073,-9.93853],[-37.93703,-9.93973],[-37.9239,-9.9255],[-37.91871,-9.92442],[-37.91785,-9.91996],[-37.91225,-9.91837],[-37.90763,-9.91088],[-37.90119,-9.92113],[-37.91344,-9.93311],[-37.91279,-9.93713],[-37.89579,-9.94213],[-37.89607,-9.95428],[-37.87577,-9.97309],[-37.8761,-9.97696],[-37.86256,-9.9886],[-37.84724,-9.99428],[-37.84691,-9.99923],[-37.83305,-10.01942],[-37.82481,-10.02346],[-37.82771,-10.02771],[-37.82513,-10.02891],[-37.82597,-10.03658],[-37.8136,-10.03226],[-37.8103,-10.0345],[-37.80751,-10.03042],[-37.79853,-10.03401],[-37.7909,-10.0327],[-37.78264,-10.0436],[-37.78837,-10.07141],[-37.79194,-10.07126],[-37.79456,-10.08722],[-37.80048,-10.09171],[-37.7988,-10.10407],[-37.80201,-10.11245],[-37.77793,-10.13414],[-37.77445,-10.14446],[-37.7828,-10.17665],[-37.78223,-10.18559],[-37.76568,-10.19604],[-37.74709,-10.23807],[-37.76568,-10.25187],[-37.75916,-10.25351],[-37.74886,-10.26432],[-37.75038,-10.2895],[-37.75452,-10.29265],[-37.76866,-10.2892],[-37.74512,-10.31358],[-37.74331,-10.33839],[-37.75692,-10.3431],[-37.76645,-10.34139],[-37.77032,-10.34495],[-37.77868,-10.34319],[-37.78173,-10.34721],[-37.78516,-10.34557],[-37.78769,-10.35611],[-37.79507,-10.35821],[-37.799,-10.36339],[-37.80402,-10.36327],[-37.80763,-10.3675],[-37.81332,-10.36643],[-37.81449,-10.37013],[-37.8217,-10.37224],[-37.82331,-10.37807],[-37.82892,-10.3744],[-37.83415,-10.37964],[-37.83905,-10.37882],[-37.8331,-10.38534],[-37.8411,-10.39016],[-37.84215,-10.39812],[-37.83754,-10.4011],[-37.85311,-10.40628],[-37.85413,-10.40984],[-37.84994,-10.41355],[-37.8528,-10.41675],[-37.85276,-10.42519],[-37.85961,-10.42712],[-37.82099,-10.48364],[-37.81699,-10.50327],[-37.81261,-10.50725],[-37.81682,-10.51262],[-37.8154,-10.51794],[-37.81927,-10.52966],[-37.8227,-10.53136],[-37.81929,-10.53964],[-37.82406,-10.53784],[-37.82923,-10.54065],[-37.82741,-10.54777],[-37.83055,-10.54748],[-37.83185,-10.5515],[-37.83988,-10.54872],[-37.84123,-10.55479],[-37.83257,-10.56111],[-37.83558,-10.56465],[-37.83268,-10.56759],[-37.83508,-10.57061],[-37.83085,-10.57299],[-37.83159,-10.57877],[-37.82588,-10.58095],[-37.83146,-10.58429],[-37.82622,-10.58705],[-37.81784,-10.58577],[-37.81432,-10.596],[-37.80632,-10.60053],[-37.81139,-10.62554],[-37.81672,-10.63138],[-37.80748,-10.63935],[-37.80975,-10.64875],[-37.80299,-10.65216],[-37.81405,-10.66982],[-37.8095,-10.67369],[-37.80863,-10.68763],[-37.8328,-10.68047],[-37.83458,-10.68581],[-37.84635,-10.69438],[-37.84751,-10.69926],[-37.8683,-10.70299],[-37.87307,-10.70077],[-37.87466,-10.70578],[-37.90962,-10.71551],[-37.94548,-10.75652],[-37.95289,-10.7501],[-37.96626,-10.7581],[-37.9768,-10.75793],[-38.02503,-10.72552],[-38.03203,-10.72708],[-38.03188,-10.708],[-38.04084,-10.70431],[-38.04168,-10.70069],[-38.05681,-10.712],[-38.06779,-10.71567],[-38.08325,-10.71226],[-38.10912,-10.71264],[-38.12219,-10.71794],[-38.12669,-10.71586],[-38.12833,-10.72045],[-38.13164,-10.71872],[-38.13281,-10.72087],[-38.16208,-10.71097],[-38.17135,-10.71138],[-38.17647,-10.70546],[-38.18339,-10.70536],[-38.18827,-10.70982],[-38.20272,-10.70954],[-38.20917,-10.71187],[-38.21652,-10.72681],[-38.21281,-10.7346],[-38.21464,-10.74724],[-38.20936,-10.76044],[-38.21566,-10.76825],[-38.21859,-10.7833],[-38.23564,-10.79463],[-38.23834,-10.80018],[-38.2344,-10.81213],[-38.24501,-10.82264],[-38.23927,-10.82638],[-38.2314,-10.84293],[-38.23746,-10.85268],[-38.23604,-10.86352],[-38.23888,-10.86688],[-38.23642,-10.88203],[-38.22958,-10.89446],[-38.22725,-10.91601],[-38.21525,-10.92269],[-38.21096,-10.93121],[-38.20696,-10.92265],[-38.20386,-10.92256],[-38.19908,-10.92807],[-38.20283,-10.93505],[-38.19944,-10.93976],[-38.18062,-10.94277],[-38.17953,-10.94887],[-38.18654,-10.96421],[-38.18019,-10.96812],[-38.18019,-10.97513],[-38.17005,-10.989],[-38.15181,-10.99712],[-38.14934,-11.00203],[-38.14418,-11.00166],[-38.13853,-11.01163],[-38.12991,-11.01891],[-38.12446,-11.01634],[-38.12503,-11.01053],[-38.12055,-11.00711],[-38.10805,-11.01068],[-38.102,-11.01589],[-38.1007,-11.02061],[-38.10602,-11.02591],[-38.10094,-11.03241],[-38.10262,-11.03641],[-38.09813,-11.03869],[-38.10242,-11.04398],[-38.09081,-11.0506],[-38.0916,-11.05764],[-38.08623,-11.05919],[-38.08503,-11.06606],[-38.08096,-11.06404],[-38.07952,-11.07266],[-38.07511,-11.07709],[-38.08049,-11.08219],[-38.08653,-11.0992],[-38.09284,-11.09879],[-38.09328,-11.10397],[-38.08755,-11.10932],[-38.0884,-11.11626],[-38.07463,-11.12054],[-38.06884,-11.11877],[-38.06562,-11.12298],[-38.06659,-11.12946],[-38.06429,-11.13095],[-38.07059,-11.13788],[-38.07122,-11.14355],[-38.06595,-11.14893],[-38.06769,-11.15582],[-38.06134,-11.16106],[-38.05718,-11.17209],[-38.04859,-11.17605],[-38.04688,-11.18164],[-38.04095,-11.17857],[-38.02335,-11.17777],[-38.00295,-11.19382],[-37.99847,-11.19422],[-37.99707,-11.19088],[-37.98721,-11.19603],[-37.98395,-11.1957],[-37.9823,-11.19111],[-37.97375,-11.19369],[-37.97461,-11.19676],[-37.98142,-11.19847],[-37.97837,-11.20484],[-37.98176,-11.20997],[-37.97641,-11.21554],[-37.97746,-11.22159],[-37.99064,-11.22799],[-37.98578,-11.23728],[-37.99372,-11.23964],[-37.99029,-11.24861],[-37.9876,-11.24546],[-37.98364,-11.24829],[-37.99585,-11.25948],[-37.99088,-11.26643],[-37.98626,-11.26717],[-37.98674,-11.2721],[-37.99364,-11.27246],[-37.99221,-11.27883],[-38.00225,-11.28541],[-38.01476,-11.28572],[-38.01072,-11.29525],[-38.00326,-11.29278],[-38.00135,-11.3033],[-37.99531,-11.3121],[-37.99165,-11.31284],[-37.99035,-11.32094],[-37.99861,-11.32217],[-37.98739,-11.33146],[-37.99813,-11.33567],[-37.99991,-11.34025],[-37.99307,-11.34374],[-37.99101,-11.34108],[-37.98633,-11.34201],[-37.97976,-11.35398],[-37.97856,-11.3659],[-37.97471,-11.37183],[-37.96932,-11.37289],[-37.96812,-11.38052],[-37.98146,-11.38594],[-37.97782,-11.39266],[-37.96828,-11.38954],[-37.96481,-11.39264],[-37.96678,-11.40097],[-37.96257,-11.40242],[-37.96062,-11.3971],[-37.9528,-11.39449],[-37.95079,-11.4031],[-37.95583,-11.40728],[-37.94536,-11.41279],[-37.94261,-11.41885],[-37.94563,-11.42303],[-37.94316,-11.42458],[-37.93637,-11.42166],[-37.93561,-11.41304],[-37.92849,-11.40966],[-37.92773,-11.40138],[-37.9154,-11.4031],[-37.91039,-11.41047],[-37.90544,-11.40814],[-37.90631,-11.41978],[-37.90373,-11.42115],[-37.90717,-11.42672],[-37.90065,-11.42862],[-37.8989,-11.43836],[-37.89354,-11.43367],[-37.8904,-11.43674],[-37.88238,-11.4247],[-37.873,-11.42461],[-37.86586,-11.42815],[-37.87383,-11.42799],[-37.88034,-11.43321],[-37.86976,-11.43481],[-37.86759,-11.44246],[-37.8585,-11.44326],[-37.85562,-11.43934],[-37.84811,-11.44303],[-37.85302,-11.45171],[-37.87142,-11.44999],[-37.87646,-11.45239],[-37.89116,-11.47158],[-37.91358,-11.47567],[-37.92231,-11.46978],[-37.9333,-11.45094],[-37.94486,-11.46028],[-37.9569,-11.45078],[-37.97978,-11.45159],[-37.98875,-11.44238],[-37.98909,-11.41859],[-38.01071,-11.41943],[-38.0196,-11.41381],[-38.02172,-11.40075],[-38.01789,-11.39487],[-38.00488,-11.38882],[-38.00324,-11.38007],[-38.01086,-11.37026],[-38.02713,-11.3651],[-38.03128,-11.35483],[-38.03964,-11.35528],[-38.05056,-11.36372],[-38.05787,-11.35805],[-38.05096,-11.35095],[-38.05093,-11.33771],[-38.03802,-11.33811],[-38.03505,-11.33312],[-38.03845,-11.32685],[-38.05548,-11.32347],[-38.06555,-11.30837],[-38.06192,-11.29801],[-38.04821,-11.29845],[-38.04365,-11.29318],[-38.06052,-11.28101],[-38.06746,-11.26254],[-38.06767,-11.25529],[-38.06038,-11.2421],[-38.05957,-11.22277],[-38.06651,-11.21515],[-38.08261,-11.21171],[-38.09082,-11.20629],[-38.09673,-11.18552],[-38.09585,-11.17025],[-38.09945,-11.15867],[-38.11738,-11.14029],[-38.12206,-11.14062],[-38.13041,-11.1562],[-38.14263,-11.16781],[-38.13755,-11.18266],[-38.14413,-11.19443],[-38.14168,-11.19817],[-38.12596,-11.20031],[-38.12608,-11.20769],[-38.13467,-11.21975],[-38.13539,-11.22629],[-38.11953,-11.26039],[-38.13435,-11.28172],[-38.15016,-11.2873],[-38.15702,-11.29311],[-38.15956,-11.30068],[-38.15792,-11.30828],[-38.13765,-11.3219],[-38.12721,-11.33454],[-38.11761,-11.34029],[-38.11062,-11.35086],[-38.09489,-11.35989],[-38.09572,-11.37433],[-38.1031,-11.38467],[-38.10507,-11.39568],[-38.09523,-11.39405],[-38.08955,-11.38203],[-38.08285,-11.37898],[-38.07762,-11.38323],[-38.07424,-11.39208],[-38.06746,-11.39668],[-38.0701,-11.40801],[-38.06242,-11.42114],[-38.05691,-11.42391],[-38.04684,-11.42096],[-38.04032,-11.4237],[-38.04214,-11.42958],[-38.05232,-11.43639],[-38.04389,-11.449],[-38.0538,-11.45805],[-38.02869,-11.47649],[-38.02106,-11.48755],[-38.01947,-11.49546],[-38.02435,-11.51355],[-38.02066,-11.52048],[-38.01335,-11.51992],[-38.00735,-11.51463],[-38.00606,-11.50741],[-38.00984,-11.49184],[-38.00384,-11.48948],[-37.99872,-11.48213],[-37.99197,-11.48486],[-37.98978,-11.49168],[-37.99154,-11.51418],[-37.99765,-11.53176],[-37.99599,-11.53979],[-38.00353,-11.5461],[-38.00264,-11.55827],[-37.99023,-11.55597],[-37.97951,-11.54471],[-37.97286,-11.55762],[-37.96776,-11.56022],[-37.94795,-11.56576],[-37.94108,-11.56155],[-37.9332,-11.56162],[-37.9267,-11.57284],[-37.93207,-11.59316],[-37.94215,-11.59752],[-37.94631,-11.60547],[-37.96097,-11.60229],[-37.97086,-11.60449],[-37.97656,-11.62258],[-37.97378,-11.6423],[-37.9815,-11.65407],[-37.99342,-11.65158],[-38.00722,-11.65521],[-38.02171,-11.64817],[-38.0371,-11.65625],[-38.04144,-11.65175],[-38.03745,-11.64184],[-38.03897,-11.63817],[-38.0731,-11.63073],[-38.07962,-11.6406],[-38.0863,-11.66302],[-38.0961,-11.67608],[-38.10677,-11.67127],[-38.11433,-11.65314],[-38.12225,-11.6508],[-38.13871,-11.65396],[-38.15835,-11.68147],[-38.17505,-11.69455],[-38.19551,-11.69778],[-38.21552,-11.71579],[-38.2455,-11.72209],[-38.25654,-11.73139],[-38.26999,-11.73694],[-38.26988,-11.74409],[-38.25599,-11.74631],[-38.25405,-11.75157],[-38.28453,-11.76856],[-38.28385,-11.78185],[-38.29188,-11.79205],[-38.30181,-11.79731],[-38.32412,-11.78472],[-38.33505,-11.78762],[-38.33555,-11.79612],[-38.32235,-11.8064],[-38.32702,-11.83094],[-38.30786,-11.85585],[-38.30874,-11.86628],[-38.3169,-11.87255],[-38.32194,-11.87021],[-38.32841,-11.85633],[-38.3366,-11.83268],[-38.33795,-11.81529],[-38.34439,-11.80734],[-38.37396,-11.79383],[-38.40457,-11.79923],[-38.41594,-11.80815],[-38.42663,-11.82662],[-38.44049,-11.83514],[-38.47704,-11.81765],[-38.49523,-11.81771],[-38.51949,-11.79905],[-38.52754,-11.77724],[-38.53478,-11.77355],[-38.54966,-11.77338],[-38.55595,-11.76518],[-38.56146,-11.74787],[-38.59224,-11.73608],[-38.60778,-11.71581],[-38.63267,-11.71207],[-38.65126,-11.70225],[-38.68418,-11.70419],[-38.71992,-11.71433],[-38.72885,-11.72059],[-38.74206,-11.73939],[-38.74651,-11.7598],[-38.75147,-11.76827],[-38.77172,-11.78949],[-38.79132,-11.79605],[-38.79651,-11.80067],[-38.79779,-11.82307],[-38.80558,-11.83639],[-38.82222,-11.84128],[-38.83008,-11.84],[-38.84987,-11.80996],[-38.85788,-11.81062],[-38.85832,-11.82013],[-38.84969,-11.83135],[-38.84535,-11.85005],[-38.82817,-11.85095],[-38.82132,-11.8567],[-38.82002,-11.87829],[-38.79876,-11.90609],[-38.80127,-11.9284],[-38.79224,-11.95307],[-38.80209,-11.98492],[-38.79955,-12.00034],[-38.80583,-12.05455],[-38.79169,-12.0728],[-38.78773,-12.08666],[-38.78983,-12.09453],[-38.80101,-12.10444],[-38.80825,-12.11701],[-38.79637,-12.1273],[-38.79789,-12.13894],[-38.7947,-12.14932],[-38.81189,-12.18501],[-38.83816,-12.19019],[-38.85301,-12.20839],[-38.8541,-12.21889],[-38.83593,-12.2372],[-38.83679,-12.24839],[-38.83369,-12.25813],[-38.83861,-12.2752],[-38.85062,-12.28152],[-38.8638,-12.27933],[-38.86719,-12.28603],[-38.85846,-12.29842],[-38.86365,-12.30557],[-38.86142,-12.31479],[-38.84492,-12.3198],[-38.84906,-12.32876],[-38.8443,-12.33913],[-38.83175,-12.34401],[-38.82664,-12.35503],[-38.81547,-12.35782],[-38.81664,-12.36436],[-38.82314,-12.37176],[-38.81897,-12.3904],[-38.82724,-12.39428],[-38.835,-12.40474],[-38.84536,-12.4009],[-38.85367,-12.40283],[-38.86726,-12.39404],[-38.87309,-12.39372],[-38.87729,-12.40288],[-38.89001,-12.40579],[-38.89713,-12.42643],[-38.91282,-12.43239],[-38.92054,-12.44334],[-38.93009,-12.44506],[-38.95029,-12.45923],[-38.98043,-12.45148],[-38.99347,-12.45485],[-38.99667,-12.45127],[-38.99395,-12.44481],[-38.97744,-12.43225],[-38.97355,-12.4025],[-38.96966,-12.40088],[-38.96098,-12.40445],[-38.95718,-12.40045],[-38.95916,-12.37791],[-38.96594,-12.37419],[-38.98355,-12.34582],[-38.98134,-12.34168],[-38.96967,-12.34182],[-38.96534,-12.33755],[-38.96264,-12.32548],[-38.9702,-12.30853],[-38.96517,-12.29956],[-38.96735,-12.28732],[-38.95994,-12.2803],[-38.95926,-12.2683],[-38.96814,-12.25088],[-38.97718,-12.24446],[-38.98188,-12.23071],[-39.00083,-12.22005],[-38.99811,-12.20753],[-39.00985,-12.20769],[-39.01373,-12.18116],[-39.03398,-12.17212],[-39.04122,-12.15414],[-39.03484,-12.13005],[-39.01736,-12.0976],[-39.01777,-12.07199],[-39.023,-12.06259],[-39.0184,-12.041],[-39.00491,-12.03079],[-39.00475,-12.02248],[-38.99988,-12.01764],[-39.00081,-12.00935],[-38.98835,-11.99931],[-38.99573,-11.97627],[-39.00828,-11.96401],[-39.02376,-11.95833],[-39.03345,-11.95004],[-39.04732,-11.94642],[-39.05594,-11.93923],[-39.05967,-11.92469],[-39.05368,-11.89022],[-39.06408,-11.87805],[-39.06806,-11.86812],[-39.0761,-11.8667],[-39.08418,-11.8759],[-39.08196,-11.89339],[-39.08805,-11.9],[-39.09012,-11.90765],[-39.08371,-11.92274],[-39.09585,-11.94205],[-39.0907,-11.95334],[-39.09137,-11.96233],[-39.0976,-11.96731],[-39.10861,-11.96778],[-39.11937,-11.97912],[-39.12981,-11.97715],[-39.14142,-11.98549],[-39.15501,-11.9697],[-39.17354,-11.97325],[-39.19055,-11.96575],[-39.21838,-11.96982],[-39.22512,-11.96635],[-39.22974,-11.9552],[-39.23693,-11.95286],[-39.26152,-11.95906],[-39.29999,-11.97753],[-39.318,-11.97981],[-39.32816,-11.96509],[-39.33423,-11.96162],[-39.34934,-11.9597],[-39.36849,-11.96508],[-39.38743,-11.96377],[-39.39262,-11.9585],[-39.39767,-11.94405],[-39.41477,-11.93469],[-39.42387,-11.93817],[-39.42782,-11.94944],[-39.43693,-11.95987],[-39.46337,-11.93676],[-39.46562,-11.91722],[-39.48595,-11.92258],[-39.49187,-11.9322],[-39.4943,-11.94765],[-39.48749,-12.00056],[-39.46221,-12.00735],[-39.44119,-12.03322],[-39.41996,-12.04394],[-39.41234,-12.05107],[-39.38847,-12.05596],[-39.38261,-12.06859],[-39.33704,-12.0759],[-39.32078,-12.06729],[-39.30885,-12.07621],[-39.31074,-12.08119],[-39.32276,-12.08187],[-39.32869,-12.0853],[-39.34945,-12.10014],[-39.35797,-12.11032],[-39.37714,-12.11516],[-39.37868,-12.12885],[-39.38408,-12.13859],[-39.38021,-12.15186],[-39.40226,-12.1685],[-39.40326,-12.1721],[-39.39395,-12.17555],[-39.36227,-12.16889],[-39.35633,-12.17051],[-39.35523,-12.17443],[-39.36393,-12.19332],[-39.35873,-12.1957],[-39.34432,-12.19432],[-39.34117,-12.19854],[-39.35348,-12.20936],[-39.35473,-12.22519],[-39.33666,-12.23244],[-39.33038,-12.24708],[-39.31719,-12.25637],[-39.31235,-12.2697],[-39.3026,-12.27606],[-39.30325,-12.28421],[-39.31215,-12.2867],[-39.31191,-12.2971],[-39.306,-12.30369],[-39.29621,-12.30235],[-39.29416,-12.3103],[-39.28812,-12.3156],[-39.28831,-12.32869],[-39.27997,-12.33242],[-39.27712,-12.34196],[-39.28172,-12.34957],[-39.2756,-12.36538],[-39.26162,-12.37172],[-39.23039,-12.3984],[-39.23005,-12.40416],[-39.23641,-12.41473],[-39.23553,-12.42169],[-39.2255,-12.42747],[-39.22152,-12.43634],[-39.20934,-12.44133],[-39.20446,-12.4316],[-39.19844,-12.43081],[-39.18651,-12.43486],[-39.18741,-12.44374],[-39.21415,-12.46688],[-39.21706,-12.47505],[-39.22683,-12.47538],[-39.22848,-12.49131],[-39.24222,-12.50506],[-39.25594,-12.50668],[-39.26868,-12.49591],[-39.28334,-12.48989],[-39.29442,-12.48954],[-39.32628,-12.49681],[-39.33578,-12.5033],[-39.35415,-12.5087],[-39.36621,-12.52691],[-39.37831,-12.52491],[-39.38779,-12.53482],[-39.39702,-12.53137],[-39.40725,-12.5333],[-39.41773,-12.54252],[-39.41507,-12.54848],[-39.40579,-12.55098],[-39.39632,-12.54376],[-39.38875,-12.55076],[-39.37434,-12.55448],[-39.37228,-12.55949],[-39.37513,-12.56435],[-39.3872,-12.57033],[-39.39887,-12.56883],[-39.41527,-12.5765],[-39.41309,-12.58534],[-39.41825,-12.5916],[-39.41373,-12.60488],[-39.42242,-12.61527],[-39.47277,-12.61424],[-39.48963,-12.60808],[-39.50128,-12.59838],[-39.52122,-12.59487],[-39.53011,-12.59459],[-39.54186,-12.60017],[-39.54574,-12.61557],[-39.55669,-12.63012],[-39.56721,-12.63504],[-39.57028,-12.64649],[-39.56479,-12.65393],[-39.55105,-12.65729],[-39.54004,-12.67508],[-39.52973,-12.67476],[-39.53255,-12.70097],[-39.50611,-12.73171],[-39.51121,-12.75221],[-39.51768,-12.76035],[-39.51232,-12.76928],[-39.51542,-12.78217],[-39.5256,-12.79193],[-39.53829,-12.79013],[-39.54407,-12.7923],[-39.54349,-12.8052],[-39.5588,-12.80785],[-39.56022,-12.82848],[-39.56689,-12.83039],[-39.57016,-12.83687],[-39.57566,-12.83965],[-39.58664,-12.83973],[-39.59085,-12.85577],[-39.59725,-12.86149],[-39.64454,-12.84834],[-39.67677,-12.83383],[-39.68387,-12.83439],[-39.68858,-12.84827],[-39.67637,-12.86041],[-39.66707,-12.86135],[-39.66755,-12.86877],[-39.66334,-12.87456],[-39.67334,-12.88703],[-39.67255,-12.89876],[-39.68327,-12.90453],[-39.67888,-12.91483],[-39.68736,-12.92789],[-39.69028,-12.94649],[-39.70446,-12.95964],[-39.71291,-12.95743],[-39.72237,-12.96144],[-39.74031,-12.94558],[-39.75314,-12.94369],[-39.75794,-12.95221],[-39.75927,-12.96859],[-39.7443,-12.9755],[-39.74261,-12.9799],[-39.76284,-12.99544],[-39.79499,-12.99638],[-39.80676,-12.99101],[-39.81986,-12.99631],[-39.83703,-12.99273],[-39.84465,-12.99507],[-39.84933,-13.00397],[-39.84203,-13.01151],[-39.84798,-13.01922],[-39.83688,-13.03346],[-39.84954,-13.04534],[-39.85679,-13.04489],[-39.86793,-13.05189],[-39.87942,-13.03108],[-39.88631,-13.02689],[-39.89312,-13.0314],[-39.90572,-13.05931],[-39.91291,-13.06403],[-39.91877,-13.064],[-39.9436,-13.05041],[-39.949,-13.05218],[-39.94944,-13.05897],[-39.95271,-13.06137],[-39.96343,-13.05442],[-39.97193,-13.06136],[-39.99641,-13.05959],[-40.019,-13.05372],[-40.06184,-13.07188],[-40.06867,-13.08335],[-40.06045,-13.10556],[-40.06838,-13.12289],[-40.05931,-13.14462],[-40.0647,-13.16716],[-40.05933,-13.1784],[-40.05222,-13.18085],[-40.0436,-13.17932],[-40.04199,-13.18501],[-40.04836,-13.18855],[-40.08275,-13.18671],[-40.09435,-13.19219],[-40.10975,-13.1941],[-40.11024,-13.2005],[-40.10233,-13.21434],[-40.101,-13.24234],[-40.11433,-13.26745],[-40.12232,-13.27116],[-40.13212,-13.26846],[-40.14764,-13.25783],[-40.15818,-13.25961],[-40.166,-13.2667],[-40.16871,-13.27289],[-40.16705,-13.28123],[-40.16054,-13.28524],[-40.15739,-13.2949],[-40.16146,-13.30819],[-40.16793,-13.31487],[-40.18278,-13.31593],[-40.19944,-13.30445],[-40.22375,-13.30316],[-40.24446,-13.2911],[-40.25489,-13.28888],[-40.26564,-13.29523],[-40.28079,-13.32033],[-40.28683,-13.32507],[-40.29936,-13.32403],[-40.32273,-13.31259],[-40.33639,-13.30959],[-40.34538,-13.30328],[-40.35169,-13.30366],[-40.36038,-13.29771],[-40.37154,-13.30885],[-40.38348,-13.31149],[-40.38363,-13.31545],[-40.37733,-13.32203],[-40.37966,-13.32996],[-40.39672,-13.324],[-40.40271,-13.32993],[-40.41305,-13.33297],[-40.42312,-13.32477],[-40.41965,-13.31762],[-40.42104,-13.3141],[-40.44201,-13.31205],[-40.45456,-13.30294],[-40.46102,-13.31266],[-40.46075,-13.3229],[-40.4649,-13.33223],[-40.48385,-13.34141],[-40.49368,-13.33971],[-40.49338,-13.33182],[-40.49667,-13.32815],[-40.51445,-13.33708],[-40.52372,-13.33253],[-40.52644,-13.34341],[-40.5319,-13.34933],[-40.53657,-13.3508],[-40.54334,-13.34719],[-40.54976,-13.3497],[-40.5577,-13.37313],[-40.56673,-13.37896],[-40.56277,-13.38579],[-40.56446,-13.39432],[-40.55342,-13.40431],[-40.55348,-13.41421],[-40.56534,-13.41964],[-40.55324,-13.47726],[-40.55356,-13.4894],[-40.54771,-13.49004],[-40.54194,-13.48381],[-40.53746,-13.47028],[-40.52148,-13.46932],[-40.52007,-13.45855],[-40.52826,-13.44218],[-40.52379,-13.43758],[-40.51331,-13.43961],[-40.50668,-13.45548],[-40.49949,-13.46142],[-40.48309,-13.46432],[-40.4693,-13.4713],[-40.46865,-13.47551],[-40.47658,-13.48086],[-40.48039,-13.49064],[-40.48824,-13.49873],[-40.48536,-13.51219],[-40.49016,-13.52275],[-40.49092,-13.53749],[-40.48475,-13.54711],[-40.46618,-13.55304],[-40.4552,-13.56654],[-40.45388,-13.57807],[-40.45851,-13.58509],[-40.45318,-13.59506],[-40.44095,-13.59423],[-40.43383,-13.59013],[-40.42799,-13.59946],[-40.41593,-13.60561],[-40.41465,-13.61257],[-40.42119,-13.62694],[-40.41647,-13.63864],[-40.41908,-13.64531],[-40.41653,-13.65118],[-40.41154,-13.65557],[-40.39533,-13.65117],[-40.37897,-13.657],[-40.3616,-13.65596],[-40.36039,-13.66624],[-40.35239,-13.67102],[-40.3503,-13.67768],[-40.34186,-13.67659],[-40.32608,-13.6851],[-40.32727,-13.68951],[-40.33476,-13.69158],[-40.33913,-13.70169],[-40.30474,-13.71656],[-40.29931,-13.72682],[-40.29106,-13.72602],[-40.28502,-13.71988],[-40.27876,-13.71884],[-40.25779,-13.72787],[-40.24176,-13.72607],[-40.23215,-13.74434],[-40.21651,-13.75035],[-40.18465,-13.75103],[-40.16628,-13.74395],[-40.15932,-13.75332],[-40.15031,-13.75245],[-40.13096,-13.75911],[-40.12766,-13.7516],[-40.11646,-13.74337],[-40.12574,-13.73105],[-40.12486,-13.72418],[-40.13084,-13.71805],[-40.12835,-13.71124],[-40.13575,-13.70108],[-40.12745,-13.69169],[-40.12139,-13.68956],[-40.11291,-13.67147],[-40.11237,-13.66334],[-40.1184,-13.65274],[-40.11362,-13.64107],[-40.11498,-13.62595],[-40.10634,-13.61428],[-40.09918,-13.61455],[-40.09635,-13.61854],[-40.09974,-13.62664],[-40.09692,-13.63349],[-40.10545,-13.64648],[-40.09679,-13.66702],[-40.09698,-13.68558],[-40.08952,-13.68632],[-40.08152,-13.67953],[-40.07468,-13.67978],[-40.06791,-13.6743],[-40.05557,-13.67427],[-40.05224,-13.67826],[-40.05901,-13.70212],[-40.0724,-13.71483],[-40.08405,-13.73703],[-40.07969,-13.75377],[-40.05448,-13.76193],[-40.04571,-13.76918],[-40.04692,-13.7731],[-40.05338,-13.77567],[-40.06089,-13.78846],[-40.05892,-13.80237],[-40.06282,-13.81066],[-40.06059,-13.81706],[-40.05592,-13.81923],[-40.0429,-13.8124],[-40.0384,-13.81544],[-40.05296,-13.83607],[-40.05232,-13.84257],[-40.0477,-13.84604],[-40.03591,-13.84291],[-40.03205,-13.84827],[-40.02039,-13.85142],[-40.01659,-13.85739],[-40.02378,-13.86724],[-40.03247,-13.89862],[-40.03231,-13.91349],[-40.02382,-13.925],[-40.02453,-13.94718],[-40.03385,-13.97756],[-40.04803,-13.99234],[-40.05196,-14.01855],[-40.06295,-14.02804],[-40.06846,-14.04694],[-40.08784,-14.06993],[-40.09382,-14.08894],[-40.11414,-14.10304],[-40.13264,-14.09508],[-40.13869,-14.09753],[-40.14835,-14.11211],[-40.15987,-14.11996],[-40.1704,-14.15809],[-40.1825,-14.16816],[-40.18871,-14.17804],[-40.19849,-14.23409],[-40.20778,-14.24878],[-40.21396,-14.25134],[-40.21666,-14.25847],[-40.21091,-14.28779],[-40.21325,-14.31235],[-40.23006,-14.34205],[-40.23193,-14.35201],[-40.23407,-14.37172],[-40.22758,-14.38701],[-40.21435,-14.3974],[-40.21469,-14.40506],[-40.22074,-14.41081],[-40.21207,-14.43231],[-40.21927,-14.44963],[-40.23112,-14.4557],[-40.22615,-14.46453],[-40.23216,-14.48722],[-40.24021,-14.49067],[-40.25371,-14.48743],[-40.26025,-14.49115],[-40.2664,-14.48442],[-40.27455,-14.4821],[-40.28071,-14.48722],[-40.28807,-14.48825],[-40.29541,-14.50789],[-40.30395,-14.51515],[-40.31298,-14.53097],[-40.32621,-14.54145],[-40.33323,-14.56583],[-40.35543,-14.57879],[-40.36853,-14.60703],[-40.37846,-14.6082],[-40.38669,-14.60337],[-40.40215,-14.60517],[-40.4234,-14.60032],[-40.43027,-14.60966],[-40.44467,-14.61321],[-40.46157,-14.6297],[-40.46526,-14.64884],[-40.46962,-14.65368],[-40.48157,-14.65511],[-40.51139,-14.66969],[-40.53038,-14.66629],[-40.5349,-14.65493],[-40.54845,-14.64469],[-40.55406,-14.65515],[-40.57368,-14.65047],[-40.58331,-14.65683],[-40.59164,-14.66966],[-40.5985,-14.674],[-40.61076,-14.67416],[-40.62257,-14.66999],[-40.63094,-14.67148],[-40.64724,-14.68411],[-40.65548,-14.68331],[-40.67474,-14.69927],[-40.69525,-14.69658],[-40.70844,-14.68739],[-40.71943,-14.6875],[-40.72398,-14.68074],[-40.72972,-14.67927],[-40.73721,-14.68037],[-40.74895,-14.69733],[-40.77334,-14.70004],[-40.78167,-14.70464],[-40.79151,-14.69726],[-40.8079,-14.69308],[-40.81371,-14.68676],[-40.82114,-14.65336],[-40.83698,-14.63313],[-40.84949,-14.62544],[-40.84671,-14.60617],[-40.84933,-14.59391],[-40.85609,-14.58933],[-40.86836,-14.58969],[-40.87454,-14.58331],[-40.87949,-14.58425],[-40.88671,-14.59032],[-40.89483,-14.60571],[-40.90727,-14.6073],[-40.90852,-14.61402],[-40.90293,-14.61806],[-40.88111,-14.61506],[-40.8843,-14.63593],[-40.87875,-14.65479],[-40.86271,-14.66403],[-40.84633,-14.68373],[-40.83525,-14.68791],[-40.8318,-14.69752],[-40.84085,-14.70777],[-40.85563,-14.71453],[-40.8586,-14.72714],[-40.86552,-14.73856],[-40.88663,-14.7514],[-40.88935,-14.7711],[-40.88397,-14.78133],[-40.88314,-14.79109],[-40.88721,-14.80662],[-40.90002,-14.81005],[-40.91524,-14.80483],[-40.92177,-14.80875],[-40.9191,-14.81521],[-40.90876,-14.81866],[-40.91475,-14.83476],[-40.93126,-14.83495],[-40.96502,-14.81534],[-40.96655,-14.80954],[-40.95738,-14.80685],[-40.95485,-14.80261],[-40.95769,-14.79575],[-40.97109,-14.78306],[-40.97825,-14.78317],[-40.98017,-14.79171],[-40.98844,-14.79167],[-40.99333,-14.79768],[-41.01095,-14.80013],[-41.01705,-14.80874],[-41.01684,-14.81258],[-41.00802,-14.81868],[-41.00485,-14.82493],[-40.99943,-14.82811],[-40.99161,-14.82627],[-40.98797,-14.83128],[-40.98671,-14.83828],[-40.99219,-14.85424],[-40.99975,-14.86873],[-41.00647,-14.87376],[-41.00136,-14.88234],[-40.98987,-14.88826],[-40.98791,-14.89223],[-40.99965,-14.90672],[-41.00639,-14.92572],[-40.9944,-14.94183],[-40.99036,-14.94127],[-40.98671,-14.93483],[-40.98063,-14.93671],[-40.97845,-14.95148],[-40.98073,-14.95842],[-40.98688,-14.96099],[-40.99234,-14.95894],[-41.00025,-14.96093],[-41.01049,-14.95593],[-41.02295,-14.95836],[-41.03105,-14.95265],[-41.04261,-14.98094],[-41.05758,-14.98396],[-41.06773,-14.98088],[-41.07696,-14.98666],[-41.08631,-14.9826],[-41.09443,-14.98817],[-41.10037,-14.98848],[-41.10372,-14.98543],[-41.1015,-14.97594],[-41.10853,-14.97386],[-41.11357,-14.98559],[-41.12293,-14.98999],[-41.12805,-14.99705],[-41.13678,-14.99215],[-41.15294,-14.9959],[-41.15918,-14.99398],[-41.15861,-14.98532],[-41.16367,-14.97216],[-41.1759,-14.97814],[-41.18348,-14.97463],[-41.19537,-14.97737],[-41.1987,-14.98788],[-41.21049,-14.9928],[-41.21281,-15.00558],[-41.23418,-15.01075],[-41.23863,-15.01743],[-41.24993,-15.01773],[-41.26467,-15.02661],[-41.27456,-15.02503],[-41.28016,-15.0277],[-41.28801,-15.02388],[-41.29693,-15.02534],[-41.30468,-15.02039],[-41.30722,-15.02329],[-41.30656,-15.03972],[-41.29174,-15.05526],[-41.29358,-15.07057],[-41.30461,-15.08057],[-41.30196,-15.08809],[-41.30381,-15.09497],[-41.31571,-15.09923],[-41.32918,-15.11674],[-41.35425,-15.11271],[-41.35767,-15.11977],[-41.36533,-15.12534],[-41.37342,-15.12565],[-41.37518,-15.11708],[-41.38411,-15.11254],[-41.3873,-15.11912],[-41.38486,-15.12987],[-41.38743,-15.13426],[-41.40227,-15.13485],[-41.40801,-15.14098],[-41.41911,-15.13963],[-41.42609,-15.14304],[-41.43321,-15.13982],[-41.43419,-15.13372],[-41.44244,-15.12254],[-41.43032,-15.11069],[-41.43064,-15.10302],[-41.4373,-15.09524],[-41.44843,-15.09686],[-41.45109,-15.0869],[-41.46489,-15.0832],[-41.46551,-15.072],[-41.47559,-15.06581],[-41.49741,-15.0648],[-41.50884,-15.06906],[-41.54056,-15.05718],[-41.57418,-15.02825],[-41.58445,-15.01047],[-41.58923,-15.0131],[-41.59208,-15.02352],[-41.60509,-15.01769],[-41.61615,-15.01994],[-41.66031,-15.06247],[-41.67683,-15.07009],[-41.68959,-15.07242],[-41.73881,-15.0517],[-41.74312,-15.04564],[-41.73604,-15.03845],[-41.74274,-15.03533],[-41.75266,-15.03705],[-41.75762,-15.04128],[-41.75459,-15.05775],[-41.76519,-15.06782],[-41.77342,-15.08835],[-41.79018,-15.08897],[-41.79692,-15.08447],[-41.78858,-15.07413],[-41.77459,-15.06749],[-41.77348,-15.06068],[-41.7975,-15.06235],[-41.80992,-15.05648],[-41.81332,-15.06039],[-41.80791,-15.06846],[-41.80714,-15.07822],[-41.81544,-15.08159],[-41.8211,-15.09001],[-41.82975,-15.09095],[-41.83461,-15.08226],[-41.82442,-15.0655],[-41.84027,-15.05265],[-41.83079,-15.03735],[-41.81602,-15.03981],[-41.81242,-15.03662],[-41.81529,-15.02668],[-41.82306,-15.02666],[-41.82557,-15.02362],[-41.82287,-15.01194],[-41.81047,-15.00427],[-41.81027,-14.99431],[-41.8175,-14.99171],[-41.82602,-14.995],[-41.83964,-15.01422],[-41.84864,-15.02071],[-41.85229,-15.03177],[-41.86103,-15.03969],[-41.86657,-15.0512],[-41.88413,-15.05985],[-41.87577,-15.06846],[-41.87532,-15.08173],[-41.85967,-15.07635],[-41.85533,-15.07859],[-41.85083,-15.08907],[-41.85349,-15.09389],[-41.86447,-15.09062],[-41.8912,-15.10531],[-41.89624,-15.09874],[-41.90767,-15.09823],[-41.91497,-15.09157],[-41.91833,-15.10126],[-41.91202,-15.10821],[-41.91637,-15.11564],[-41.93189,-15.11359],[-41.93554,-15.10772],[-41.94115,-15.1062],[-41.94914,-15.11469],[-41.9461,-15.11974],[-41.93552,-15.12458],[-41.93584,-15.13008],[-41.94771,-15.13997],[-41.95517,-15.13368],[-41.9628,-15.13431],[-41.98349,-15.15777],[-41.99292,-15.1536],[-41.99663,-15.15889],[-42.03832,-15.16892],[-42.07774,-15.15107],[-42.08899,-15.15539],[-42.08725,-15.16917],[-42.09257,-15.17267],[-42.10299,-15.16438],[-42.11653,-15.13345],[-42.1223,-15.13161],[-42.12524,-15.13533],[-42.14499,-15.12495],[-42.15066,-15.11246],[-42.14871,-15.09865],[-42.15815,-15.09509],[-42.1626,-15.09849],[-42.17332,-15.08595],[-42.1798,-15.08783],[-42.18296,-15.09965],[-42.1926,-15.10312],[-42.20282,-15.10008],[-42.21538,-15.10433],[-42.22194,-15.09707],[-42.23095,-15.10255],[-42.25202,-15.09552],[-42.26098,-15.1033],[-42.27176,-15.10688],[-42.28464,-15.09613],[-42.28677,-15.08528],[-42.28091,-15.07603],[-42.29076,-15.06069],[-42.2935,-15.04914],[-42.29803,-15.05133],[-42.3014,-15.07548],[-42.30865,-15.08255],[-42.32015,-15.07348],[-42.3165,-15.06418],[-42.32628,-15.05257],[-42.34504,-15.05292],[-42.3443,-15.06348],[-42.3508,-15.07691],[-42.35681,-15.07493],[-42.35988,-15.06093],[-42.37101,-15.05135],[-42.37483,-15.05273],[-42.37439,-15.06071],[-42.37966,-15.06484],[-42.38628,-15.06263],[-42.39294,-15.05256],[-42.40183,-15.05298],[-42.41043,-15.05904],[-42.42828,-15.05635],[-42.4339,-15.04743],[-42.43306,-15.04358],[-42.42142,-15.04568],[-42.41516,-15.04149],[-42.42731,-15.02902],[-42.42522,-15.01689],[-42.43141,-15.00433],[-42.45555,-15.00427],[-42.46369,-14.99476],[-42.4765,-14.9961],[-42.48572,-14.98505],[-42.49776,-14.97698],[-42.50135,-14.97861],[-42.50607,-14.98967],[-42.5133,-14.98378],[-42.52174,-14.98307],[-42.53164,-14.97749],[-42.53488,-14.96659],[-42.55433,-14.9593],[-42.56069,-14.9623],[-42.57519,-14.94573],[-42.57752,-14.93889],[-42.58641,-14.93502],[-42.55754,-14.86492],[-42.54433,-14.8485],[-42.52185,-14.83648],[-42.51091,-14.82222],[-42.5335,-14.80549],[-42.53439,-14.79874],[-42.54351,-14.7879],[-42.5597,-14.78642],[-42.559,-14.78173],[-42.55024,-14.77733],[-42.54745,-14.76743],[-42.54256,-14.76292],[-42.54401,-14.74859],[-42.54865,-14.74672],[-42.55898,-14.75263],[-42.56685,-14.75106],[-42.57001,-14.74615],[-42.562,-14.7336],[-42.5487,-14.73495],[-42.54498,-14.72621],[-42.53822,-14.72319],[-42.53724,-14.71652],[-42.5425,-14.70954],[-42.53311,-14.70461],[-42.53211,-14.70116],[-42.54147,-14.69331],[-42.54843,-14.69248],[-42.54959,-14.68674],[-42.53519,-14.67864],[-42.53333,-14.66869],[-42.52769,-14.66623],[-42.51642,-14.65271],[-42.51996,-14.63431],[-42.53068,-14.6372],[-42.53775,-14.62857],[-42.53049,-14.59051],[-42.53181,-14.55587],[-42.5278,-14.53367],[-42.52957,-14.51757],[-42.54022,-14.48536],[-42.53831,-14.479],[-42.5297,-14.47626],[-42.52942,-14.46947],[-42.5237,-14.46363],[-42.52705,-14.44879],[-42.50898,-14.43339],[-42.51566,-14.42332],[-42.51242,-14.4167],[-42.51311,-14.40876],[-42.52507,-14.40667],[-42.52324,-14.3987],[-42.52554,-14.39439],[-42.54595,-14.39716],[-42.55226,-14.39478],[-42.55743,-14.37954],[-42.5567,-14.37286],[-42.54797,-14.36848],[-42.54642,-14.36148],[-42.53933,-14.35282],[-42.53043,-14.35379],[-42.52607,-14.34787],[-42.52556,-14.33872],[-42.5361,-14.32368],[-42.53981,-14.30592],[-42.53521,-14.29877],[-42.52443,-14.29311],[-42.52693,-14.27667],[-42.52126,-14.26539],[-42.5192,-14.2487],[-42.50709,-14.24094],[-42.5073,-14.22771],[-42.5013,-14.21991],[-42.50187,-14.20517],[-42.49314,-14.20363],[-42.48473,-14.19651],[-42.48166,-14.17384],[-42.48502,-14.15462],[-42.47976,-14.14556],[-42.47177,-14.14111],[-42.46989,-14.12792],[-42.46407,-14.12352],[-42.46184,-14.11595],[-42.46408,-14.10199],[-42.47149,-14.09549],[-42.50186,-14.08993],[-42.50677,-14.07135],[-42.51702,-14.0626],[-42.51401,-14.05491],[-42.51834,-14.03852],[-42.51441,-14.02313],[-42.50682,-14.01334],[-42.4953,-14.01796],[-42.49178,-14.02394],[-42.48368,-14.02301],[-42.47436,-14.02958],[-42.4622,-14.02215],[-42.44681,-14.0357],[-42.43774,-14.02779],[-42.42591,-14.03969],[-42.41975,-14.03299],[-42.40959,-14.03609],[-42.40552,-14.02219],[-42.39168,-14.01154],[-42.38851,-14.01505],[-42.39321,-14.03459],[-42.3845,-14.03852],[-42.3815,-14.03045],[-42.37503,-14.02744],[-42.36791,-14.00849],[-42.35589,-13.99825],[-42.35922,-13.98861],[-42.3578,-13.98285],[-42.35212,-13.98031],[-42.34859,-13.97317],[-42.33992,-13.97044],[-42.33178,-13.95954],[-42.31724,-13.95561],[-42.30971,-13.94706],[-42.30519,-13.93397],[-42.3102,-13.92447],[-42.30835,-13.91539],[-42.30062,-13.90936],[-42.29316,-13.91029],[-42.28729,-13.90425],[-42.28474,-13.89822],[-42.28976,-13.88635],[-42.28475,-13.88025],[-42.27811,-13.87812],[-42.27553,-13.87282],[-42.27808,-13.86922],[-42.29736,-13.86773],[-42.29133,-13.85366],[-42.29408,-13.84714],[-42.3017,-13.848],[-42.31409,-13.85629],[-42.31787,-13.85505],[-42.32622,-13.83279],[-42.30575,-13.83208],[-42.30068,-13.82581],[-42.31548,-13.8134],[-42.32586,-13.81417],[-42.33342,-13.79999],[-42.33155,-13.79634],[-42.32482,-13.79555],[-42.30913,-13.80306],[-42.30503,-13.79773],[-42.30982,-13.78932],[-42.29693,-13.78008],[-42.30047,-13.77477],[-42.30943,-13.77794],[-42.31942,-13.77431],[-42.32076,-13.76657],[-42.33096,-13.76072],[-42.32289,-13.75065],[-42.33163,-13.74861],[-42.33374,-13.74531],[-42.33378,-13.73317],[-42.32609,-13.71936],[-42.32713,-13.71088],[-42.31926,-13.70874],[-42.30399,-13.71742],[-42.29611,-13.70273],[-42.29795,-13.69858],[-42.31613,-13.69363],[-42.30929,-13.67997],[-42.31166,-13.66736],[-42.29661,-13.66477],[-42.29324,-13.68127],[-42.28721,-13.68714],[-42.27922,-13.67962],[-42.26953,-13.68112],[-42.26641,-13.67829],[-42.26594,-13.66959],[-42.25544,-13.66687],[-42.24497,-13.67928],[-42.25084,-13.68748],[-42.25031,-13.69206],[-42.23876,-13.69019],[-42.23296,-13.70484],[-42.21925,-13.70447],[-42.21596,-13.72324],[-42.20564,-13.7278],[-42.19434,-13.71452],[-42.19288,-13.70673],[-42.17912,-13.7099],[-42.17623,-13.69967],[-42.16914,-13.69655],[-42.15239,-13.70117],[-42.14796,-13.69785],[-42.14479,-13.68739],[-42.15131,-13.67549],[-42.16432,-13.67712],[-42.18102,-13.66936],[-42.19696,-13.66693],[-42.20461,-13.66034],[-42.21454,-13.66052],[-42.22998,-13.63987],[-42.24179,-13.63813],[-42.24705,-13.61055],[-42.25834,-13.61546],[-42.26857,-13.60906],[-42.27745,-13.60988],[-42.27913,-13.60528],[-42.2744,-13.5985],[-42.27451,-13.58751],[-42.28534,-13.56481],[-42.28995,-13.56559],[-42.29435,-13.57529],[-42.30305,-13.56684],[-42.31741,-13.56591],[-42.31804,-13.58049],[-42.32464,-13.59267],[-42.32426,-13.60105],[-42.32968,-13.60302],[-42.33295,-13.59491],[-42.34346,-13.58735],[-42.34594,-13.57855],[-42.33735,-13.56353],[-42.33779,-13.55461],[-42.34664,-13.55503],[-42.35723,-13.548],[-42.37177,-13.5537],[-42.37943,-13.54481],[-42.38701,-13.55242],[-42.38714,-13.56768],[-42.37454,-13.58534],[-42.37414,-13.59184],[-42.37734,-13.59411],[-42.38265,-13.59238],[-42.39406,-13.57807],[-42.39931,-13.57819],[-42.40554,-13.59763],[-42.39711,-13.60165],[-42.39327,-13.61185],[-42.40194,-13.61549],[-42.41338,-13.63525],[-42.40576,-13.6631],[-42.39592,-13.67493],[-42.3991,-13.68477],[-42.39193,-13.70136],[-42.39384,-13.72045],[-42.38722,-13.73541],[-42.39424,-13.75089],[-42.39231,-13.7597],[-42.40425,-13.76251],[-42.41512,-13.75682],[-42.42768,-13.75776],[-42.44038,-13.7455],[-42.43402,-13.7308],[-42.44649,-13.71536],[-42.44636,-13.70942],[-42.44032,-13.70216],[-42.4404,-13.69187],[-42.44391,-13.68695],[-42.46749,-13.68618],[-42.47836,-13.6912],[-42.48589,-13.69017],[-42.49321,-13.70192],[-42.50816,-13.71296],[-42.51286,-13.71149],[-42.51551,-13.70284],[-42.52436,-13.6982],[-42.5245,-13.67149],[-42.53583,-13.6636],[-42.54882,-13.6169],[-42.56475,-13.58836],[-42.57096,-13.56611],[-42.5682,-13.55592],[-42.5776,-13.54666],[-42.58114,-13.53839],[-42.58178,-13.52507],[-42.57408,-13.51693],[-42.57407,-13.49219],[-42.57823,-13.46755],[-42.57104,-13.46272],[-42.56984,-13.45701],[-42.57324,-13.43539],[-42.57747,-13.43011],[-42.57817,-13.40169],[-42.58789,-13.39355],[-42.60077,-13.39441],[-42.60546,-13.39902],[-42.62208,-13.40381],[-42.62759,-13.3981],[-42.63336,-13.38082],[-42.63775,-13.37946],[-42.64801,-13.40456],[-42.64177,-13.41543],[-42.65763,-13.4257],[-42.66257,-13.43633],[-42.66748,-13.43818],[-42.68337,-13.42194],[-42.70176,-13.42014],[-42.70908,-13.4135],[-42.70423,-13.40324],[-42.69242,-13.39941],[-42.68628,-13.39243],[-42.68864,-13.35529],[-42.67975,-13.34624],[-42.6796,-13.33391],[-42.68729,-13.32167],[-42.70291,-13.30717],[-42.71166,-13.30611],[-42.71692,-13.2935],[-42.70898,-13.26909],[-42.71699,-13.25075],[-42.69994,-13.20146],[-42.70435,-13.18993],[-42.70003,-13.17811],[-42.70598,-13.17001],[-42.70582,-13.11456],[-42.71455,-13.10393],[-42.72253,-13.08598],[-42.72633,-13.06681],[-42.72473,-13.045],[-42.73083,-13.03498],[-42.72929,-13.02732],[-42.72269,-13.02251],[-42.72694,-12.99912],[-42.72413,-12.99552],[-42.71746,-12.99672],[-42.71454,-12.99375],[-42.71918,-12.93909],[-42.71454,-12.93217],[-42.71562,-12.91612],[-42.71922,-12.91372],[-42.72496,-12.91641],[-42.73108,-12.92596],[-42.73294,-12.94914],[-42.74326,-12.95437],[-42.75699,-12.9484],[-42.78148,-12.90031],[-42.79622,-12.89768],[-42.80464,-12.90493],[-42.81361,-12.89937],[-42.81809,-12.89142],[-42.82399,-12.87153],[-42.82897,-12.82374],[-42.8323,-12.82067],[-42.84088,-12.82365],[-42.84437,-12.8209],[-42.84488,-12.7737],[-42.85869,-12.71701],[-42.86061,-12.68543],[-42.87425,-12.62564],[-42.89006,-12.57743],[-42.90728,-12.55351],[-42.90125,-12.53792],[-42.91931,-12.51287],[-42.92801,-12.5042],[-42.93638,-12.50071],[-42.94888,-12.50462],[-42.96069,-12.53039],[-42.9402,-12.55823],[-42.9388,-12.56668],[-42.93084,-12.57191],[-42.93513,-12.58172],[-42.92796,-12.58503],[-42.92575,-12.59149],[-42.93313,-12.59637],[-42.93026,-12.60604],[-42.93624,-12.61112],[-42.9375,-12.61693],[-42.92999,-12.62344],[-42.92947,-12.63954],[-42.92562,-12.6407],[-42.9192,-12.63672],[-42.91386,-12.63966],[-42.91638,-12.65234],[-42.92302,-12.66248],[-42.92253,-12.66782],[-42.91394,-12.67684],[-42.91249,-12.68789],[-42.91726,-12.69245],[-42.91756,-12.69924],[-42.91542,-12.70852],[-42.90921,-12.71551],[-42.9056,-12.7311],[-42.89757,-12.73463],[-42.89441,-12.74911],[-42.90281,-12.76074],[-42.89625,-12.77235],[-42.89533,-12.80189],[-42.8876,-12.80834],[-42.89634,-12.8157],[-42.89538,-12.82366],[-42.90942,-12.84295],[-42.90372,-12.85416],[-42.9041,-12.86291],[-42.88829,-12.86449],[-42.88128,-12.8695],[-42.87763,-12.88027],[-42.88931,-12.88857],[-42.88172,-12.89715],[-42.88224,-12.90077],[-42.90304,-12.91481],[-42.90576,-12.92624],[-42.92234,-12.93257],[-42.9269,-12.9374],[-42.92549,-12.96045],[-42.92243,-12.97266],[-42.91164,-12.99203],[-42.91363,-13.0013],[-42.90636,-13.00434],[-42.90322,-13.01366],[-42.89615,-13.01822],[-42.89178,-13.02677],[-42.88431,-13.03051],[-42.86728,-13.05624],[-42.85279,-13.06485],[-42.85118,-13.07298],[-42.83917,-13.09311],[-42.83803,-13.10261],[-42.84073,-13.10794],[-42.85168,-13.11327],[-42.86132,-13.12324],[-42.85913,-13.12697],[-42.83999,-13.13361],[-42.83512,-13.14019],[-42.82755,-13.13906],[-42.82432,-13.14148],[-42.8249,-13.1486],[-42.83643,-13.15133],[-42.843,-13.16559],[-42.84349,-13.188],[-42.83434,-13.20388],[-42.83031,-13.22822],[-42.82183,-13.23994],[-42.81685,-13.2612],[-42.82026,-13.26685],[-42.83472,-13.26575],[-42.83343,-13.24085],[-42.841,-13.22442],[-42.84743,-13.2242],[-42.85116,-13.23011],[-42.84835,-13.24334],[-42.85429,-13.29999],[-42.85013,-13.34277],[-42.85607,-13.34838],[-42.86035,-13.34827],[-42.86405,-13.34162],[-42.87259,-13.33637],[-42.871,-13.2996],[-42.87769,-13.29073],[-42.88425,-13.26339],[-42.87742,-13.229],[-42.88256,-13.22425],[-42.89187,-13.22553],[-42.89521,-13.21932],[-42.89274,-13.21448],[-42.87871,-13.2096],[-42.87557,-13.20404],[-42.87502,-13.18972],[-42.88085,-13.18065],[-42.89331,-13.17447],[-42.89565,-13.17027],[-42.89475,-13.15824],[-42.89841,-13.14903],[-42.89621,-13.13743],[-42.90044,-13.12496],[-42.91065,-13.11792],[-42.90953,-13.10124],[-42.91313,-13.09124],[-42.91112,-13.07687],[-42.918,-13.07039],[-42.91977,-13.05451],[-42.93272,-13.03942],[-42.9367,-13.00957],[-42.93176,-12.9987],[-42.94198,-12.98835],[-42.9443,-12.96465],[-42.95178,-12.96011],[-42.96632,-12.92109],[-42.9635,-12.90903],[-42.96891,-12.88843],[-42.97804,-12.88476],[-42.98386,-12.86631],[-42.98436,-12.85365],[-42.98993,-12.84359],[-42.99389,-12.84254],[-42.99783,-12.84816],[-42.99612,-12.8692],[-43.00295,-12.87552],[-42.99661,-12.88901],[-42.99892,-12.90381],[-42.99326,-12.91092],[-42.99604,-12.92028],[-42.99432,-12.9314],[-42.99989,-12.93953],[-42.99497,-12.95017],[-42.99092,-12.97462],[-42.99745,-12.98776],[-42.99329,-13.00148],[-43.00475,-13.00174],[-43.00657,-13.00801],[-42.99841,-13.03289],[-42.98476,-13.035],[-42.98174,-13.04354],[-42.96942,-13.04644],[-42.96619,-13.05323],[-42.9562,-13.05831],[-42.95525,-13.08614],[-42.94227,-13.09332],[-42.93995,-13.10327],[-42.92105,-13.13567],[-42.92026,-13.14166],[-42.92391,-13.14373],[-42.93067,-13.13969],[-42.93885,-13.14061],[-42.94674,-13.13162],[-42.95156,-13.13478],[-42.937,-13.16172],[-42.92455,-13.17033],[-42.91796,-13.19651],[-42.91081,-13.21159],[-42.90397,-13.21677],[-42.90562,-13.22177],[-42.91325,-13.22153],[-42.91838,-13.22765],[-42.9219,-13.25368],[-42.91457,-13.26718],[-42.91386,-13.29202],[-42.90417,-13.32474],[-42.90924,-13.33482],[-42.92228,-13.33169],[-42.92722,-13.34339],[-42.92145,-13.34857],[-42.91986,-13.35526],[-42.93196,-13.357],[-42.94171,-13.33799],[-42.95519,-13.33081],[-42.95732,-13.32491],[-42.97118,-13.31162],[-42.97124,-13.30483],[-42.9774,-13.29999],[-42.97984,-13.29091],[-42.98721,-13.29289],[-42.98647,-13.3144],[-42.99561,-13.31043],[-43.00144,-13.31279],[-43.01058,-13.31088],[-43.01469,-13.31802],[-43.00645,-13.33586],[-42.99523,-13.34625],[-42.99406,-13.37174],[-42.97956,-13.40864],[-42.96878,-13.41486],[-42.96521,-13.42247],[-42.95821,-13.42435],[-42.95612,-13.43957],[-42.94433,-13.43676],[-42.93867,-13.43909],[-42.93835,-13.44788],[-42.92936,-13.45337],[-42.93115,-13.46217],[-42.92129,-13.46835],[-42.90196,-13.56999],[-42.90525,-13.5835],[-42.89821,-13.59159],[-42.89675,-13.60231],[-42.89155,-13.60586],[-42.87952,-13.59872],[-42.86622,-13.59705],[-42.8638,-13.6105],[-42.8533,-13.61847],[-42.85231,-13.62701],[-42.83319,-13.64695],[-42.82908,-13.66303],[-42.84533,-13.68214],[-42.84353,-13.69281],[-42.84748,-13.69969],[-42.84111,-13.70547],[-42.83693,-13.71703],[-42.82614,-13.72442],[-42.82579,-13.74115],[-42.83365,-13.74422],[-42.83492,-13.74794],[-42.8272,-13.76094],[-42.82227,-13.77762],[-42.80722,-13.79097],[-42.81365,-13.8119],[-42.8043,-13.81819],[-42.80421,-13.82632],[-42.81076,-13.83239],[-42.80199,-13.83985],[-42.80867,-13.85378],[-42.79644,-13.85556],[-42.79277,-13.85893],[-42.7931,-13.87522],[-42.77631,-13.87492],[-42.76871,-13.88634],[-42.76104,-13.88955],[-42.75225,-13.88709],[-42.74003,-13.87548],[-42.73322,-13.88048],[-42.72447,-13.87741],[-42.71589,-13.88883],[-42.71827,-13.89527],[-42.71357,-13.90096],[-42.71444,-13.91253],[-42.70678,-13.91515],[-42.70382,-13.92279],[-42.70938,-13.92713],[-42.71185,-13.93503],[-42.71975,-13.9287],[-42.72739,-13.92887],[-42.72812,-13.94213],[-42.73443,-13.94524],[-42.73519,-13.94892],[-42.73118,-13.95313],[-42.72445,-13.97745],[-42.70912,-13.99909],[-42.69524,-14.00317],[-42.67895,-14.02312],[-42.68031,-14.03601],[-42.69408,-14.03899],[-42.69938,-14.04547],[-42.69644,-14.06094],[-42.69241,-14.06175],[-42.68504,-14.05596],[-42.68006,-14.06525],[-42.68215,-14.07579],[-42.6956,-14.09118],[-42.69004,-14.1071],[-42.69714,-14.11265],[-42.6994,-14.13388],[-42.69344,-14.13743],[-42.68276,-14.13599],[-42.68015,-14.14291],[-42.6849,-14.14905],[-42.68164,-14.15621],[-42.65983,-14.16224],[-42.65407,-14.15911],[-42.64986,-14.14937],[-42.6442,-14.15238],[-42.65333,-14.17726],[-42.66294,-14.18647],[-42.6532,-14.19994],[-42.6589,-14.21254],[-42.65079,-14.21879],[-42.65345,-14.22245],[-42.66535,-14.22367],[-42.66506,-14.24095],[-42.64251,-14.25714],[-42.63524,-14.25263],[-42.62955,-14.25364],[-42.6223,-14.26389],[-42.62507,-14.2775],[-42.60984,-14.29981],[-42.60388,-14.29813],[-42.60705,-14.28727],[-42.60141,-14.28231],[-42.58769,-14.29945],[-42.59127,-14.30644],[-42.59758,-14.30947],[-42.60143,-14.32772],[-42.60791,-14.33224],[-42.6116,-14.35411],[-42.61607,-14.358],[-42.62013,-14.35597],[-42.6206,-14.34943],[-42.61347,-14.32168],[-42.61689,-14.31338],[-42.62506,-14.31428],[-42.63813,-14.31042],[-42.64511,-14.3031],[-42.65125,-14.3013],[-42.65435,-14.30344],[-42.65354,-14.31047],[-42.65736,-14.31584],[-42.65378,-14.33188],[-42.64222,-14.33427],[-42.63308,-14.35391],[-42.64109,-14.36279],[-42.65606,-14.36418],[-42.65871,-14.36883],[-42.6534,-14.37558],[-42.6368,-14.3761],[-42.64853,-14.41019],[-42.64136,-14.41609],[-42.62935,-14.41665],[-42.62602,-14.42112],[-42.62638,-14.4333],[-42.63306,-14.44086],[-42.62832,-14.45597],[-42.63598,-14.47437],[-42.61037,-14.48849],[-42.60632,-14.4879],[-42.60286,-14.48062],[-42.5989,-14.47954],[-42.5952,-14.48893],[-42.60444,-14.52101],[-42.59942,-14.53619],[-42.60322,-14.54957],[-42.60824,-14.55412],[-42.6073,-14.56145],[-42.61226,-14.57552],[-42.60965,-14.58218],[-42.61677,-14.59145],[-42.61412,-14.60655],[-42.60685,-14.61643],[-42.60992,-14.63166],[-42.60446,-14.6433],[-42.60444,-14.66241],[-42.59838,-14.67725],[-42.60084,-14.69171],[-42.59735,-14.70375],[-42.5984,-14.74502],[-42.60697,-14.75067],[-42.60936,-14.75714],[-42.60186,-14.76485],[-42.59892,-14.77407],[-42.60656,-14.77944],[-42.61114,-14.79376],[-42.6164,-14.8284],[-42.62012,-14.83343],[-42.61803,-14.84898],[-42.6242,-14.85787],[-42.62401,-14.86438],[-42.63276,-14.87168],[-42.63086,-14.88043],[-42.65454,-14.91989],[-42.65969,-14.91044],[-42.66271,-14.91055],[-42.6638,-14.91631],[-42.67985,-14.90333],[-42.68372,-14.90552],[-42.69541,-14.90042],[-42.70416,-14.88283],[-42.71369,-14.8793],[-42.71364,-14.88426],[-42.72336,-14.88561],[-42.72574,-14.87928],[-42.73594,-14.87742],[-42.74722,-14.86775],[-42.75514,-14.84642],[-42.79099,-14.83938],[-42.80691,-14.83043],[-42.82025,-14.82063],[-42.82509,-14.81257],[-42.83536,-14.80776],[-42.84239,-14.79607],[-42.84981,-14.79505],[-42.85586,-14.7901],[-42.86066,-14.78059],[-42.87239,-14.77536],[-42.87182,-14.77163],[-42.86719,-14.7717],[-42.86844,-14.76703],[-42.87329,-14.76457],[-42.8808,-14.76929],[-42.89041,-14.76683],[-42.90069,-14.75565],[-42.90383,-14.76196],[-42.9122,-14.74447],[-42.91697,-14.74748],[-42.9202,-14.74424],[-42.92705,-14.74414],[-42.92497,-14.73387],[-42.93741,-14.72045],[-42.93888,-14.70803],[-42.95269,-14.7084],[-42.97733,-14.69839],[-42.98536,-14.70223],[-43.0028,-14.69629],[-43.01095,-14.70166],[-43.02681,-14.69355],[-43.02689,-14.68602],[-43.03831,-14.68281],[-43.04857,-14.69024],[-43.05567,-14.69094],[-43.06639,-14.68056],[-43.07227,-14.68884],[-43.07933,-14.69038],[-43.08394,-14.69827],[-43.09152,-14.68332],[-43.10398,-14.67394],[-43.10803,-14.67317],[-43.11114,-14.67901],[-43.1163,-14.67885],[-43.1275,-14.66568],[-43.133,-14.66803],[-43.14033,-14.66516],[-43.1515,-14.66633],[-43.17635,-14.65054],[-43.17918,-14.66098],[-43.19068,-14.65157],[-43.19869,-14.64962],[-43.20766,-14.65835],[-43.22894,-14.66051],[-43.23486,-14.65679],[-43.24034,-14.65869],[-43.24505,-14.65651],[-43.26139,-14.66335],[-43.26608,-14.66148],[-43.27161,-14.66605],[-43.28055,-14.66586],[-43.2837,-14.67391],[-43.28832,-14.67611],[-43.29814,-14.67608],[-43.31123,-14.66975],[-43.31967,-14.67796],[-43.33051,-14.68013],[-43.33428,-14.68766],[-43.34464,-14.69236],[-43.3465,-14.69607],[-43.37898,-14.70138],[-43.38264,-14.70604],[-43.39903,-14.71022],[-43.41469,-14.72423],[-43.42531,-14.71998],[-43.42867,-14.72221],[-43.42817,-14.72637],[-43.43489,-14.72304],[-43.43464,-14.72643],[-43.44047,-14.72832],[-43.44583,-14.73669],[-43.45623,-14.74016],[-43.46127,-14.74623],[-43.45626,-14.75775],[-43.46284,-14.76589],[-43.47529,-14.76221],[-43.48125,-14.7679],[-43.47981,-14.77252],[-43.46873,-14.77948],[-43.4697,-14.78735],[-43.47838,-14.79205],[-43.48353,-14.7894],[-43.49014,-14.79264],[-43.49426,-14.79078],[-43.49847,-14.79738],[-43.51116,-14.79657],[-43.50975,-14.8076],[-43.51537,-14.8046],[-43.52123,-14.80591],[-43.52525,-14.81399],[-43.52976,-14.81594],[-43.5392,-14.80574],[-43.53694,-14.79059],[-43.53395,-14.78872],[-43.53717,-14.78351],[-43.57378,-14.76516],[-43.58062,-14.75081],[-43.59078,-14.75087],[-43.61125,-14.76055],[-43.63,-14.75036],[-43.65903,-14.74487],[-43.66637,-14.73712],[-43.671,-14.73687],[-43.67417,-14.73246],[-43.67323,-14.72636],[-43.67595,-14.72669],[-43.67381,-14.72954],[-43.68108,-14.73219],[-43.6877,-14.72625],[-43.68974,-14.72822],[-43.68717,-14.72141],[-43.6922,-14.72477],[-43.70342,-14.72532],[-43.70973,-14.73039],[-43.71986,-14.72954],[-43.72179,-14.72687],[-43.71961,-14.7209],[-43.71201,-14.71645],[-43.72626,-14.69816],[-43.75551,-14.70084],[-43.76404,-14.69212],[-43.77617,-14.6922],[-43.78566,-14.68572],[-43.80051,-14.68731],[-43.84687,-14.67211],[-43.8592,-14.6743],[-43.86293,-14.66978],[-43.86331,-14.66231],[-43.8719,-14.66358],[-43.87326,-14.65359],[-43.87589,-14.65227],[-43.87912,-14.65803],[-43.88351,-14.65323],[-43.87929,-14.64608],[-43.8837,-14.64296],[-43.87715,-14.64033],[-43.88579,-14.63543],[-43.87463,-14.63677],[-43.88175,-14.62944],[-43.87468,-14.62216],[-43.87104,-14.62211],[-43.87444,-14.61444],[-43.87006,-14.61283],[-43.87689,-14.60921],[-43.87501,-14.5932],[-43.88139,-14.59011],[-43.88401,-14.59954],[-43.8859,-14.59366],[-43.88265,-14.58671],[-43.88723,-14.58518],[-43.87717,-14.56334],[-43.8813,-14.56237],[-43.87388,-14.52058],[-43.83196,-14.44301],[-43.81939,-14.38931],[-43.80235,-14.36983],[-43.79857,-14.35969],[-43.78319,-14.33923],[-43.79476,-14.33597],[-43.80009,-14.33783],[-43.80685,-14.33252],[-43.80865,-14.32548],[-43.81481,-14.32596],[-43.81532,-14.32065],[-43.82231,-14.32303],[-43.81798,-14.31471],[-43.82026,-14.31164],[-43.82634,-14.31618],[-43.83614,-14.31115],[-43.84723,-14.32174],[-43.84672,-14.3131],[-43.85142,-14.31907],[-43.85545,-14.31804],[-43.85145,-14.31357],[-43.8527,-14.30794],[-43.86153,-14.31287],[-43.86995,-14.31005],[-43.87284,-14.31358],[-43.8804,-14.31214],[-43.88139,-14.30742],[-43.89034,-14.3066],[-43.89195,-14.29329],[-43.89248,-14.30102],[-43.90171,-14.29871],[-43.90442,-14.29361],[-43.90526,-14.3003],[-43.91098,-14.29766],[-43.90912,-14.30255],[-43.91159,-14.30504],[-43.91576,-14.30243],[-43.9164,-14.29593],[-43.92473,-14.29642],[-43.92368,-14.30336],[-43.92642,-14.30567],[-43.93507,-14.29568],[-43.94214,-14.3051],[-43.94629,-14.28995],[-43.95095,-14.29],[-43.95361,-14.29946],[-43.95614,-14.29972],[-43.95534,-14.29219],[-43.96192,-14.29101],[-43.96959,-14.27402],[-43.97092,-14.27812],[-43.98084,-14.28215],[-43.9826,-14.27577],[-43.9906,-14.27259],[-43.98637,-14.26755],[-43.99117,-14.26899],[-43.99765,-14.2654],[-44.00615,-14.26736],[-44.00929,-14.27233],[-44.01548,-14.27155],[-44.01541,-14.27651],[-44.02576,-14.2766],[-44.03462,-14.28903],[-44.03843,-14.2823],[-44.04154,-14.28622],[-44.04657,-14.28339],[-44.05133,-14.28612],[-44.05715,-14.28426],[-44.05743,-14.27761],[-44.06134,-14.28237],[-44.06843,-14.27973],[-44.0734,-14.28567],[-44.0732,-14.28026],[-44.07796,-14.27816],[-44.07445,-14.27064],[-44.08245,-14.269],[-44.0824,-14.27544],[-44.08829,-14.27808],[-44.08692,-14.26843],[-44.09365,-14.2736],[-44.09939,-14.27346],[-44.10603,-14.26729],[-44.10729,-14.25912],[-44.11259,-14.25873],[-44.12434,-14.27497],[-44.13562,-14.28219],[-44.14362,-14.27849],[-44.13598,-14.2749],[-44.13726,-14.26415],[-44.16033,-14.25776],[-44.1644,-14.26839],[-44.17038,-14.2687],[-44.18293,-14.25823],[-44.20129,-14.25448],[-44.20124,-14.25114],[-44.20912,-14.24667],[-44.2099,-14.23564],[-44.21533,-14.23318],[-44.21806,-14.24498],[-44.24062,-14.24069],[-44.23507,-14.24695],[-44.23965,-14.24849],[-44.23871,-14.25801],[-44.24749,-14.25163],[-44.24962,-14.25349],[-44.24443,-14.2571],[-44.24751,-14.26012],[-44.25443,-14.25206],[-44.26862,-14.2466],[-44.27659,-14.25244],[-44.28129,-14.25249],[-44.27996,-14.25007],[-44.28437,-14.24765],[-44.29082,-14.2527],[-44.30234,-14.25324],[-44.31648,-14.24035],[-44.32076,-14.24476],[-44.3406,-14.2494],[-44.34021,-14.25668],[-44.35184,-14.25772],[-44.34604,-14.26326],[-44.35304,-14.26092],[-44.35289,-14.26618],[-44.36159,-14.27281],[-44.36983,-14.27163],[-44.37366,-14.27465],[-44.37748,-14.26997],[-44.37847,-14.27715],[-44.38848,-14.28049],[-44.38998,-14.27613],[-44.39457,-14.27723],[-44.39716,-14.27348],[-44.39945,-14.27828],[-44.4286,-14.28664],[-44.4399,-14.30366],[-44.4476,-14.30594],[-44.45363,-14.31198],[-44.46115,-14.31349],[-44.46549,-14.31073],[-44.46957,-14.31654],[-44.47499,-14.31435],[-44.47317,-14.31727],[-44.48314,-14.32212],[-44.48718,-14.32852],[-44.49844,-14.32768],[-44.50344,-14.32233],[-44.50887,-14.32565],[-44.51084,-14.32269],[-44.5189,-14.33021],[-44.52915,-14.32813],[-44.54054,-14.33177],[-44.54512,-14.34306],[-44.5572,-14.33704],[-44.55987,-14.3405],[-44.56557,-14.34006],[-44.56457,-14.3486],[-44.57229,-14.34557],[-44.57748,-14.35385],[-44.58005,-14.35134],[-44.58707,-14.35441],[-44.58971,-14.36137],[-44.59837,-14.3685],[-44.60096,-14.36531],[-44.60373,-14.3686],[-44.61074,-14.36544],[-44.6166,-14.37514],[-44.6256,-14.37611],[-44.63282,-14.38758],[-44.6336,-14.39447],[-44.63809,-14.39019],[-44.64379,-14.39193],[-44.6411,-14.39617],[-44.64582,-14.39809],[-44.65154,-14.39727],[-44.65243,-14.39346],[-44.65888,-14.39576],[-44.66265,-14.40742],[-44.65804,-14.41636],[-44.66485,-14.41814],[-44.66799,-14.42385],[-44.66957,-14.4162],[-44.67421,-14.4245],[-44.68835,-14.41668],[-44.68785,-14.42154],[-44.69424,-14.42349],[-44.69312,-14.43263],[-44.69821,-14.43205],[-44.70129,-14.44979],[-44.70526,-14.44658],[-44.71057,-14.44813],[-44.71288,-14.44396],[-44.71883,-14.45012],[-44.71782,-14.44562],[-44.69892,-14.43372],[-44.69893,-14.42849],[-44.70629,-14.41716],[-44.69986,-14.40131],[-44.6944,-14.39807],[-44.68864,-14.3997],[-44.68202,-14.41124],[-44.67671,-14.41495],[-44.67262,-14.41284],[-44.67233,-14.40626],[-44.67998,-14.39515],[-44.68271,-14.37767],[-44.6763,-14.36167],[-44.62769,-14.36651],[-44.62345,-14.35705],[-44.60448,-14.35626],[-44.59263,-14.34154],[-44.58323,-14.34133],[-44.58027,-14.33833],[-44.58901,-14.3285],[-44.59421,-14.30029],[-44.58583,-14.28217],[-44.59927,-14.26567],[-44.60764,-14.26397],[-44.61569,-14.25589],[-44.62478,-14.25303],[-44.63616,-14.26394],[-44.64997,-14.26508],[-44.64579,-14.27974],[-44.6486,-14.28622],[-44.67194,-14.27681],[-44.67993,-14.28145],[-44.68485,-14.27785],[-44.68618,-14.26778],[-44.6798,-14.25936],[-44.66735,-14.25574],[-44.65282,-14.24097],[-44.64052,-14.24005],[-44.62765,-14.22831],[-44.63024,-14.22437],[-44.64283,-14.22485],[-44.64698,-14.21842],[-44.65499,-14.21711],[-44.66117,-14.19687],[-44.67846,-14.18566],[-44.67844,-14.17548],[-44.67222,-14.17293],[-44.66283,-14.18067],[-44.6532,-14.18261],[-44.63965,-14.1971],[-44.60979,-14.19587],[-44.59927,-14.19215],[-44.60047,-14.20223],[-44.59187,-14.21411],[-44.59463,-14.21658],[-44.60622,-14.21604],[-44.60831,-14.2246],[-44.60669,-14.2301],[-44.59218,-14.2438],[-44.58396,-14.24312],[-44.5817,-14.22823],[-44.57633,-14.22372],[-44.56682,-14.24024],[-44.55876,-14.23861],[-44.54395,-14.24278],[-44.54139,-14.23825],[-44.54699,-14.23229],[-44.54914,-14.20419],[-44.56146,-14.18976],[-44.56209,-14.18115],[-44.56809,-14.17638],[-44.56499,-14.16948],[-44.5568,-14.16638],[-44.5533,-14.15543],[-44.56776,-14.14149],[-44.56993,-14.12586],[-44.56646,-14.12143],[-44.5522,-14.12207],[-44.53823,-14.13689],[-44.53278,-14.13635],[-44.53636,-14.08597],[-44.52907,-14.0766],[-44.51941,-14.08153],[-44.51884,-14.0926],[-44.51534,-14.09666],[-44.5024,-14.09169],[-44.49591,-14.09548],[-44.49185,-14.11343],[-44.48862,-14.11683],[-44.48436,-14.11565],[-44.4798,-14.10844],[-44.47932,-14.09004],[-44.47133,-14.07818],[-44.47652,-14.07353],[-44.48726,-14.07469],[-44.49149,-14.06902],[-44.49161,-14.06193],[-44.47703,-14.04531],[-44.47292,-14.03193],[-44.46531,-14.02425],[-44.46243,-14.01584],[-44.4739,-13.99354],[-44.47277,-13.9892],[-44.46698,-13.98782],[-44.4592,-13.99357],[-44.44289,-13.99243],[-44.43298,-13.97521],[-44.43139,-13.96427],[-44.43569,-13.95506],[-44.43043,-13.94718],[-44.4215,-13.95478],[-44.40832,-13.95086],[-44.40463,-13.95323],[-44.40405,-13.96573],[-44.41273,-13.9725],[-44.4102,-13.97926],[-44.41581,-13.99088],[-44.41304,-13.99413],[-44.39346,-13.98527],[-44.38948,-13.98775],[-44.39154,-13.99552],[-44.38826,-13.99868],[-44.36544,-13.98981],[-44.3396,-13.98865],[-44.3326,-13.97489],[-44.32108,-13.96327],[-44.31366,-13.96948],[-44.30687,-13.96785],[-44.30119,-13.97182],[-44.31027,-13.98949],[-44.30846,-13.99375],[-44.29722,-13.99839],[-44.27486,-13.99426],[-44.26263,-13.996],[-44.25249,-13.9888],[-44.2566,-13.98015],[-44.2511,-13.96871],[-44.2576,-13.95483],[-44.24958,-13.94634],[-44.25574,-13.94178],[-44.2651,-13.94234],[-44.26647,-13.93779],[-44.25579,-13.93192],[-44.24205,-13.93391],[-44.23107,-13.91699],[-44.22095,-13.91229],[-44.22103,-13.90018],[-44.22736,-13.89919],[-44.23649,-13.90498],[-44.24208,-13.901],[-44.24904,-13.88834],[-44.2477,-13.88437],[-44.24092,-13.88093],[-44.23104,-13.85992],[-44.22927,-13.84252],[-44.22451,-13.84079],[-44.20633,-13.85055],[-44.2055,-13.86132],[-44.20107,-13.86634],[-44.19645,-13.86639],[-44.1917,-13.85752],[-44.19879,-13.84095],[-44.19323,-13.83638],[-44.19023,-13.82753],[-44.17965,-13.82512],[-44.17509,-13.81955],[-44.17541,-13.81288],[-44.1796,-13.80841],[-44.19399,-13.80803],[-44.20025,-13.81102],[-44.21296,-13.80784],[-44.21726,-13.79346],[-44.23406,-13.79203],[-44.24456,-13.78089],[-44.25915,-13.78453],[-44.26188,-13.77787],[-44.25412,-13.77296],[-44.25338,-13.76717],[-44.27477,-13.75947],[-44.2814,-13.75354],[-44.28847,-13.72981],[-44.29728,-13.73202],[-44.30805,-13.73005],[-44.31265,-13.73508],[-44.32349,-13.7372],[-44.32436,-13.72651],[-44.33529,-13.72293],[-44.33871,-13.71611],[-44.34776,-13.71431],[-44.35364,-13.69834],[-44.35202,-13.69451],[-44.34545,-13.69439],[-44.34125,-13.69022],[-44.33,-13.68967],[-44.32817,-13.67976],[-44.34108,-13.67067],[-44.35324,-13.66873],[-44.36104,-13.67409],[-44.36809,-13.67428],[-44.38615,-13.69399],[-44.3774,-13.70846],[-44.37631,-13.71752],[-44.35938,-13.72036],[-44.35865,-13.72746],[-44.35231,-13.73265],[-44.35143,-13.74225],[-44.3546,-13.74903],[-44.36354,-13.75296],[-44.36085,-13.76359],[-44.36495,-13.77115],[-44.37896,-13.76899],[-44.38576,-13.76416],[-44.39261,-13.76632],[-44.39448,-13.77105],[-44.38523,-13.77956],[-44.38416,-13.78473],[-44.39383,-13.78885],[-44.40104,-13.78547],[-44.40638,-13.78924],[-44.39907,-13.79731],[-44.40205,-13.80472],[-44.39477,-13.82554],[-44.39512,-13.83533],[-44.40043,-13.84252],[-44.40163,-13.85115],[-44.39025,-13.85376],[-44.38797,-13.85826],[-44.3944,-13.86647],[-44.40047,-13.88995],[-44.40505,-13.89273],[-44.41407,-13.89159],[-44.41693,-13.88835],[-44.41454,-13.87934],[-44.41614,-13.8652],[-44.41325,-13.85947],[-44.4151,-13.85576],[-44.43156,-13.86263],[-44.43473,-13.86047],[-44.43496,-13.85412],[-44.44056,-13.85098],[-44.44926,-13.85962],[-44.46801,-13.85429],[-44.46846,-13.84894],[-44.46235,-13.84232],[-44.45255,-13.81965],[-44.46133,-13.81055],[-44.47425,-13.80809],[-44.47765,-13.80366],[-44.47729,-13.7938],[-44.46608,-13.79423],[-44.45645,-13.789],[-44.46164,-13.78255],[-44.45741,-13.77456],[-44.45879,-13.7676],[-44.47153,-13.76478],[-44.46352,-13.74684],[-44.46946,-13.73721],[-44.46671,-13.72786],[-44.47369,-13.72402],[-44.47659,-13.7131],[-44.49389,-13.71618],[-44.49894,-13.72995],[-44.5067,-13.73224],[-44.51085,-13.72403],[-44.53294,-13.71207],[-44.53562,-13.7021],[-44.54568,-13.70316],[-44.55545,-13.69505],[-44.5708,-13.70453],[-44.60653,-13.70735],[-44.62448,-13.72178],[-44.63785,-13.72061],[-44.64028,-13.71427],[-44.63599,-13.70943],[-44.61686,-13.70337],[-44.61066,-13.69463],[-44.59961,-13.69452],[-44.5998,-13.68711],[-44.59286,-13.68008],[-44.59283,-13.67545],[-44.60526,-13.66884],[-44.60501,-13.65516],[-44.57947,-13.66443],[-44.57553,-13.66081],[-44.57919,-13.64344],[-44.57435,-13.63691],[-44.56176,-13.64672],[-44.54127,-13.64166],[-44.53397,-13.64483],[-44.52243,-13.63575],[-44.51548,-13.63402],[-44.50916,-13.63651],[-44.50372,-13.6325],[-44.5119,-13.61731],[-44.51214,-13.60579],[-44.51868,-13.60054],[-44.52584,-13.60082],[-44.53291,-13.59404],[-44.53339,-13.58758],[-44.53804,-13.58246],[-44.53491,-13.57256],[-44.52079,-13.5731],[-44.50936,-13.56764],[-44.50154,-13.56969],[-44.4896,-13.56094],[-44.4803,-13.56485],[-44.4779,-13.56188],[-44.47904,-13.55379],[-44.47435,-13.55122],[-44.46843,-13.55541],[-44.46092,-13.55568],[-44.46053,-13.56414],[-44.45674,-13.56976],[-44.44762,-13.56719],[-44.43896,-13.57588],[-44.4309,-13.57215],[-44.42552,-13.56316],[-44.41628,-13.5568],[-44.41105,-13.54613],[-44.39203,-13.53327],[-44.38698,-13.50697],[-44.38696,-13.48717],[-44.39103,-13.47976],[-44.40694,-13.48184],[-44.42542,-13.49483],[-44.43624,-13.49714],[-44.44446,-13.50861],[-44.45492,-13.49804],[-44.4616,-13.50274],[-44.47662,-13.50355],[-44.47996,-13.51842],[-44.47892,-13.53103],[-44.49525,-13.52828],[-44.4982,-13.53705],[-44.50564,-13.53891],[-44.5092,-13.53667],[-44.51108,-13.52818],[-44.52463,-13.52105],[-44.52126,-13.51292],[-44.52249,-13.50807],[-44.52819,-13.49867],[-44.53696,-13.4937],[-44.54193,-13.4831],[-44.54755,-13.48465],[-44.54851,-13.49212],[-44.55432,-13.49886],[-44.5638,-13.49763],[-44.56822,-13.5046],[-44.57659,-13.50741],[-44.58409,-13.50654],[-44.58629,-13.49629],[-44.59021,-13.49469],[-44.59598,-13.49955],[-44.59268,-13.50705],[-44.59474,-13.51326],[-44.59069,-13.51974],[-44.59446,-13.52721],[-44.60031,-13.53056],[-44.60116,-13.53657],[-44.60576,-13.53767],[-44.61128,-13.52947],[-44.61522,-13.5291],[-44.6179,-13.5353],[-44.62365,-13.53871],[-44.62312,-13.54788],[-44.6354,-13.5557],[-44.63963,-13.55289],[-44.6414,-13.53383],[-44.64879,-13.53012],[-44.65284,-13.51887],[-44.66037,-13.52502],[-44.66206,-13.54523],[-44.66618,-13.54622],[-44.67512,-13.54006],[-44.67749,-13.54944],[-44.68319,-13.55591],[-44.69212,-13.55531],[-44.69954,-13.55008],[-44.69827,-13.53489],[-44.70691,-13.5283],[-44.71371,-13.52918],[-44.72694,-13.53864],[-44.74012,-13.53179],[-44.74052,-13.52172],[-44.72739,-13.51325],[-44.72602,-13.49445],[-44.71555,-13.47755],[-44.7069,-13.47355],[-44.69465,-13.4746],[-44.68498,-13.46217],[-44.67941,-13.4616],[-44.67057,-13.46725],[-44.65561,-13.45795],[-44.65799,-13.44587],[-44.66541,-13.43879],[-44.68672,-13.43139],[-44.68683,-13.42585],[-44.66143,-13.4229],[-44.65187,-13.43347],[-44.63945,-13.42138],[-44.63026,-13.4405],[-44.62387,-13.44382],[-44.62137,-13.42876],[-44.61404,-13.42437],[-44.60598,-13.42413],[-44.60473,-13.41734],[-44.59879,-13.41308],[-44.59801,-13.40421],[-44.58878,-13.39977],[-44.59079,-13.39216],[-44.58671,-13.38676],[-44.60737,-13.37007],[-44.61485,-13.368],[-44.62166,-13.37108],[-44.62919,-13.36809],[-44.6453,-13.34999],[-44.66483,-13.34581],[-44.67235,-13.33889],[-44.67162,-13.33248],[-44.66607,-13.32696],[-44.66609,-13.31277],[-44.65798,-13.31398],[-44.64829,-13.32494],[-44.63155,-13.32313],[-44.6143,-13.31019],[-44.61381,-13.29707],[-44.59794,-13.29509],[-44.59545,-13.29149],[-44.60437,-13.28488],[-44.60438,-13.2678],[-44.63004,-13.27376],[-44.638,-13.28092],[-44.65243,-13.27507],[-44.65357,-13.26718],[-44.66417,-13.25799],[-44.65313,-13.2365],[-44.64354,-13.23911],[-44.63222,-13.23589],[-44.6246,-13.23843],[-44.62184,-13.23026],[-44.63411,-13.22305],[-44.63498,-13.21235],[-44.64476,-13.20729],[-44.65799,-13.20651],[-44.65799,-13.20224],[-44.64968,-13.19569],[-44.65648,-13.19061],[-44.66352,-13.17518],[-44.68354,-13.17637],[-44.68273,-13.16663],[-44.6682,-13.16226],[-44.66592,-13.15856],[-44.67667,-13.15146],[-44.682,-13.13863],[-44.68993,-13.13462],[-44.69114,-13.12233],[-44.68482,-13.12017],[-44.67442,-13.12995],[-44.66398,-13.13322],[-44.66318,-13.14372],[-44.64677,-13.15892],[-44.63059,-13.1644],[-44.61996,-13.14618],[-44.62615,-13.13476],[-44.62764,-13.09841],[-44.63266,-13.09167],[-44.61758,-13.08281],[-44.59665,-13.1006],[-44.58484,-13.10065],[-44.57302,-13.11074],[-44.56235,-13.10941],[-44.55639,-13.11941],[-44.56339,-13.127],[-44.55796,-13.13407],[-44.55963,-13.13993],[-44.55685,-13.14768],[-44.54466,-13.1455],[-44.542,-13.15362],[-44.53405,-13.15423],[-44.53147,-13.16055],[-44.52539,-13.16308],[-44.51198,-13.15019],[-44.51034,-13.14318],[-44.50528,-13.14267],[-44.49686,-13.15715],[-44.50516,-13.16135],[-44.5061,-13.16538],[-44.4949,-13.17639],[-44.49769,-13.18641],[-44.48768,-13.19103],[-44.48502,-13.19571],[-44.49729,-13.2063],[-44.50473,-13.20818],[-44.50601,-13.21239],[-44.50253,-13.2154],[-44.48577,-13.21404],[-44.49096,-13.23297],[-44.48699,-13.23892],[-44.47739,-13.23685],[-44.46707,-13.25055],[-44.46155,-13.25194],[-44.45619,-13.24267],[-44.44122,-13.24625],[-44.42295,-13.23747],[-44.42339,-13.2261],[-44.41566,-13.22312],[-44.40383,-13.23073],[-44.41168,-13.23607],[-44.41502,-13.24526],[-44.4202,-13.24952],[-44.41065,-13.25898],[-44.40407,-13.25365],[-44.39673,-13.25254],[-44.39261,-13.2425],[-44.37857,-13.24562],[-44.37095,-13.23553],[-44.36063,-13.24127],[-44.36069,-13.2484],[-44.3531,-13.25598],[-44.35321,-13.26065],[-44.36232,-13.27214],[-44.37335,-13.27465],[-44.37839,-13.28595],[-44.36724,-13.29972],[-44.37379,-13.31446],[-44.35371,-13.3203],[-44.35854,-13.33236],[-44.35039,-13.34022],[-44.33119,-13.33029],[-44.33573,-13.31744],[-44.33282,-13.31364],[-44.32777,-13.31391],[-44.31775,-13.33201],[-44.31409,-13.33379],[-44.30833,-13.32423],[-44.29857,-13.32051],[-44.29357,-13.31131],[-44.28766,-13.30753],[-44.2867,-13.29486],[-44.27999,-13.2804],[-44.27992,-13.26912],[-44.289,-13.25791],[-44.2845,-13.2499],[-44.29576,-13.21649],[-44.29075,-13.21351],[-44.28241,-13.21801],[-44.27112,-13.23618],[-44.26415,-13.24182],[-44.26344,-13.25118],[-44.26654,-13.25853],[-44.25778,-13.27266],[-44.26808,-13.29031],[-44.25819,-13.29461],[-44.25908,-13.30365],[-44.25012,-13.31503],[-44.25195,-13.3224],[-44.24473,-13.33329],[-44.22714,-13.33486],[-44.22076,-13.32085],[-44.22325,-13.3099],[-44.21899,-13.29007],[-44.22095,-13.27308],[-44.21563,-13.2665],[-44.22182,-13.26038],[-44.22728,-13.23558],[-44.21951,-13.22688],[-44.22557,-13.21349],[-44.23422,-13.2103],[-44.23477,-13.20237],[-44.24627,-13.19582],[-44.24811,-13.18093],[-44.24355,-13.1783],[-44.22813,-13.19123],[-44.22098,-13.19096],[-44.22585,-13.17797],[-44.2265,-13.16371],[-44.2195,-13.16123],[-44.21482,-13.17107],[-44.20894,-13.17106],[-44.20539,-13.15885],[-44.212,-13.14853],[-44.20396,-13.14334],[-44.20376,-13.13401],[-44.19379,-13.13136],[-44.19151,-13.12109],[-44.18647,-13.11553],[-44.19077,-13.10316],[-44.19876,-13.10316],[-44.20829,-13.09598],[-44.20508,-13.08813],[-44.20667,-13.08297],[-44.22134,-13.08454],[-44.22478,-13.08224],[-44.22322,-13.07606],[-44.21087,-13.06711],[-44.20964,-13.06068],[-44.21951,-13.05628],[-44.23023,-13.05614],[-44.23227,-13.05185],[-44.22008,-13.0441],[-44.21071,-13.04318],[-44.21418,-13.03408],[-44.21116,-13.03056],[-44.19167,-13.03518],[-44.173,-13.04447],[-44.16464,-13.0421],[-44.17535,-13.03041],[-44.17561,-13.02],[-44.19548,-13.02068],[-44.198,-13.01653],[-44.19492,-13.00853],[-44.20745,-13.00166],[-44.19351,-12.99262],[-44.18904,-12.98606],[-44.19299,-12.97745],[-44.17088,-12.95838],[-44.17478,-12.95332],[-44.18677,-12.95815],[-44.19103,-12.95043],[-44.17854,-12.93783],[-44.17603,-12.92657],[-44.16233,-12.91743],[-44.16356,-12.90163],[-44.15901,-12.90122],[-44.15578,-12.90788],[-44.15199,-12.90877],[-44.14053,-12.89014],[-44.13518,-12.88975],[-44.1285,-12.90451],[-44.14198,-12.90921],[-44.14396,-12.91711],[-44.14069,-12.91964],[-44.133,-12.91765],[-44.12706,-12.9248],[-44.11809,-12.91757],[-44.11345,-12.9071],[-44.10662,-12.91322],[-44.08727,-12.9153],[-44.07703,-12.89886],[-44.07967,-12.89515],[-44.09395,-12.89347],[-44.09876,-12.88682],[-44.11038,-12.88962],[-44.11264,-12.87711],[-44.12027,-12.87033],[-44.11961,-12.86077],[-44.12776,-12.85921],[-44.13169,-12.85305],[-44.14041,-12.8509],[-44.13975,-12.84539],[-44.13373,-12.83963],[-44.12703,-12.84419],[-44.11011,-12.84609],[-44.09181,-12.84344],[-44.09763,-12.83315],[-44.11282,-12.83202],[-44.12118,-12.82519],[-44.11949,-12.8197],[-44.10687,-12.81913],[-44.10159,-12.8165],[-44.09971,-12.81147],[-44.10249,-12.80784],[-44.1203,-12.8062],[-44.12467,-12.78697],[-44.12081,-12.7829],[-44.0893,-12.77552],[-44.08737,-12.77168],[-44.09391,-12.76782],[-44.11599,-12.76683],[-44.12586,-12.74283],[-44.13155,-12.74094],[-44.1427,-12.74391],[-44.14923,-12.74022],[-44.15223,-12.72809],[-44.13894,-12.71168],[-44.14512,-12.70597],[-44.16071,-12.70496],[-44.16237,-12.69372],[-44.15507,-12.68932],[-44.13066,-12.68763],[-44.11902,-12.68027],[-44.10979,-12.68349],[-44.09564,-12.67467],[-44.08966,-12.67409],[-44.07115,-12.65241],[-44.07307,-12.64155],[-44.05011,-12.62441],[-44.05013,-12.6191],[-44.06525,-12.60788],[-44.06054,-12.59783],[-44.04103,-12.5904],[-44.04006,-12.58402],[-44.04388,-12.57702],[-44.02996,-12.56405],[-44.03846,-12.55941],[-44.03911,-12.55533],[-44.03128,-12.54651],[-44.00623,-12.54123],[-44.00027,-12.53283],[-44.00524,-12.52659],[-44.01329,-12.52872],[-44.03148,-12.52338],[-44.02983,-12.51585],[-44.03493,-12.50981],[-44.03002,-12.49857],[-44.03663,-12.49215],[-44.02934,-12.48476],[-44.03312,-12.47851],[-44.03231,-12.47219],[-44.01441,-12.46565],[-44.00919,-12.47079],[-44.00096,-12.4695],[-43.99514,-12.47793],[-43.98792,-12.48087],[-43.98318,-12.47504],[-43.99097,-12.4656],[-43.97985,-12.45425],[-43.97551,-12.4533],[-43.95713,-12.46159],[-43.94643,-12.4573],[-43.94646,-12.45301],[-43.95237,-12.44985],[-43.95263,-12.44369],[-43.93557,-12.4232],[-43.93906,-12.42091],[-43.95385,-12.42512],[-43.95752,-12.41774],[-43.95709,-12.40434],[-43.96693,-12.40415],[-43.96943,-12.40065],[-43.9624,-12.38062],[-43.95168,-12.3801],[-43.93877,-12.36956],[-43.94358,-12.36146],[-43.94221,-12.35637],[-43.92412,-12.34961],[-43.9205,-12.3444],[-43.90409,-12.34381],[-43.89888,-12.33723],[-43.89475,-12.33708],[-43.88332,-12.3477],[-43.89021,-12.35518],[-43.89403,-12.36729],[-43.90822,-12.37173],[-43.92821,-12.39051],[-43.91442,-12.39775],[-43.89274,-12.39116],[-43.88297,-12.40093],[-43.87359,-12.40289],[-43.86214,-12.39837],[-43.86635,-12.39098],[-43.87659,-12.38615],[-43.87068,-12.37491],[-43.85923,-12.37165],[-43.85163,-12.37561],[-43.84521,-12.36757],[-43.85337,-12.35529],[-43.8492,-12.34912],[-43.85371,-12.33825],[-43.84751,-12.31832],[-43.85057,-12.31599],[-43.86178,-12.31707],[-43.86443,-12.31353],[-43.86057,-12.30417],[-43.85372,-12.30343],[-43.85003,-12.29934],[-43.85929,-12.29131],[-43.85272,-12.28036],[-43.85033,-12.26462],[-43.85209,-12.2492],[-43.84302,-12.24683],[-43.84118,-12.24356],[-43.84492,-12.23969],[-43.85687,-12.23751],[-43.85961,-12.21772],[-43.88213,-12.21913],[-43.88394,-12.21452],[-43.87828,-12.20859],[-43.88163,-12.20498],[-43.90731,-12.21115],[-43.91869,-12.21987],[-43.93373,-12.21403],[-43.94484,-12.21927],[-43.95102,-12.20843],[-43.94874,-12.19393],[-43.94009,-12.18197],[-43.92829,-12.17554],[-43.92775,-12.17197],[-43.9357,-12.1677],[-43.97268,-12.17991],[-43.97689,-12.17306],[-43.96883,-12.16222],[-43.96979,-12.15494],[-43.97408,-12.15216],[-43.97852,-12.15182],[-43.98986,-12.15896],[-43.99968,-12.17214],[-44.01971,-12.1763],[-44.02772,-12.17416],[-44.03302,-12.16566],[-44.04383,-12.16529],[-44.0422,-12.155],[-44.02717,-12.1495],[-44.0136,-12.13814],[-44.01904,-12.1326],[-44.05011,-12.14114],[-44.05548,-12.12982],[-44.04897,-12.11683],[-44.03982,-12.11954],[-44.03596,-12.11646],[-44.04381,-12.09442],[-44.04207,-12.08944],[-44.03482,-12.08653],[-44.03024,-12.08001],[-44.03504,-12.07357],[-44.04632,-12.06853],[-44.04512,-12.06234],[-44.03932,-12.05926],[-44.03696,-12.05396],[-44.03517,-12.04447],[-44.03766,-12.0415],[-44.05105,-12.05259],[-44.06339,-12.05587],[-44.07024,-12.05255],[-44.08789,-12.05766],[-44.09297,-12.04635],[-44.11107,-12.0423],[-44.12429,-12.04763],[-44.1267,-12.05951],[-44.13581,-12.0655],[-44.14265,-12.06464],[-44.14589,-12.05844],[-44.15192,-12.05618],[-44.1684,-12.05901],[-44.17268,-12.08184],[-44.19989,-12.09759],[-44.20522,-12.1045],[-44.21598,-12.10766],[-44.22266,-12.11694],[-44.23177,-12.11533],[-44.24225,-12.12391],[-44.24647,-12.12185],[-44.24653,-12.1124],[-44.25803,-12.10846],[-44.27487,-12.12388],[-44.28416,-12.12351],[-44.29253,-12.11537],[-44.29074,-12.10324],[-44.29442,-12.09741],[-44.29129,-12.09069],[-44.29656,-12.08691],[-44.30995,-12.09026],[-44.30807,-12.10059],[-44.31774,-12.10831],[-44.32425,-12.10948],[-44.33081,-12.09965],[-44.33504,-12.09913],[-44.34225,-12.10467],[-44.35369,-12.1216],[-44.35893,-12.12201],[-44.36413,-12.11616],[-44.37788,-12.1206],[-44.38775,-12.12794],[-44.39449,-12.13842],[-44.39857,-12.135],[-44.39578,-12.11475],[-44.39936,-12.11],[-44.43337,-12.1295],[-44.44656,-12.13444],[-44.45441,-12.13346],[-44.46734,-12.11842],[-44.46184,-12.11199],[-44.44788,-12.10509],[-44.44429,-12.09333],[-44.45239,-12.09245],[-44.46394,-12.08089],[-44.4709,-12.08592],[-44.48363,-12.08689],[-44.49415,-12.07623],[-44.49947,-12.07631],[-44.50487,-12.08108],[-44.51068,-12.07967],[-44.5124,-12.07545],[-44.50587,-12.06729],[-44.50792,-12.06324],[-44.51729,-12.05966],[-44.51327,-12.04644],[-44.52891,-12.04745],[-44.53413,-12.04029],[-44.54246,-12.04371],[-44.55107,-12.03774],[-44.57541,-12.03741],[-44.58004,-12.04674],[-44.59956,-12.04612],[-44.6027,-12.04915],[-44.57839,-12.0684],[-44.56991,-12.06878],[-44.56025,-12.0763],[-44.56357,-12.08356],[-44.57337,-12.08831],[-44.56506,-12.09767],[-44.5523,-12.10217],[-44.5579,-12.11428],[-44.55804,-12.12596],[-44.56333,-12.13135],[-44.58262,-12.13605],[-44.59063,-12.13176],[-44.59256,-12.12509],[-44.58572,-12.11809],[-44.58848,-12.11003],[-44.60088,-12.10818],[-44.60494,-12.1023],[-44.61111,-12.10013],[-44.60832,-12.08808],[-44.61134,-12.08429],[-44.61968,-12.08297],[-44.62052,-12.07401],[-44.63255,-12.071],[-44.64188,-12.07308],[-44.64537,-12.06585],[-44.6529,-12.06448],[-44.65682,-12.05701],[-44.6723,-12.05418],[-44.67484,-12.06097],[-44.66628,-12.06447],[-44.66031,-12.08097],[-44.64973,-12.08516],[-44.64324,-12.10118],[-44.63309,-12.10239],[-44.61845,-12.11117],[-44.6173,-12.11478],[-44.62985,-12.12459],[-44.63592,-12.12193],[-44.63884,-12.11446],[-44.6468,-12.1119],[-44.6595,-12.13195],[-44.6673,-12.13238],[-44.6769,-12.13991],[-44.68785,-12.13754],[-44.69317,-12.13938],[-44.69864,-12.1481],[-44.70402,-12.14419],[-44.70414,-12.13484],[-44.69827,-12.1296],[-44.6966,-12.12044],[-44.70906,-12.11343],[-44.71081,-12.10791],[-44.70652,-12.1022],[-44.70212,-12.07999],[-44.70481,-12.07713],[-44.71312,-12.07725],[-44.71861,-12.06882],[-44.72845,-12.07409],[-44.73732,-12.07176],[-44.741,-12.07874],[-44.73921,-12.08582],[-44.74672,-12.09279],[-44.7536,-12.08914],[-44.76024,-12.09412],[-44.77629,-12.09457],[-44.78123,-12.08031],[-44.79501,-12.08166],[-44.79667,-12.08947],[-44.80575,-12.09458],[-44.80641,-12.10148],[-44.81028,-12.10557],[-44.81844,-12.10173],[-44.82824,-12.10266],[-44.82867,-12.10665],[-44.82032,-12.1187],[-44.82719,-12.12871],[-44.8329,-12.13116],[-44.83463,-12.13687],[-44.84101,-12.14021],[-44.84892,-12.12909],[-44.86286,-12.12651],[-44.86303,-12.12233],[-44.85583,-12.11651],[-44.85716,-12.11199],[-44.8728,-12.1054],[-44.87617,-12.11576],[-44.88729,-12.12184],[-44.90235,-12.11469],[-44.906,-12.10479],[-44.92475,-12.09575],[-44.93131,-12.08961],[-44.93278,-12.08243],[-44.94609,-12.07563],[-44.94373,-12.06487],[-44.9357,-12.05342],[-44.91997,-12.04282],[-44.90625,-12.0419],[-44.90661,-12.0378],[-44.91693,-12.02907],[-44.918,-12.02187],[-44.902,-12.01521],[-44.88464,-11.99309],[-44.87717,-11.98189],[-44.86863,-11.95307],[-44.8617,-11.94307],[-44.84813,-11.9364],[-44.84027,-11.94422],[-44.8176,-11.93239],[-44.81631,-11.92315],[-44.8247,-11.91456],[-44.82473,-11.91057],[-44.81714,-11.89423],[-44.80022,-11.88037],[-44.77839,-11.88152],[-44.7678,-11.87899],[-44.74859,-11.86267],[-44.72801,-11.85781],[-44.72434,-11.85201],[-44.72078,-11.8305],[-44.68429,-11.80831],[-44.6716,-11.78433],[-44.67227,-11.77261],[-44.63919,-11.73725],[-44.60949,-11.73274],[-44.58968,-11.72259],[-44.58029,-11.72838],[-44.56192,-11.73255],[-44.53666,-11.72576],[-44.50721,-11.72443],[-44.45571,-11.76225],[-44.43852,-11.76288],[-44.43316,-11.77628],[-44.41975,-11.79223],[-44.39402,-11.7926],[-44.36446,-11.80153],[-44.34726,-11.81034],[-44.32599,-11.81232],[-44.31979,-11.80429],[-44.29809,-11.78956],[-44.29352,-11.7825],[-44.27203,-11.77528],[-44.25306,-11.77878],[-44.2458,-11.7765],[-44.23267,-11.76159],[-44.23256,-11.75314],[-44.22689,-11.74562],[-44.22922,-11.73259],[-44.21885,-11.71747],[-44.20476,-11.71346],[-44.19496,-11.72017],[-44.18382,-11.71712],[-44.18068,-11.70518],[-44.1752,-11.70046],[-44.17614,-11.69105],[-44.17033,-11.68815],[-44.16262,-11.67661],[-44.1671,-11.65182],[-44.14857,-11.62079],[-44.13019,-11.61289],[-44.11844,-11.62061],[-44.08878,-11.62516],[-44.07579,-11.61719],[-44.06988,-11.60945],[-44.06857,-11.60174],[-44.0762,-11.57945],[-44.0659,-11.57258],[-44.03673,-11.56461],[-44.03489,-11.55809],[-44.02774,-11.55086],[-44.02663,-11.52218],[-44.01466,-11.51541],[-43.99238,-11.51107],[-43.98628,-11.50264],[-43.9784,-11.50149],[-43.97735,-11.4925],[-43.96491,-11.47112],[-43.95711,-11.46754],[-43.95292,-11.4579],[-43.94576,-11.45261],[-43.93119,-11.44719],[-43.91233,-11.45426],[-43.887,-11.45635],[-43.87519,-11.45056],[-43.8689,-11.44465],[-43.86169,-11.42575],[-43.86529,-11.41125],[-43.86395,-11.40405],[-43.8405,-11.39069],[-43.8363,-11.35307],[-43.84936,-11.34432],[-43.85488,-11.33203],[-43.87563,-11.31077],[-43.87584,-11.30132],[-43.88774,-11.28802],[-43.89973,-11.26617],[-43.90969,-11.25899],[-43.90875,-11.24666],[-43.9201,-11.23991],[-43.92689,-11.22949],[-43.9347,-11.2244],[-43.9374,-11.21744],[-43.95083,-11.21552],[-43.96689,-11.19437],[-43.9852,-11.19652],[-43.995,-11.19331],[-43.99518,-11.17911],[-44.00752,-11.16851],[-44.00678,-11.15976],[-44.01211,-11.15138],[-44.00456,-11.12067],[-44.01293,-11.1142],[-44.01942,-11.09525],[-44.01699,-11.07815],[-44.00005,-11.07515],[-43.99711,-11.06364],[-44.00068,-11.06105],[-44.01245,-11.06157],[-44.02713,-11.06744],[-44.03641,-11.05652],[-44.05304,-11.04712],[-44.05663,-11.03556],[-44.05525,-11.02611],[-44.05361,-11.01991],[-44.04726,-11.01567],[-44.04618,-11.00419],[-44.05789,-10.99679],[-44.05902,-10.98364],[-44.05151,-10.96961],[-44.0593,-10.95951],[-44.06712,-10.95802],[-44.06622,-10.95078],[-44.06895,-10.94654],[-44.08123,-10.9399],[-44.07973,-10.93206],[-44.0875,-10.92083],[-44.08721,-10.91355],[-44.09655,-10.89364],[-44.09808,-10.8732],[-44.10144,-10.86672],[-44.1254,-10.85386],[-44.13451,-10.85165],[-44.138,-10.85435],[-44.13829,-10.8847],[-44.14707,-10.89914],[-44.1387,-10.91048],[-44.14275,-10.92098],[-44.14137,-10.92819],[-44.15948,-10.95138],[-44.16335,-10.96372],[-44.17551,-10.97542],[-44.18128,-10.98892],[-44.18934,-10.99504],[-44.20318,-10.99391],[-44.20709,-10.98776],[-44.20632,-10.97719],[-44.20909,-10.9724],[-44.21701,-10.97058],[-44.22949,-10.95182],[-44.24228,-10.94733],[-44.25388,-10.92941],[-44.25922,-10.90695],[-44.27029,-10.89915],[-44.27217,-10.88883],[-44.28226,-10.87242],[-44.28736,-10.87183],[-44.31144,-10.88274],[-44.32696,-10.88239],[-44.33649,-10.8893],[-44.34328,-10.90312],[-44.32501,-10.93872],[-44.33707,-10.96071],[-44.33598,-10.97669],[-44.33976,-10.98755],[-44.35149,-11.00192],[-44.35344,-11.02737],[-44.35705,-11.03539],[-44.36353,-11.03627],[-44.36906,-11.02524],[-44.39843,-11.01405],[-44.40995,-11.00316],[-44.42765,-10.99506],[-44.43908,-11.00807],[-44.4619,-11.00381],[-44.48529,-11.01131],[-44.50821,-11.01333],[-44.52176,-11.02765],[-44.54164,-11.02178],[-44.54635,-11.04293],[-44.55274,-11.04935],[-44.57128,-11.05712],[-44.56616,-11.06679],[-44.56787,-11.07135],[-44.58166,-11.08338],[-44.59559,-11.08621],[-44.60548,-11.08439],[-44.60852,-11.07636],[-44.59707,-11.04712],[-44.60173,-11.02896],[-44.60848,-11.02672],[-44.62072,-11.04403],[-44.63558,-11.05701],[-44.62451,-11.06675],[-44.62107,-11.08366],[-44.62511,-11.08591],[-44.63982,-11.08209],[-44.64661,-11.08341],[-44.64008,-11.11378],[-44.64666,-11.11764],[-44.65863,-11.11211],[-44.6589,-11.1241],[-44.66404,-11.12752],[-44.67253,-11.12541],[-44.67312,-11.11501],[-44.67884,-11.10634],[-44.68496,-11.08214],[-44.68897,-11.08148],[-44.70045,-11.08926],[-44.71069,-11.09169],[-44.73585,-11.08689],[-44.75259,-11.07138],[-44.7614,-11.05734],[-44.77249,-11.04957],[-44.78018,-11.03436],[-44.78003,-11.03085],[-44.77207,-11.02758],[-44.77118,-11.0235],[-44.78066,-11.01939],[-44.79265,-11.00761],[-44.7995,-10.99126],[-44.79657,-10.98636],[-44.78185,-10.98218],[-44.78537,-10.97104],[-44.77815,-10.95936],[-44.76364,-10.96018],[-44.76094,-10.95779],[-44.76764,-10.94633],[-44.76148,-10.9372],[-44.76239,-10.92571],[-44.76662,-10.92105],[-44.77573,-10.91863],[-44.77477,-10.91051],[-44.75495,-10.90983],[-44.74663,-10.90213],[-44.72471,-10.90014],[-44.716,-10.89458],[-44.71182,-10.88494],[-44.69787,-10.87803],[-44.68346,-10.87551],[-44.6795,-10.86537],[-44.66881,-10.86712],[-44.66326,-10.86145],[-44.65143,-10.86208],[-44.64972,-10.85544],[-44.6426,-10.8481],[-44.64235,-10.84117],[-44.64582,-10.83582],[-44.64076,-10.81236],[-44.62849,-10.80397],[-44.61484,-10.80526],[-44.60793,-10.79776],[-44.60141,-10.79773],[-44.59436,-10.80209],[-44.58229,-10.79131],[-44.56435,-10.79721],[-44.52598,-10.78537],[-44.51278,-10.79598],[-44.50457,-10.79847],[-44.4977,-10.79497],[-44.4883,-10.78099],[-44.46934,-10.77975],[-44.44759,-10.7733],[-44.43459,-10.78652],[-44.42026,-10.81407],[-44.40831,-10.82009],[-44.40221,-10.81015],[-44.396,-10.80903],[-44.38855,-10.81904],[-44.37882,-10.82514],[-44.37075,-10.81628],[-44.3755,-10.80784],[-44.37411,-10.79917],[-44.38343,-10.77813],[-44.37854,-10.7669],[-44.38141,-10.75451],[-44.37965,-10.74489],[-44.37579,-10.74051],[-44.35395,-10.73407],[-44.34036,-10.73389],[-44.33267,-10.72857],[-44.328,-10.71319],[-44.333,-10.70244],[-44.34499,-10.70227],[-44.36011,-10.68978],[-44.36852,-10.69375],[-44.38548,-10.69177],[-44.38911,-10.69839],[-44.3949,-10.70001],[-44.39575,-10.68547],[-44.38468,-10.68263],[-44.37854,-10.67653],[-44.3624,-10.67782],[-44.35278,-10.67196],[-44.33977,-10.67794],[-44.32557,-10.67838],[-44.31453,-10.67343],[-44.30548,-10.68195],[-44.3019,-10.69037],[-44.29215,-10.68802],[-44.28806,-10.67689],[-44.27793,-10.67774],[-44.26804,-10.68538],[-44.26316,-10.68463],[-44.26141,-10.67928],[-44.27452,-10.66344],[-44.28297,-10.65923],[-44.28325,-10.65493],[-44.27357,-10.65137],[-44.25723,-10.66767],[-44.24385,-10.6566],[-44.21942,-10.65364],[-44.21876,-10.64556],[-44.21097,-10.63727],[-44.2101,-10.63043],[-44.21838,-10.61518]]]]}},{"type":"Feature","properties":{"abbrev_state":"SE","name_state":"Sergipe"},"geometry":{"type":"Polygon","coordinates":[[[-37.76568,-10.19604],[-37.78293,-10.18242],[-37.77485,-10.14216],[-37.77793,-10.13414],[-37.80201,-10.11245],[-37.7988,-10.10407],[-37.80048,-10.09171],[-37.79456,-10.08722],[-37.79194,-10.07126],[-37.78837,-10.07141],[-37.78264,-10.0436],[-37.7909,-10.0327],[-37.79853,-10.03401],[-37.80751,-10.03042],[-37.8103,-10.0345],[-37.8136,-10.03226],[-37.82597,-10.03658],[-37.82513,-10.02891],[-37.82771,-10.02771],[-37.82481,-10.02346],[-37.83305,-10.01942],[-37.84691,-9.99923],[-37.84724,-9.99428],[-37.86256,-9.9886],[-37.8761,-9.97696],[-37.87577,-9.97309],[-37.89607,-9.95428],[-37.89579,-9.94213],[-37.91279,-9.93713],[-37.91344,-9.93311],[-37.90119,-9.92113],[-37.90763,-9.91088],[-37.91225,-9.91837],[-37.91785,-9.91996],[-37.91871,-9.92442],[-37.9239,-9.9255],[-37.93703,-9.93973],[-37.94073,-9.93853],[-37.94453,-9.94322],[-37.95543,-9.943],[-37.96419,-9.93742],[-37.97542,-9.93673],[-37.9828,-9.9261],[-37.98418,-9.91787],[-37.98859,-9.92032],[-37.99675,-9.91866],[-38.0035,-9.90551],[-38.00168,-9.90362],[-37.99837,-9.90592],[-37.99418,-9.90139],[-37.99212,-9.89431],[-37.9941,-9.88071],[-38.00343,-9.87318],[-38.01044,-9.85865],[-38.01398,-9.85727],[-38.01013,-9.85401],[-38.00226,-9.85707],[-37.99544,-9.84608],[-38.00307,-9.8388],[-37.99832,-9.82609],[-37.99997,-9.81433],[-38.01852,-9.80217],[-38.02162,-9.78798],[-38.01796,-9.78618],[-38.02007,-9.77757],[-38.02875,-9.77589],[-38.03254,-9.77027],[-38.03043,-9.76581],[-38.03862,-9.75009],[-38.03678,-9.73969],[-38.04122,-9.73258],[-38.03974,-9.72663],[-38.04329,-9.7234],[-38.04504,-9.69745],[-38.04127,-9.68683],[-38.0343,-9.68672],[-38.03222,-9.66069],[-38.02709,-9.65573],[-38.02076,-9.6602],[-38.00896,-9.64906],[-38.01728,-9.64311],[-38.01666,-9.63887],[-38.0329,-9.63496],[-38.03719,-9.62805],[-38.05562,-9.6322],[-38.05115,-9.62327],[-38.05587,-9.61424],[-38.05255,-9.60528],[-38.06171,-9.59091],[-38.0591,-9.58619],[-38.05073,-9.58856],[-38.03795,-9.58197],[-38.04203,-9.57351],[-38.03725,-9.56921],[-38.0317,-9.56734],[-38.03089,-9.57414],[-38.027,-9.57386],[-38.02662,-9.56811],[-38.01937,-9.56295],[-38.01864,-9.55068],[-38.02387,-9.54849],[-38.02262,-9.54066],[-38.01496,-9.53548],[-38.01418,-9.52783],[-38.00329,-9.51503],[-37.98933,-9.52736],[-37.9563,-9.53408],[-37.92243,-9.54784],[-37.91425,-9.54859],[-37.89247,-9.5398],[-37.88617,-9.55017],[-37.83754,-9.58328],[-37.83311,-9.59489],[-37.82378,-9.5913],[-37.81825,-9.59289],[-37.80707,-9.6101],[-37.79152,-9.62282],[-37.79031,-9.63304],[-37.78555,-9.63918],[-37.74699,-9.62492],[-37.70947,-9.6303],[-37.67039,-9.65598],[-37.65405,-9.68633],[-37.63819,-9.69203],[-37.63353,-9.70013],[-37.59411,-9.72318],[-37.57768,-9.73681],[-37.51537,-9.74587],[-37.47309,-9.74636],[-37.45691,-9.75006],[-37.42492,-9.76157],[-37.4099,-9.76265],[-37.39362,-9.77924],[-37.3491,-9.78981],[-37.32278,-9.81974],[-37.30051,-9.83156],[-37.29152,-9.82891],[-37.28522,-9.83063],[-37.26191,-9.84914],[-37.24951,-9.87516],[-37.2477,-9.88891],[-37.24259,-9.89446],[-37.21716,-9.90005],[-37.19597,-9.89603],[-37.18067,-9.89942],[-37.16254,-9.89385],[-37.13798,-9.91253],[-37.11389,-9.92562],[-37.1063,-9.93943],[-37.08594,-9.9517],[-37.0624,-9.98252],[-37.05087,-9.9821],[-37.03309,-9.98758],[-37.00913,-9.98034],[-36.99637,-9.97237],[-36.98471,-9.98315],[-36.96821,-9.98692],[-36.96169,-9.99637],[-36.95393,-10.01854],[-36.9529,-10.03214],[-36.9566,-10.05373],[-36.94751,-10.0718],[-36.9457,-10.08736],[-36.92885,-10.10118],[-36.92529,-10.11578],[-36.91218,-10.13824],[-36.89438,-10.13953],[-36.88799,-10.14795],[-36.87159,-10.1472],[-36.86705,-10.15646],[-36.88344,-10.16573],[-36.89354,-10.16752],[-36.9006,-10.17767],[-36.90053,-10.18601],[-36.89255,-10.19784],[-36.90107,-10.20822],[-36.90512,-10.22407],[-36.9031,-10.23592],[-36.90885,-10.24708],[-36.90434,-10.26116],[-36.88712,-10.26671],[-36.88062,-10.27157],[-36.87977,-10.27705],[-36.89593,-10.30094],[-36.91697,-10.3017],[-36.9278,-10.32349],[-36.92847,-10.33132],[-36.92125,-10.34577],[-36.91853,-10.36548],[-36.92117,-10.3757],[-36.93459,-10.37826],[-36.94969,-10.38894],[-36.96428,-10.39044],[-36.96458,-10.36881],[-36.95239,-10.35745],[-36.95144,-10.35321],[-36.95452,-10.35108],[-36.9658,-10.35291],[-36.97731,-10.34843],[-36.99632,-10.33391],[-36.99597,-10.31181],[-37.00262,-10.29869],[-36.99948,-10.29297],[-36.9785,-10.28445],[-36.97457,-10.27205],[-36.9792,-10.26357],[-36.97969,-10.25252],[-36.98525,-10.25174],[-36.9999,-10.26675],[-37.01732,-10.27376],[-37.04488,-10.29252],[-37.05026,-10.29154],[-37.05649,-10.28282],[-37.06348,-10.28894],[-37.0778,-10.29034],[-37.08389,-10.28391],[-37.08663,-10.27245],[-37.09437,-10.26554],[-37.11243,-10.26892],[-37.11946,-10.26717],[-37.12536,-10.25197],[-37.12107,-10.23644],[-37.12543,-10.21774],[-37.11197,-10.20579],[-37.10357,-10.19283],[-37.08896,-10.18333],[-37.07725,-10.15531],[-37.08835,-10.14134],[-37.11021,-10.12837],[-37.1197,-10.10992],[-37.12075,-10.10046],[-37.12463,-10.09819],[-37.14135,-10.11289],[-37.15602,-10.11633],[-37.16254,-10.12313],[-37.17574,-10.14215],[-37.18591,-10.17438],[-37.19431,-10.18362],[-37.19673,-10.19876],[-37.21037,-10.20865],[-37.20323,-10.22265],[-37.22065,-10.25962],[-37.22121,-10.26671],[-37.21661,-10.27225],[-37.20663,-10.2636],[-37.20149,-10.26518],[-37.18852,-10.28079],[-37.19115,-10.29228],[-37.1974,-10.29598],[-37.21123,-10.2965],[-37.21264,-10.30742],[-37.2262,-10.31557],[-37.23131,-10.32291],[-37.24313,-10.32754],[-37.2594,-10.35414],[-37.27155,-10.35742],[-37.27721,-10.3638],[-37.28421,-10.36029],[-37.29411,-10.36279],[-37.30278,-10.37203],[-37.31497,-10.37227],[-37.33174,-10.37796],[-37.34126,-10.37716],[-37.35628,-10.38609],[-37.38371,-10.38233],[-37.40989,-10.41554],[-37.41271,-10.42345],[-37.42977,-10.42925],[-37.44119,-10.44142],[-37.44899,-10.45714],[-37.45804,-10.4597],[-37.47397,-10.45673],[-37.48083,-10.46005],[-37.48036,-10.4681],[-37.4769,-10.47214],[-37.44253,-10.48425],[-37.42306,-10.47894],[-37.40846,-10.46697],[-37.39992,-10.46735],[-37.39371,-10.47584],[-37.39379,-10.48316],[-37.43418,-10.49154],[-37.44098,-10.49627],[-37.43736,-10.50329],[-37.43148,-10.50418],[-37.42468,-10.50081],[-37.42077,-10.50424],[-37.43196,-10.51982],[-37.4332,-10.52887],[-37.43003,-10.53554],[-37.4195,-10.54689],[-37.4066,-10.5512],[-37.39909,-10.56143],[-37.37429,-10.54693],[-37.37176,-10.54948],[-37.37363,-10.55833],[-37.37099,-10.56475],[-37.35462,-10.56172],[-37.3272,-10.57046],[-37.30323,-10.58326],[-37.30831,-10.60279],[-37.32385,-10.60816],[-37.33338,-10.61518],[-37.34394,-10.63357],[-37.34452,-10.65432],[-37.33627,-10.67252],[-37.34226,-10.69748],[-37.35073,-10.7091],[-37.3764,-10.71576],[-37.38241,-10.72003],[-37.39355,-10.7443],[-37.41111,-10.75769],[-37.41618,-10.78881],[-37.42614,-10.79428],[-37.44161,-10.79627],[-37.44623,-10.81197],[-37.4523,-10.81657],[-37.46263,-10.80465],[-37.47713,-10.75909],[-37.48789,-10.76629],[-37.49444,-10.76258],[-37.50361,-10.76627],[-37.5129,-10.76192],[-37.51772,-10.76817],[-37.51526,-10.78245],[-37.52006,-10.79062],[-37.52873,-10.79471],[-37.54389,-10.79229],[-37.5487,-10.78404],[-37.5525,-10.76336],[-37.57075,-10.73877],[-37.57212,-10.71503],[-37.56231,-10.69722],[-37.56381,-10.69298],[-37.57928,-10.69935],[-37.58841,-10.6973],[-37.59426,-10.70039],[-37.60425,-10.69756],[-37.6072,-10.71023],[-37.62105,-10.71895],[-37.61884,-10.74846],[-37.60761,-10.76504],[-37.59774,-10.77219],[-37.59169,-10.7842],[-37.58825,-10.80479],[-37.56772,-10.81891],[-37.55161,-10.82519],[-37.53211,-10.8411],[-37.5307,-10.8643],[-37.52491,-10.87183],[-37.52703,-10.8848],[-37.53693,-10.88964],[-37.55239,-10.88377],[-37.56171,-10.87416],[-37.56848,-10.87586],[-37.5741,-10.88207],[-37.57496,-10.88741],[-37.56935,-10.89542],[-37.57891,-10.91117],[-37.57906,-10.92543],[-37.58591,-10.939],[-37.5719,-10.95874],[-37.58255,-10.9816],[-37.581,-10.99189],[-37.57196,-11.00588],[-37.58369,-11.01702],[-37.62628,-11.01673],[-37.62695,-11.03617],[-37.63361,-11.04429],[-37.70808,-11.02234],[-37.71929,-11.0077],[-37.7419,-11.02279],[-37.74091,-11.04481],[-37.72305,-11.07182],[-37.72692,-11.07829],[-37.74504,-11.07807],[-37.76267,-11.0929],[-37.76111,-11.10219],[-37.74945,-11.11239],[-37.75484,-11.12579],[-37.74731,-11.14635],[-37.75335,-11.16617],[-37.75016,-11.19263],[-37.73537,-11.2332],[-37.71927,-11.23768],[-37.70493,-11.27559],[-37.70921,-11.27825],[-37.71941,-11.27188],[-37.72754,-11.28052],[-37.73192,-11.2924],[-37.73055,-11.30495],[-37.75034,-11.32345],[-37.76101,-11.34941],[-37.76439,-11.369],[-37.77128,-11.37907],[-37.79058,-11.38447],[-37.79537,-11.39217],[-37.80126,-11.39473],[-37.80778,-11.39242],[-37.80842,-11.38114],[-37.81197,-11.3783],[-37.81875,-11.37768],[-37.82612,-11.38233],[-37.8376,-11.42015],[-37.83482,-11.44319],[-37.84312,-11.45274],[-37.85149,-11.45532],[-37.86238,-11.45252],[-37.85302,-11.45171],[-37.84811,-11.44303],[-37.85033,-11.44006],[-37.85562,-11.43934],[-37.8585,-11.44326],[-37.86759,-11.44246],[-37.86976,-11.43481],[-37.88034,-11.43321],[-37.87383,-11.42799],[-37.86608,-11.4271],[-37.88238,-11.4247],[-37.8904,-11.43674],[-37.89354,-11.43367],[-37.8989,-11.43836],[-37.90065,-11.42862],[-37.90717,-11.42672],[-37.90373,-11.42115],[-37.90631,-11.41978],[-37.90544,-11.40814],[-37.91039,-11.41047],[-37.9154,-11.4031],[-37.92773,-11.40138],[-37.92849,-11.40966],[-37.93561,-11.41304],[-37.93637,-11.42166],[-37.94316,-11.42458],[-37.94563,-11.42303],[-37.94261,-11.41885],[-37.94536,-11.41279],[-37.95583,-11.40728],[-37.95079,-11.4031],[-37.9528,-11.39449],[-37.96062,-11.3971],[-37.96257,-11.40242],[-37.96678,-11.40097],[-37.96481,-11.39264],[-37.96828,-11.38954],[-37.97782,-11.39266],[-37.98146,-11.38594],[-37.96812,-11.38052],[-37.96932,-11.37289],[-37.97471,-11.37183],[-37.97856,-11.3659],[-37.97976,-11.35398],[-37.98633,-11.34201],[-37.99101,-11.34108],[-37.99307,-11.34374],[-37.99991,-11.34025],[-37.99813,-11.33567],[-37.98739,-11.33146],[-37.99861,-11.32217],[-37.99035,-11.32094],[-37.99165,-11.31284],[-37.99531,-11.3121],[-38.00135,-11.3033],[-38.00326,-11.29278],[-38.01072,-11.29525],[-38.01476,-11.28572],[-38.00225,-11.28541],[-37.99221,-11.27883],[-37.99364,-11.27246],[-37.98674,-11.2721],[-37.98626,-11.26717],[-37.99088,-11.26643],[-37.99585,-11.25948],[-37.98364,-11.24829],[-37.9876,-11.24546],[-37.99029,-11.24861],[-37.99372,-11.23964],[-37.98578,-11.23728],[-37.99064,-11.22799],[-37.97746,-11.22159],[-37.97641,-11.21554],[-37.98176,-11.20997],[-37.97837,-11.20484],[-37.98142,-11.19847],[-37.97461,-11.19676],[-37.97375,-11.19369],[-37.9823,-11.19111],[-37.98395,-11.1957],[-37.98721,-11.19603],[-37.99707,-11.19088],[-37.99847,-11.19422],[-38.00295,-11.19382],[-38.02335,-11.17777],[-38.04095,-11.17857],[-38.04688,-11.18164],[-38.04859,-11.17605],[-38.05721,-11.17205],[-38.06134,-11.16106],[-38.06769,-11.15582],[-38.06595,-11.14893],[-38.07122,-11.14355],[-38.07059,-11.13788],[-38.06429,-11.13095],[-38.06659,-11.12946],[-38.06562,-11.12298],[-38.06884,-11.11877],[-38.07463,-11.12054],[-38.0884,-11.11626],[-38.08755,-11.10932],[-38.09328,-11.10397],[-38.09284,-11.09879],[-38.08653,-11.0992],[-38.08049,-11.08219],[-38.07511,-11.07709],[-38.07952,-11.07266],[-38.08096,-11.06404],[-38.08503,-11.06606],[-38.08623,-11.05919],[-38.0916,-11.05764],[-38.09081,-11.0506],[-38.10242,-11.04398],[-38.09813,-11.03869],[-38.10262,-11.03641],[-38.10094,-11.03241],[-38.10602,-11.02591],[-38.1007,-11.02061],[-38.102,-11.01589],[-38.10805,-11.01068],[-38.12055,-11.00711],[-38.12503,-11.01053],[-38.12446,-11.01634],[-38.12991,-11.01891],[-38.13853,-11.01163],[-38.14418,-11.00166],[-38.14934,-11.00203],[-38.15181,-10.99712],[-38.17005,-10.989],[-38.18019,-10.97513],[-38.18019,-10.96812],[-38.18654,-10.96421],[-38.17953,-10.94887],[-38.18062,-10.94277],[-38.19944,-10.93976],[-38.20283,-10.93505],[-38.19908,-10.92807],[-38.20386,-10.92256],[-38.20696,-10.92265],[-38.21096,-10.93121],[-38.21525,-10.92269],[-38.22725,-10.91601],[-38.22958,-10.89446],[-38.23642,-10.88203],[-38.23888,-10.86688],[-38.23604,-10.86352],[-38.23746,-10.85268],[-38.2314,-10.84293],[-38.23927,-10.82638],[-38.245,-10.82287],[-38.2344,-10.81213],[-38.23834,-10.80018],[-38.23564,-10.79463],[-38.21859,-10.7833],[-38.21566,-10.76825],[-38.20941,-10.76059],[-38.21464,-10.74724],[-38.21315,-10.73116],[-38.21652,-10.72681],[-38.20922,-10.71192],[-38.20272,-10.70954],[-38.18827,-10.70982],[-38.18339,-10.70536],[-38.17647,-10.70546],[-38.17135,-10.71138],[-38.16208,-10.71097],[-38.13281,-10.72087],[-38.13164,-10.71872],[-38.12833,-10.72045],[-38.12669,-10.71586],[-38.12219,-10.71794],[-38.10912,-10.71264],[-38.08325,-10.71226],[-38.06779,-10.71567],[-38.05681,-10.712],[-38.04168,-10.70069],[-38.04084,-10.70431],[-38.03188,-10.708],[-38.03203,-10.72708],[-38.02503,-10.72552],[-37.9768,-10.75793],[-37.96626,-10.7581],[-37.95289,-10.7501],[-37.94548,-10.75652],[-37.90962,-10.71551],[-37.87466,-10.70578],[-37.87307,-10.70077],[-37.8683,-10.70299],[-37.84751,-10.69926],[-37.84635,-10.69438],[-37.83458,-10.68581],[-37.8328,-10.68047],[-37.80863,-10.68763],[-37.8095,-10.67369],[-37.81405,-10.66982],[-37.80299,-10.65216],[-37.80975,-10.64875],[-37.80748,-10.63935],[-37.81672,-10.63138],[-37.81139,-10.62554],[-37.80632,-10.60053],[-37.81432,-10.596],[-37.81784,-10.58577],[-37.82622,-10.58705],[-37.83146,-10.58429],[-37.82588,-10.58095],[-37.83159,-10.57877],[-37.83085,-10.57299],[-37.83508,-10.57061],[-37.83268,-10.56759],[-37.83558,-10.56465],[-37.83257,-10.56111],[-37.84123,-10.55479],[-37.83988,-10.54872],[-37.83185,-10.5515],[-37.83055,-10.54748],[-37.82741,-10.54777],[-37.82923,-10.54065],[-37.82406,-10.53784],[-37.81929,-10.53964],[-37.8227,-10.53136],[-37.81927,-10.52966],[-37.8154,-10.51794],[-37.81682,-10.51262],[-37.81261,-10.50725],[-37.81699,-10.50327],[-37.82099,-10.48364],[-37.85961,-10.42712],[-37.85276,-10.42519],[-37.8528,-10.41675],[-37.84994,-10.41355],[-37.85413,-10.40984],[-37.85311,-10.40628],[-37.83754,-10.4011],[-37.84215,-10.39812],[-37.8411,-10.39016],[-37.8331,-10.38534],[-37.83905,-10.37882],[-37.83415,-10.37964],[-37.82892,-10.3744],[-37.82331,-10.37807],[-37.8217,-10.37224],[-37.81449,-10.37013],[-37.81332,-10.36643],[-37.80763,-10.3675],[-37.80402,-10.36327],[-37.799,-10.36339],[-37.79507,-10.35821],[-37.78769,-10.35611],[-37.78516,-10.34557],[-37.78173,-10.34721],[-37.77868,-10.34319],[-37.77032,-10.34495],[-37.76645,-10.34139],[-37.75692,-10.3431],[-37.74331,-10.33839],[-37.74512,-10.31358],[-37.76866,-10.2892],[-37.75452,-10.29265],[-37.75038,-10.2895],[-37.74886,-10.26432],[-37.75916,-10.25351],[-37.76568,-10.25187],[-37.74709,-10.23807],[-37.76568,-10.19604]]]}},{"type":"Feature","properties":{"abbrev_state":"AL","name_state":"Alagoas"},"geometry":{"type":"Polygon","coordinates":[[[-36.88799,-10.14795],[-36.89438,-10.13953],[-36.91218,-10.13824],[-36.92529,-10.11578],[-36.92885,-10.10118],[-36.9457,-10.08736],[-36.94751,-10.0718],[-36.9566,-10.05373],[-36.9529,-10.03214],[-36.95393,-10.01854],[-36.96169,-9.99637],[-36.96821,-9.98692],[-36.98471,-9.98315],[-36.99637,-9.97237],[-37.00913,-9.98034],[-37.03309,-9.98758],[-37.05087,-9.9821],[-37.0624,-9.98252],[-37.08594,-9.9517],[-37.1063,-9.93943],[-37.11389,-9.92562],[-37.13798,-9.91253],[-37.16254,-9.89385],[-37.18067,-9.89942],[-37.19597,-9.89603],[-37.21716,-9.90005],[-37.24111,-9.89545],[-37.2477,-9.88891],[-37.24951,-9.87516],[-37.26191,-9.84914],[-37.28522,-9.83063],[-37.29152,-9.82891],[-37.30051,-9.83156],[-37.3188,-9.822],[-37.34662,-9.79118],[-37.39362,-9.77924],[-37.4099,-9.76265],[-37.42492,-9.76157],[-37.44205,-9.75379],[-37.47309,-9.74636],[-37.51537,-9.74587],[-37.57768,-9.73681],[-37.59411,-9.72318],[-37.63353,-9.70013],[-37.63819,-9.69203],[-37.65405,-9.68633],[-37.67039,-9.65598],[-37.70947,-9.6303],[-37.74699,-9.62492],[-37.78613,-9.63891],[-37.79031,-9.63304],[-37.79152,-9.62282],[-37.80707,-9.6101],[-37.81825,-9.59289],[-37.82378,-9.5913],[-37.83311,-9.59489],[-37.83754,-9.58328],[-37.88617,-9.55017],[-37.89247,-9.5398],[-37.91714,-9.54895],[-37.9563,-9.53408],[-37.98933,-9.52736],[-38.00329,-9.51503],[-37.99887,-9.49766],[-38.01093,-9.47873],[-38.01994,-9.47592],[-38.02215,-9.46999],[-38.03611,-9.4658],[-38.04316,-9.4686],[-38.05756,-9.4592],[-38.06785,-9.4585],[-38.07025,-9.44798],[-38.07971,-9.44039],[-38.10894,-9.43562],[-38.11338,-9.43618],[-38.11812,-9.44226],[-38.14193,-9.43776],[-38.15495,-9.44342],[-38.1777,-9.42539],[-38.20476,-9.41867],[-38.20187,-9.40038],[-38.19418,-9.39439],[-38.19448,-9.38493],[-38.20029,-9.37943],[-38.20807,-9.36011],[-38.23759,-9.32979],[-38.20308,-9.2969],[-38.17955,-9.29125],[-38.17356,-9.28514],[-38.15738,-9.26262],[-38.15631,-9.24236],[-38.14391,-9.2182],[-38.11925,-9.2018],[-38.10258,-9.18021],[-38.09229,-9.17272],[-38.07926,-9.17053],[-38.0639,-9.17378],[-38.05698,-9.16763],[-38.04454,-9.16882],[-38.03029,-9.16495],[-38.02579,-9.15551],[-38.01101,-9.15603],[-37.99948,-9.15224],[-37.99099,-9.15538],[-37.97856,-9.14766],[-37.9712,-9.12434],[-37.95757,-9.11563],[-37.9516,-9.09731],[-37.94268,-9.09222],[-37.93768,-9.08012],[-37.90788,-9.05222],[-37.90574,-9.04099],[-37.88977,-9.03479],[-37.88098,-9.04035],[-37.87523,-9.02462],[-37.8796,-9.01541],[-37.87449,-9.01152],[-37.86715,-9.01163],[-37.85309,-9.00014],[-37.84601,-8.98477],[-37.8391,-8.97838],[-37.82533,-8.93243],[-37.83364,-8.92641],[-37.82036,-8.9087],[-37.82463,-8.88596],[-37.80975,-8.87711],[-37.7947,-8.87499],[-37.79185,-8.86853],[-37.78644,-8.86618],[-37.78552,-8.85974],[-37.77914,-8.85917],[-37.77365,-8.85303],[-37.7659,-8.85446],[-37.761,-8.84808],[-37.75536,-8.84636],[-37.75023,-8.85837],[-37.74576,-8.8604],[-37.74167,-8.87608],[-37.73812,-8.87985],[-37.73201,-8.87966],[-37.72903,-8.88575],[-37.73077,-8.89088],[-37.72138,-8.89707],[-37.71939,-8.9081],[-37.70392,-8.92193],[-37.69921,-8.93363],[-37.69884,-8.94472],[-37.68972,-8.94949],[-37.68942,-8.95561],[-37.67192,-8.9745],[-37.68465,-8.9765],[-37.69983,-8.98406],[-37.69793,-8.99109],[-37.68707,-8.98774],[-37.68215,-8.99733],[-37.65809,-8.9858],[-37.65778,-8.99267],[-37.65493,-8.99428],[-37.64046,-8.99448],[-37.64092,-9.00061],[-37.63767,-9.00378],[-37.61017,-8.98786],[-37.59705,-8.96907],[-37.55978,-8.97194],[-37.54597,-8.96094],[-37.53107,-8.95996],[-37.51911,-8.96833],[-37.51503,-8.96548],[-37.49986,-8.96813],[-37.49651,-8.97152],[-37.49321,-8.99336],[-37.48398,-8.98898],[-37.4602,-9.00114],[-37.41099,-9.00928],[-37.40212,-9.01852],[-37.39614,-9.02011],[-37.39557,-9.0281],[-37.39141,-9.02698],[-37.35864,-9.05389],[-37.33444,-9.08186],[-37.33089,-9.09071],[-37.3148,-9.09497],[-37.3107,-9.10042],[-37.31106,-9.10754],[-37.29657,-9.12092],[-37.28229,-9.14884],[-37.26256,-9.15888],[-37.26201,-9.16371],[-37.24708,-9.17902],[-37.24323,-9.18604],[-37.24679,-9.19038],[-37.23917,-9.20332],[-37.23356,-9.20659],[-37.23236,-9.22232],[-37.22878,-9.22554],[-37.23389,-9.23215],[-37.23434,-9.24018],[-37.21217,-9.22112],[-37.19832,-9.21548],[-37.15895,-9.2391],[-37.16972,-9.25796],[-37.16939,-9.27243],[-37.16434,-9.27571],[-37.14239,-9.26808],[-37.12992,-9.26006],[-37.11648,-9.24093],[-37.10817,-9.23872],[-37.09067,-9.24636],[-37.0673,-9.26724],[-37.0572,-9.28179],[-37.06193,-9.29737],[-37.05758,-9.31754],[-37.05445,-9.30713],[-37.04553,-9.31588],[-37.02429,-9.31572],[-37.00336,-9.35261],[-36.97908,-9.35953],[-36.95243,-9.38254],[-36.94401,-9.38234],[-36.9311,-9.37158],[-36.93788,-9.35282],[-36.92227,-9.33976],[-36.92094,-9.33249],[-36.92732,-9.32541],[-36.91369,-9.29606],[-36.89795,-9.2812],[-36.88979,-9.28364],[-36.87477,-9.27696],[-36.87978,-9.27637],[-36.87508,-9.27435],[-36.87296,-9.26868],[-36.84837,-9.2767],[-36.83971,-9.28821],[-36.83604,-9.28863],[-36.77094,-9.27358],[-36.76567,-9.28259],[-36.76837,-9.3016],[-36.75998,-9.30718],[-36.75481,-9.30651],[-36.74168,-9.29418],[-36.73945,-9.27914],[-36.71297,-9.28827],[-36.70653,-9.31005],[-36.71489,-9.3203],[-36.71437,-9.33125],[-36.70219,-9.35817],[-36.69584,-9.36289],[-36.68568,-9.36351],[-36.68068,-9.38291],[-36.67336,-9.39184],[-36.66891,-9.39284],[-36.66141,-9.38858],[-36.65083,-9.40482],[-36.64235,-9.41011],[-36.62228,-9.39807],[-36.59441,-9.40156],[-36.58388,-9.39615],[-36.57402,-9.39571],[-36.5568,-9.41887],[-36.55599,-9.43021],[-36.51556,-9.43076],[-36.51511,-9.43596],[-36.52309,-9.44087],[-36.52503,-9.44557],[-36.5238,-9.45425],[-36.51779,-9.4629],[-36.49433,-9.47274],[-36.46822,-9.47388],[-36.45703,-9.4797],[-36.45779,-9.48721],[-36.46742,-9.50156],[-36.4722,-9.51963],[-36.48644,-9.54376],[-36.49296,-9.56222],[-36.48695,-9.57746],[-36.49059,-9.59454],[-36.4972,-9.60482],[-36.49041,-9.61548],[-36.48285,-9.61351],[-36.47917,-9.61586],[-36.4761,-9.63149],[-36.47872,-9.64038],[-36.48569,-9.64887],[-36.47138,-9.65623],[-36.46832,-9.6728],[-36.47423,-9.68696],[-36.47933,-9.69124],[-36.47463,-9.70286],[-36.47647,-9.71754],[-36.48738,-9.74032],[-36.5045,-9.75272],[-36.52893,-9.75684],[-36.56393,-9.75089],[-36.5921,-9.75909],[-36.60811,-9.75754],[-36.63201,-9.7493],[-36.6534,-9.76765],[-36.65382,-9.78382],[-36.63178,-9.80558],[-36.62689,-9.81943],[-36.62715,-9.83006],[-36.60674,-9.83234],[-36.60303,-9.85244],[-36.6068,-9.85784],[-36.62635,-9.85421],[-36.64281,-9.84466],[-36.64978,-9.84819],[-36.65101,-9.85559],[-36.62397,-9.87041],[-36.62347,-9.87501],[-36.62867,-9.88282],[-36.62595,-9.88843],[-36.61976,-9.88976],[-36.61111,-9.87966],[-36.6029,-9.87678],[-36.5928,-9.88196],[-36.58066,-9.89709],[-36.58573,-9.90174],[-36.61312,-9.89626],[-36.62222,-9.90192],[-36.62597,-9.90973],[-36.62265,-9.92086],[-36.59972,-9.93192],[-36.59958,-9.94405],[-36.61293,-9.94276],[-36.61726,-9.94708],[-36.61402,-9.95236],[-36.59219,-9.96765],[-36.58951,-9.97765],[-36.59143,-9.99032],[-36.56596,-9.99182],[-36.5528,-9.97348],[-36.5408,-9.96654],[-36.52927,-9.9682],[-36.52202,-9.97622],[-36.52235,-9.99745],[-36.53665,-10.01497],[-36.52226,-10.03613],[-36.52712,-10.04634],[-36.54293,-10.047],[-36.55143,-10.02736],[-36.56172,-10.02491],[-36.56845,-10.01841],[-36.59768,-10.03369],[-36.59591,-10.05075],[-36.5761,-10.04423],[-36.57188,-10.04834],[-36.58012,-10.06342],[-36.58117,-10.07727],[-36.59521,-10.09736],[-36.58949,-10.09986],[-36.56319,-10.07399],[-36.54892,-10.06761],[-36.53621,-10.06886],[-36.52994,-10.08228],[-36.54076,-10.09846],[-36.56221,-10.11243],[-36.55878,-10.12294],[-36.55255,-10.12996],[-36.55844,-10.14092],[-36.57773,-10.1489],[-36.59584,-10.16718],[-36.61608,-10.17986],[-36.63372,-10.17967],[-36.63518,-10.17528],[-36.62839,-10.16974],[-36.62899,-10.1652],[-36.64227,-10.16513],[-36.65078,-10.15849],[-36.65774,-10.15908],[-36.67419,-10.1504],[-36.68322,-10.13729],[-36.69586,-10.14771],[-36.70445,-10.14769],[-36.70798,-10.14234],[-36.71171,-10.11736],[-36.71985,-10.10443],[-36.72685,-10.10675],[-36.74027,-10.1243],[-36.75124,-10.13019],[-36.7638,-10.14339],[-36.76253,-10.14749],[-36.7541,-10.1494],[-36.73638,-10.14149],[-36.71887,-10.13847],[-36.71544,-10.14448],[-36.71641,-10.14922],[-36.72698,-10.15162],[-36.73993,-10.16058],[-36.75332,-10.16141],[-36.77836,-10.15524],[-36.78565,-10.17109],[-36.78897,-10.17252],[-36.79993,-10.16106],[-36.79767,-10.15211],[-36.80031,-10.1454],[-36.81657,-10.1382],[-36.83387,-10.14071],[-36.85313,-10.13681],[-36.8703,-10.14224],[-36.87159,-10.1472],[-36.88799,-10.14795]]]}},{"type":"Feature","properties":{"abbrev_state":"PB","name_state":"Paraíba"},"geometry":{"type":"MultiPolygon","coordinates":[[[[-38.6898,-7.04023],[-38.69266,-7.03491],[-38.69099,-7.02996],[-38.69491,-7.02694],[-38.73058,-7.01203],[-38.75099,-6.99731],[-38.75869,-6.99846],[-38.765,-6.9939],[-38.76096,-6.99005],[-38.75189,-6.98858],[-38.74225,-6.97428],[-38.74808,-6.9667],[-38.74697,-6.96058],[-38.7573,-6.95818],[-38.7656,-6.94947],[-38.76402,-6.94462],[-38.75524,-6.93913],[-38.76241,-6.92654],[-38.75877,-6.92528],[-38.75922,-6.91548],[-38.76518,-6.91094],[-38.75628,-6.90359],[-38.73029,-6.89681],[-38.73242,-6.88923],[-38.72974,-6.88727],[-38.71401,-6.88615],[-38.71585,-6.87928],[-38.71036,-6.87466],[-38.70242,-6.87687],[-38.69482,-6.87456],[-38.68669,-6.86579],[-38.67542,-6.86183],[-38.6772,-6.85433],[-38.66888,-6.84296],[-38.67294,-6.83614],[-38.6469,-6.80718],[-38.63635,-6.80473],[-38.6389,-6.79229],[-38.61692,-6.7933],[-38.61393,-6.78244],[-38.62902,-6.77771],[-38.64027,-6.76399],[-38.65268,-6.75976],[-38.64997,-6.75224],[-38.65753,-6.74076],[-38.65598,-6.73024],[-38.66489,-6.72409],[-38.66646,-6.71704],[-38.67338,-6.70965],[-38.67004,-6.70255],[-38.67315,-6.69722],[-38.66446,-6.68019],[-38.66058,-6.6788],[-38.66236,-6.67432],[-38.65196,-6.67318],[-38.64641,-6.66243],[-38.64697,-6.65421],[-38.65708,-6.64229],[-38.65679,-6.6366],[-38.65526,-6.63048],[-38.64913,-6.62759],[-38.64666,-6.61598],[-38.62916,-6.60458],[-38.63293,-6.58993],[-38.64285,-6.58118],[-38.63308,-6.56921],[-38.63263,-6.56244],[-38.62566,-6.55798],[-38.62661,-6.55295],[-38.60708,-6.52951],[-38.61052,-6.53229],[-38.61611,-6.52815],[-38.61229,-6.51319],[-38.59497,-6.50044],[-38.57578,-6.47797],[-38.57041,-6.4702],[-38.56982,-6.45488],[-38.5564,-6.44764],[-38.55427,-6.43276],[-38.53624,-6.41985],[-38.52452,-6.40708],[-38.51791,-6.40873],[-38.5248,-6.40122],[-38.52452,-6.39611],[-38.5294,-6.39289],[-38.54272,-6.40198],[-38.55152,-6.39817],[-38.56435,-6.39973],[-38.57197,-6.40411],[-38.58099,-6.40176],[-38.58155,-6.39673],[-38.58717,-6.39427],[-38.59413,-6.39686],[-38.6018,-6.39171],[-38.60074,-6.38796],[-38.59494,-6.38657],[-38.59247,-6.37825],[-38.58296,-6.37404],[-38.57311,-6.37492],[-38.57608,-6.36269],[-38.56735,-6.36153],[-38.56674,-6.35708],[-38.56038,-6.35464],[-38.54507,-6.35376],[-38.54985,-6.3507],[-38.54501,-6.34459],[-38.5338,-6.34173],[-38.5166,-6.34623],[-38.50542,-6.35651],[-38.49418,-6.34482],[-38.4765,-6.33383],[-38.45839,-6.33021],[-38.47604,-6.34573],[-38.48975,-6.36345],[-38.49021,-6.36814],[-38.48308,-6.38111],[-38.48506,-6.39942],[-38.45206,-6.39249],[-38.44884,-6.39458],[-38.44796,-6.40335],[-38.42604,-6.41412],[-38.39932,-6.40979],[-38.38453,-6.42222],[-38.38194,-6.43206],[-38.37512,-6.43738],[-38.37366,-6.45578],[-38.36379,-6.45364],[-38.36098,-6.46199],[-38.34856,-6.45574],[-38.33932,-6.46013],[-38.3307,-6.45891],[-38.31826,-6.47378],[-38.31409,-6.48733],[-38.29403,-6.4894],[-38.28872,-6.50562],[-38.26985,-6.49444],[-38.26141,-6.48515],[-38.24727,-6.48498],[-38.23923,-6.4803],[-38.20055,-6.48828],[-38.19226,-6.49833],[-38.18745,-6.49919],[-38.16117,-6.49911],[-38.14788,-6.49149],[-38.13552,-6.51848],[-38.11706,-6.52267],[-38.09799,-6.50949],[-38.0954,-6.49359],[-38.08302,-6.48589],[-38.07015,-6.46275],[-38.06194,-6.45945],[-38.05924,-6.45313],[-38.05395,-6.45368],[-38.04971,-6.44105],[-38.0434,-6.44335],[-38.04392,-6.45198],[-38.03701,-6.45705],[-38.04064,-6.47304],[-38.02948,-6.47584],[-38.02182,-6.46846],[-38.01295,-6.46885],[-38.01997,-6.446],[-38.00823,-6.43219],[-38.01439,-6.43039],[-38.0137,-6.42743],[-37.97908,-6.42669],[-37.96868,-6.41874],[-37.96802,-6.40512],[-37.9554,-6.39821],[-37.95521,-6.40806],[-37.94544,-6.42262],[-37.92605,-6.42114],[-37.92293,-6.41466],[-37.90153,-6.39968],[-37.89026,-6.40014],[-37.88625,-6.397],[-37.88426,-6.39168],[-37.88851,-6.38721],[-37.88822,-6.36437],[-37.85983,-6.37488],[-37.85424,-6.36632],[-37.84153,-6.36303],[-37.84412,-6.35436],[-37.83426,-6.34239],[-37.84293,-6.3358],[-37.84252,-6.32999],[-37.83373,-6.32178],[-37.81475,-6.31514],[-37.81454,-6.31231],[-37.82403,-6.30603],[-37.81212,-6.29273],[-37.79452,-6.28903],[-37.75766,-6.29077],[-37.75808,-6.28659],[-37.77142,-6.27307],[-37.77048,-6.26564],[-37.76052,-6.25409],[-37.77661,-6.24587],[-37.76307,-6.24114],[-37.76164,-6.23629],[-37.77562,-6.23134],[-37.76385,-6.2189],[-37.75308,-6.21443],[-37.75457,-6.20019],[-37.74237,-6.18898],[-37.70752,-6.17686],[-37.69588,-6.18729],[-37.66308,-6.19102],[-37.64671,-6.18939],[-37.63848,-6.17984],[-37.59991,-6.17401],[-37.56962,-6.15544],[-37.56065,-6.16453],[-37.53999,-6.16593],[-37.53635,-6.15284],[-37.50289,-6.15214],[-37.5034,-6.1444],[-37.48937,-6.14444],[-37.48299,-6.15168],[-37.45895,-6.145],[-37.45867,-6.1332],[-37.45493,-6.13319],[-37.45391,-6.12007],[-37.44569,-6.1122],[-37.42595,-6.109],[-37.40781,-6.11278],[-37.39363,-6.10939],[-37.38234,-6.08555],[-37.37156,-6.08278],[-37.35443,-6.08649],[-37.33578,-6.06746],[-37.3092,-6.05776],[-37.30059,-6.05026],[-37.29557,-6.05009],[-37.28692,-6.05799],[-37.27248,-6.0557],[-37.26358,-6.04636],[-37.26258,-6.03846],[-37.25379,-6.02657],[-37.23186,-6.02759],[-37.22269,-6.04215],[-37.2044,-6.03815],[-37.19429,-6.04803],[-37.17393,-6.04802],[-37.17557,-6.05494],[-37.17056,-6.08306],[-37.17265,-6.09883],[-37.16679,-6.10865],[-37.1751,-6.14218],[-37.16638,-6.15391],[-37.15692,-6.15249],[-37.16568,-6.17037],[-37.17422,-6.1801],[-37.19294,-6.18308],[-37.19424,-6.19825],[-37.20158,-6.2057],[-37.23427,-6.21328],[-37.25153,-6.22646],[-37.27055,-6.25171],[-37.27473,-6.28143],[-37.31698,-6.27867],[-37.32145,-6.28281],[-37.33042,-6.30633],[-37.35111,-6.31437],[-37.36653,-6.32558],[-37.37812,-6.34701],[-37.37754,-6.36933],[-37.38855,-6.37973],[-37.38883,-6.39098],[-37.39716,-6.40506],[-37.39752,-6.4181],[-37.3866,-6.42604],[-37.38124,-6.43711],[-37.39095,-6.45284],[-37.39689,-6.51421],[-37.41571,-6.53188],[-37.46472,-6.53266],[-37.47367,-6.5376],[-37.48236,-6.54771],[-37.48191,-6.55725],[-37.47481,-6.56445],[-37.48012,-6.59415],[-37.48038,-6.60522],[-37.476,-6.60811],[-37.47453,-6.61791],[-37.47722,-6.64191],[-37.46619,-6.65996],[-37.4752,-6.67282],[-37.47098,-6.68034],[-37.4847,-6.71004],[-37.40733,-6.6972],[-37.3957,-6.70037],[-37.34271,-6.70125],[-37.3143,-6.68897],[-37.28372,-6.69391],[-37.29017,-6.71304],[-37.27992,-6.72423],[-37.26392,-6.73217],[-37.26936,-6.76199],[-37.27395,-6.76679],[-37.25733,-6.7804],[-37.26059,-6.78736],[-37.25542,-6.79847],[-37.25514,-6.81106],[-37.2346,-6.82464],[-37.19067,-6.82537],[-37.15371,-6.79979],[-37.14369,-6.78325],[-37.137,-6.78052],[-37.12894,-6.76598],[-37.12006,-6.76729],[-37.05942,-6.74943],[-37.04129,-6.74006],[-36.99983,-6.70771],[-36.98994,-6.70915],[-36.97762,-6.72186],[-36.9718,-6.74065],[-36.97333,-6.7582],[-36.97071,-6.7683],[-36.95814,-6.77568],[-36.95266,-6.77515],[-36.9591,-6.7833],[-36.95714,-6.79048],[-36.93152,-6.76857],[-36.90343,-6.75361],[-36.83503,-6.73107],[-36.77273,-6.78707],[-36.76947,-6.83875],[-36.73052,-6.83544],[-36.74499,-6.87951],[-36.75741,-6.89936],[-36.7621,-6.92687],[-36.76654,-6.93587],[-36.74411,-6.96777],[-36.71855,-6.98273],[-36.714,-6.98149],[-36.69467,-6.93449],[-36.68722,-6.92596],[-36.66081,-6.927],[-36.63745,-6.93381],[-36.61653,-6.93402],[-36.60979,-6.93684],[-36.56794,-6.8748],[-36.56679,-6.86659],[-36.57396,-6.8594],[-36.5698,-6.84801],[-36.56016,-6.84077],[-36.55021,-6.84355],[-36.5471,-6.84054],[-36.54435,-6.84296],[-36.53131,-6.82708],[-36.51198,-6.81957],[-36.50694,-6.81301],[-36.5013,-6.77757],[-36.50256,-6.75762],[-36.52057,-6.74568],[-36.52777,-6.73494],[-36.5442,-6.7312],[-36.55888,-6.70911],[-36.54742,-6.69515],[-36.54175,-6.66606],[-36.52101,-6.61316],[-36.52454,-6.59965],[-36.51381,-6.59439],[-36.50796,-6.59545],[-36.50202,-6.60148],[-36.47348,-6.61441],[-36.46052,-6.63439],[-36.44935,-6.6242],[-36.43628,-6.62822],[-36.44439,-6.55832],[-36.44917,-6.55391],[-36.47562,-6.54493],[-36.48075,-6.53533],[-36.48263,-6.51954],[-36.50043,-6.51351],[-36.51647,-6.50291],[-36.52585,-6.50116],[-36.53097,-6.45207],[-36.51867,-6.41808],[-36.50749,-6.40012],[-36.49985,-6.35816],[-36.43031,-6.36226],[-36.39456,-6.29397],[-36.35758,-6.30999],[-36.30759,-6.2815],[-36.27987,-6.30886],[-36.27675,-6.34043],[-36.28155,-6.3546],[-36.29284,-6.36481],[-36.29881,-6.37654],[-36.29597,-6.39323],[-36.25901,-6.40478],[-36.25116,-6.40442],[-36.24977,-6.43736],[-36.17176,-6.4306],[-36.14375,-6.42532],[-36.11019,-6.42918],[-36.10311,-6.42155],[-36.08674,-6.41584],[-36.07772,-6.40509],[-36.07271,-6.41042],[-36.07376,-6.41487],[-36.06723,-6.41509],[-36.06174,-6.41025],[-36.05568,-6.4262],[-36.03671,-6.44427],[-36.01328,-6.45504],[-36.00834,-6.46512],[-36.01291,-6.47279],[-36.00736,-6.47452],[-36.00535,-6.48105],[-35.97765,-6.48891],[-35.96524,-6.48436],[-35.94418,-6.49301],[-35.76336,-6.48219],[-35.72619,-6.46961],[-35.7186,-6.47253],[-35.71126,-6.47109],[-35.68197,-6.44793],[-35.67135,-6.45172],[-35.66516,-6.45051],[-35.66016,-6.44528],[-35.62319,-6.45866],[-35.61965,-6.45722],[-35.61687,-6.46263],[-35.60019,-6.46061],[-35.59216,-6.47163],[-35.59171,-6.47716],[-35.58053,-6.48711],[-35.56419,-6.48747],[-35.5648,-6.49178],[-35.56167,-6.49264],[-35.5521,-6.49082],[-35.54669,-6.48187],[-35.54076,-6.48297],[-35.53796,-6.47991],[-35.53364,-6.48303],[-35.5253,-6.4761],[-35.51775,-6.4794],[-35.51235,-6.47682],[-35.50141,-6.4778],[-35.49579,-6.48326],[-35.49198,-6.48008],[-35.48428,-6.48601],[-35.47714,-6.48685],[-35.47311,-6.48316],[-35.46422,-6.48271],[-35.46005,-6.47678],[-35.4467,-6.48684],[-35.44265,-6.47937],[-35.44162,-6.48773],[-35.41239,-6.48825],[-35.40075,-6.4916],[-35.36451,-6.51204],[-35.34126,-6.53862],[-35.33077,-6.54434],[-35.27457,-6.54388],[-35.25321,-6.53401],[-35.23137,-6.53074],[-35.23239,-6.53533],[-35.22665,-6.54064],[-35.22355,-6.55147],[-35.22702,-6.55462],[-35.24218,-6.55634],[-35.23852,-6.56737],[-35.24678,-6.57439],[-35.24396,-6.59262],[-35.24557,-6.60323],[-35.25743,-6.61244],[-35.26575,-6.6129],[-35.26876,-6.63028],[-35.26541,-6.63253],[-35.2548,-6.63107],[-35.25106,-6.63777],[-35.24124,-6.64328],[-35.23432,-6.63876],[-35.22447,-6.63945],[-35.21242,-6.65372],[-35.21288,-6.66243],[-35.20985,-6.66552],[-35.1863,-6.6586],[-35.17457,-6.65862],[-35.17119,-6.66167],[-35.17553,-6.66932],[-35.22159,-6.6876],[-35.22089,-6.69156],[-35.2106,-6.69897],[-35.20833,-6.70744],[-35.21155,-6.71858],[-35.20139,-6.72945],[-35.20876,-6.73908],[-35.21179,-6.75361],[-35.20243,-6.75813],[-35.20353,-6.76554],[-35.2002,-6.77138],[-35.20358,-6.77677],[-35.21112,-6.77843],[-35.21238,-6.78492],[-35.20703,-6.78928],[-35.18828,-6.77953],[-35.18421,-6.78011],[-35.18414,-6.80263],[-35.17398,-6.80288],[-35.15584,-6.82489],[-35.14557,-6.82489],[-35.13764,-6.84159],[-35.14069,-6.84827],[-35.13867,-6.85176],[-35.12935,-6.85085],[-35.11844,-6.83608],[-35.13812,-6.81392],[-35.13531,-6.80894],[-35.12882,-6.80957],[-35.12141,-6.8044],[-35.11002,-6.80396],[-35.07402,-6.81601],[-35.074,-6.8217],[-35.09951,-6.83383],[-35.10149,-6.83843],[-35.08656,-6.84222],[-35.07361,-6.83765],[-35.06698,-6.84538],[-35.08002,-6.85701],[-35.09367,-6.84983],[-35.09927,-6.86053],[-35.10842,-6.85749],[-35.12264,-6.86701],[-35.15274,-6.86627],[-35.16066,-6.85934],[-35.20227,-6.85599],[-35.22989,-6.87144],[-35.23345,-6.87996],[-35.23393,-6.89532],[-35.22374,-6.90946],[-35.21237,-6.91728],[-35.20925,-6.92773],[-35.21086,-6.93566],[-35.20709,-6.94317],[-35.21129,-6.95477],[-35.22072,-6.95969],[-35.23207,-6.95353],[-35.24271,-6.96522],[-35.24043,-6.97207],[-35.23216,-6.97926],[-35.21603,-6.97508],[-35.20949,-6.97628],[-35.20782,-6.98022],[-35.21653,-6.9928],[-35.22172,-6.99486],[-35.23827,-6.99444],[-35.25981,-6.98904],[-35.26673,-6.99491],[-35.26456,-6.9985],[-35.24189,-7.0055],[-35.24222,-7.01487],[-35.25065,-7.01986],[-35.25124,-7.03559],[-35.24584,-7.03635],[-35.23552,-7.02974],[-35.22284,-7.03346],[-35.21975,-7.03766],[-35.22334,-7.04969],[-35.2107,-7.05335],[-35.20051,-7.07226],[-35.19301,-7.07131],[-35.18895,-7.0749],[-35.189,-7.08702],[-35.20052,-7.0883],[-35.20343,-7.09261],[-35.2039,-7.10604],[-35.19652,-7.11312],[-35.18956,-7.11711],[-35.18512,-7.11569],[-35.18218,-7.09919],[-35.17513,-7.0881],[-35.15196,-7.08516],[-35.15041,-7.07248],[-35.13963,-7.07275],[-35.13372,-7.06314],[-35.12483,-7.06055],[-35.12125,-7.07062],[-35.13252,-7.08699],[-35.13101,-7.10346],[-35.11743,-7.11493],[-35.1052,-7.11418],[-35.09974,-7.11723],[-35.09967,-7.12656],[-35.09455,-7.13166],[-35.09663,-7.13792],[-35.11091,-7.148],[-35.13674,-7.14647],[-35.13839,-7.16043],[-35.13464,-7.17088],[-35.13936,-7.17842],[-35.1411,-7.19368],[-35.16587,-7.21314],[-35.17267,-7.21314],[-35.1789,-7.19414],[-35.18704,-7.19525],[-35.19135,-7.21827],[-35.20751,-7.22163],[-35.21217,-7.22742],[-35.21144,-7.23247],[-35.2019,-7.23891],[-35.1993,-7.24702],[-35.20327,-7.25927],[-35.23008,-7.26472],[-35.22822,-7.27635],[-35.22071,-7.28046],[-35.21584,-7.29773],[-35.24261,-7.30574],[-35.25108,-7.31909],[-35.25256,-7.32927],[-35.26244,-7.33504],[-35.2695,-7.34638],[-35.28891,-7.34054],[-35.29913,-7.34262],[-35.30034,-7.35106],[-35.29268,-7.36392],[-35.29771,-7.38624],[-35.32929,-7.39098],[-35.33585,-7.38645],[-35.34672,-7.39167],[-35.35504,-7.38902],[-35.36605,-7.40491],[-35.37836,-7.39662],[-35.39189,-7.39464],[-35.40687,-7.4051],[-35.40024,-7.42106],[-35.40519,-7.43724],[-35.41242,-7.44132],[-35.41293,-7.4554],[-35.41755,-7.46108],[-35.4257,-7.4562],[-35.42648,-7.44917],[-35.43112,-7.44489],[-35.42401,-7.43387],[-35.42562,-7.42142],[-35.44953,-7.40434],[-35.46361,-7.40761],[-35.48227,-7.42206],[-35.4806,-7.43073],[-35.4845,-7.43778],[-35.51429,-7.44029],[-35.5197,-7.44734],[-35.51732,-7.45862],[-35.5227,-7.46682],[-35.50477,-7.47899],[-35.50964,-7.48384],[-35.51781,-7.48161],[-35.52505,-7.48467],[-35.52318,-7.49779],[-35.51871,-7.50302],[-35.52029,-7.50874],[-35.51714,-7.5134],[-35.51665,-7.52488],[-35.52867,-7.52952],[-35.53176,-7.53526],[-35.53761,-7.53772],[-35.53766,-7.54371],[-35.54192,-7.54939],[-35.54057,-7.55805],[-35.54678,-7.57376],[-35.56896,-7.57606],[-35.57528,-7.58092],[-35.58631,-7.58267],[-35.58113,-7.59637],[-35.58431,-7.61308],[-35.5975,-7.63564],[-35.61966,-7.64342],[-35.62531,-7.63599],[-35.63235,-7.6349],[-35.64086,-7.641],[-35.65571,-7.64369],[-35.66632,-7.66049],[-35.66188,-7.66618],[-35.64106,-7.65794],[-35.63151,-7.65843],[-35.62885,-7.66126],[-35.64285,-7.68786],[-35.6503,-7.69407],[-35.65743,-7.69767],[-35.66747,-7.69743],[-35.68411,-7.7078],[-35.70008,-7.69186],[-35.70819,-7.69735],[-35.71362,-7.70737],[-35.73655,-7.7096],[-35.74311,-7.71377],[-35.74725,-7.7232],[-35.76485,-7.7249],[-35.78058,-7.73835],[-35.79478,-7.73989],[-35.8061,-7.74668],[-35.81279,-7.74571],[-35.8285,-7.75165],[-35.84175,-7.74698],[-35.86229,-7.75103],[-35.87212,-7.74954],[-35.88183,-7.75445],[-35.88383,-7.77478],[-35.90441,-7.79224],[-35.93288,-7.78443],[-35.94237,-7.7902],[-35.95903,-7.78726],[-35.96996,-7.78946],[-35.98137,-7.80319],[-35.99275,-7.80047],[-35.99822,-7.81376],[-36.02159,-7.81024],[-36.03364,-7.7966],[-36.04199,-7.79369],[-36.05387,-7.80136],[-36.06899,-7.78097],[-36.08093,-7.77906],[-36.10067,-7.77868],[-36.11728,-7.78579],[-36.14337,-7.78156],[-36.18353,-7.7839],[-36.20096,-7.7899],[-36.20648,-7.77038],[-36.21663,-7.7641],[-36.252,-7.79214],[-36.25434,-7.80169],[-36.24231,-7.80733],[-36.24001,-7.81768],[-36.2475,-7.8261],[-36.26133,-7.83208],[-36.27111,-7.83057],[-36.29436,-7.8119],[-36.30913,-7.80669],[-36.33688,-7.80942],[-36.36072,-7.80572],[-36.37345,-7.81262],[-36.39454,-7.80761],[-36.40742,-7.81408],[-36.42405,-7.81578],[-36.42996,-7.82711],[-36.42906,-7.86704],[-36.44038,-7.87825],[-36.43272,-7.87999],[-36.4297,-7.88656],[-36.43692,-7.90027],[-36.44576,-7.90817],[-36.44411,-7.91528],[-36.4641,-7.91535],[-36.48014,-7.92476],[-36.48812,-7.91538],[-36.49939,-7.92031],[-36.53363,-7.90218],[-36.55202,-7.89871],[-36.56388,-7.901],[-36.57481,-7.9075],[-36.5782,-7.91525],[-36.57259,-7.93597],[-36.57998,-7.94864],[-36.57419,-7.95167],[-36.57348,-7.95743],[-36.58686,-7.95866],[-36.61188,-7.9479],[-36.61346,-7.95652],[-36.62265,-7.96951],[-36.62317,-7.98208],[-36.62785,-7.98641],[-36.62785,-8.05575],[-36.65379,-8.07038],[-36.65868,-8.07981],[-36.64863,-8.08273],[-36.64724,-8.09249],[-36.64033,-8.09211],[-36.63377,-8.09606],[-36.62785,-8.10286],[-36.62861,-8.11105],[-36.64032,-8.11991],[-36.66785,-8.12427],[-36.69386,-8.14077],[-36.68704,-8.15568],[-36.69698,-8.1547],[-36.70369,-8.15805],[-36.72281,-8.15096],[-36.72578,-8.15645],[-36.71578,-8.16732],[-36.7224,-8.16833],[-36.72397,-8.17247],[-36.74089,-8.17237],[-36.75014,-8.1757],[-36.75351,-8.19148],[-36.76157,-8.19629],[-36.77537,-8.19072],[-36.7974,-8.19051],[-36.80578,-8.19544],[-36.81251,-8.20529],[-36.8617,-8.22243],[-36.87923,-8.23564],[-36.89595,-8.24082],[-36.923,-8.26983],[-36.94495,-8.27525],[-36.94773,-8.27912],[-36.94731,-8.29106],[-36.95463,-8.29927],[-36.97802,-8.29742],[-36.99116,-8.30296],[-37.02304,-8.28859],[-37.04333,-8.26456],[-37.0812,-8.26637],[-37.08062,-8.24108],[-37.06653,-8.233],[-37.06742,-8.2301],[-37.0809,-8.22189],[-37.08989,-8.23117],[-37.10043,-8.23371],[-37.11281,-8.22311],[-37.12291,-8.20907],[-37.1261,-8.1915],[-37.11895,-8.18399],[-37.11826,-8.17535],[-37.12645,-8.17368],[-37.14119,-8.17723],[-37.16023,-8.1704],[-37.16362,-8.16576],[-37.16342,-8.15869],[-37.151,-8.15004],[-37.15861,-8.13887],[-37.15323,-8.12747],[-37.14417,-8.125],[-37.14256,-8.11794],[-37.14782,-8.10009],[-37.14371,-8.08797],[-37.14664,-8.07858],[-37.15685,-8.06453],[-37.15809,-8.05122],[-37.1484,-8.03512],[-37.15034,-8.01526],[-37.16042,-7.99715],[-37.17531,-7.99686],[-37.17768,-7.99109],[-37.18415,-7.99129],[-37.18828,-7.98296],[-37.19339,-7.98287],[-37.19268,-7.9606],[-37.20792,-7.95187],[-37.22089,-7.95986],[-37.21959,-7.97279],[-37.22878,-7.97259],[-37.23076,-7.9694],[-37.23734,-7.97331],[-37.24698,-7.96936],[-37.26354,-7.96818],[-37.2774,-7.97198],[-37.29558,-7.96492],[-37.30334,-7.97021],[-37.31699,-7.96807],[-37.33978,-7.9798],[-37.34128,-7.97453],[-37.35737,-7.97496],[-37.35201,-7.96852],[-37.34792,-7.95541],[-37.3499,-7.94664],[-37.31762,-7.94277],[-37.3147,-7.93593],[-37.30898,-7.93418],[-37.30805,-7.92706],[-37.3114,-7.92165],[-37.30798,-7.91499],[-37.31326,-7.91139],[-37.32181,-7.91335],[-37.32217,-7.9105],[-37.30801,-7.90794],[-37.30365,-7.90418],[-37.28739,-7.90388],[-37.26179,-7.88395],[-37.25434,-7.88243],[-37.25233,-7.87783],[-37.24465,-7.8749],[-37.24687,-7.86818],[-37.24493,-7.86159],[-37.25037,-7.85366],[-37.24715,-7.8468],[-37.22209,-7.84225],[-37.22811,-7.82115],[-37.24046,-7.82309],[-37.24366,-7.819],[-37.23018,-7.81311],[-37.23056,-7.80674],[-37.223,-7.80406],[-37.21742,-7.80669],[-37.19796,-7.79892],[-37.19154,-7.79117],[-37.18304,-7.79072],[-37.17067,-7.80023],[-37.17137,-7.79517],[-37.16376,-7.79584],[-37.1572,-7.79059],[-37.15195,-7.77984],[-37.15678,-7.77687],[-37.15703,-7.773],[-37.13894,-7.74552],[-37.1506,-7.72903],[-37.15019,-7.71687],[-37.15454,-7.7064],[-37.17406,-7.68429],[-37.18012,-7.66711],[-37.19513,-7.65206],[-37.19667,-7.62958],[-37.1841,-7.61582],[-37.17898,-7.59709],[-37.16357,-7.57471],[-37.1371,-7.5552],[-37.12152,-7.53612],[-37.1061,-7.53113],[-37.08506,-7.5173],[-37.06831,-7.51711],[-37.05382,-7.50457],[-37.02167,-7.49669],[-37.01056,-7.48956],[-37.00325,-7.49639],[-36.98423,-7.48226],[-36.98542,-7.4756],[-36.99545,-7.47259],[-36.99406,-7.46471],[-36.99731,-7.45939],[-37.01073,-7.45364],[-37.01318,-7.44498],[-37.02123,-7.4402],[-37.02362,-7.43387],[-37.01451,-7.43037],[-37.01756,-7.42457],[-37.02598,-7.42246],[-37.02369,-7.41581],[-37.01297,-7.40429],[-37.02562,-7.38604],[-37.04999,-7.37759],[-37.06741,-7.38338],[-37.07295,-7.36828],[-37.08562,-7.35826],[-37.12156,-7.35091],[-37.12798,-7.344],[-37.13531,-7.34666],[-37.14494,-7.33505],[-37.15707,-7.33821],[-37.16534,-7.3366],[-37.16853,-7.31995],[-37.17692,-7.30955],[-37.19667,-7.29467],[-37.21418,-7.2913],[-37.2227,-7.28607],[-37.23418,-7.27389],[-37.27527,-7.27429],[-37.28833,-7.28829],[-37.32048,-7.29049],[-37.33059,-7.28828],[-37.35701,-7.32099],[-37.34951,-7.33703],[-37.37242,-7.35056],[-37.38571,-7.35669],[-37.40814,-7.3581],[-37.41265,-7.36187],[-37.42876,-7.35257],[-37.4337,-7.3587],[-37.43888,-7.35992],[-37.46592,-7.35804],[-37.49604,-7.36482],[-37.49809,-7.37113],[-37.48696,-7.39505],[-37.49467,-7.39902],[-37.50569,-7.41916],[-37.51067,-7.42053],[-37.51564,-7.42756],[-37.51418,-7.43303],[-37.5274,-7.44838],[-37.52796,-7.46531],[-37.53307,-7.47295],[-37.54259,-7.47829],[-37.55693,-7.47975],[-37.58673,-7.49911],[-37.60977,-7.50803],[-37.61137,-7.51857],[-37.61591,-7.52494],[-37.62688,-7.52813],[-37.63038,-7.53251],[-37.64134,-7.52933],[-37.64943,-7.53071],[-37.65582,-7.52342],[-37.65953,-7.52314],[-37.67663,-7.53561],[-37.68215,-7.54838],[-37.70651,-7.55058],[-37.71009,-7.55953],[-37.70757,-7.57172],[-37.72103,-7.58189],[-37.72873,-7.57973],[-37.73495,-7.59721],[-37.74145,-7.59753],[-37.74571,-7.60933],[-37.75585,-7.61952],[-37.75332,-7.6258],[-37.74638,-7.62831],[-37.74037,-7.63609],[-37.74418,-7.6545],[-37.75693,-7.66652],[-37.76097,-7.66681],[-37.77114,-7.64726],[-37.77802,-7.64327],[-37.77806,-7.63497],[-37.78583,-7.6258],[-37.80153,-7.62631],[-37.80347,-7.63502],[-37.81004,-7.64389],[-37.82869,-7.6477],[-37.83764,-7.64445],[-37.85716,-7.65197],[-37.8806,-7.68365],[-37.90275,-7.69474],[-37.89923,-7.70604],[-37.8923,-7.71094],[-37.89433,-7.71363],[-37.91307,-7.70947],[-37.92393,-7.71511],[-37.92235,-7.72364],[-37.92685,-7.72993],[-37.9431,-7.74104],[-37.94755,-7.75622],[-37.95257,-7.75663],[-37.95909,-7.76871],[-37.9706,-7.77758],[-37.98297,-7.77265],[-37.99027,-7.77888],[-38.00397,-7.77899],[-38.00815,-7.76687],[-38.02992,-7.74984],[-38.03958,-7.74812],[-38.05187,-7.75802],[-38.0714,-7.77423],[-38.07526,-7.78242],[-38.07348,-7.79352],[-38.07574,-7.80538],[-38.06535,-7.81975],[-38.07707,-7.83058],[-38.11618,-7.82256],[-38.12415,-7.81298],[-38.12244,-7.80743],[-38.13116,-7.80387],[-38.13143,-7.79576],[-38.1392,-7.78624],[-38.16422,-7.77991],[-38.17467,-7.78989],[-38.17738,-7.7885],[-38.18428,-7.79598],[-38.21267,-7.81071],[-38.21861,-7.81847],[-38.23546,-7.82596],[-38.23857,-7.83073],[-38.25704,-7.83106],[-38.26494,-7.82798],[-38.27545,-7.83424],[-38.28679,-7.83022],[-38.29775,-7.81395],[-38.29822,-7.80052],[-38.30257,-7.7884],[-38.2946,-7.77797],[-38.30125,-7.7687],[-38.29982,-7.7632],[-38.31676,-7.76461],[-38.30216,-7.7452],[-38.30896,-7.74217],[-38.31588,-7.72847],[-38.31203,-7.71631],[-38.31726,-7.71552],[-38.3162,-7.70915],[-38.32106,-7.70264],[-38.32077,-7.69796],[-38.32669,-7.6937],[-38.33036,-7.69615],[-38.33588,-7.69311],[-38.34469,-7.695],[-38.3575,-7.67716],[-38.36282,-7.68777],[-38.36921,-7.69124],[-38.37094,-7.69842],[-38.38225,-7.70748],[-38.40393,-7.71444],[-38.40082,-7.72006],[-38.40951,-7.73049],[-38.42763,-7.73004],[-38.43422,-7.72045],[-38.45502,-7.71758],[-38.46398,-7.73089],[-38.49052,-7.73466],[-38.4958,-7.73881],[-38.49658,-7.75003],[-38.50055,-7.75148],[-38.5166,-7.74933],[-38.52968,-7.75511],[-38.54313,-7.749],[-38.56013,-7.75709],[-38.5721,-7.75147],[-38.57483,-7.75434],[-38.57903,-7.7466],[-38.58996,-7.75568],[-38.59602,-7.75205],[-38.59774,-7.74204],[-38.60707,-7.7403],[-38.60894,-7.72415],[-38.61407,-7.71566],[-38.62533,-7.70832],[-38.62644,-7.69472],[-38.64199,-7.68615],[-38.64208,-7.67764],[-38.65141,-7.67708],[-38.65071,-7.66856],[-38.6636,-7.65752],[-38.66994,-7.66048],[-38.67278,-7.6588],[-38.68674,-7.63504],[-38.69599,-7.6328],[-38.70541,-7.62204],[-38.71511,-7.62192],[-38.7183,-7.60936],[-38.71302,-7.60835],[-38.71103,-7.58663],[-38.70366,-7.58096],[-38.68606,-7.5812],[-38.67717,-7.57057],[-38.65533,-7.56554],[-38.65916,-7.56167],[-38.65299,-7.55262],[-38.65649,-7.54619],[-38.65127,-7.53103],[-38.65466,-7.52222],[-38.64648,-7.51754],[-38.64839,-7.51143],[-38.64497,-7.50613],[-38.646,-7.50193],[-38.63369,-7.49067],[-38.63057,-7.48395],[-38.64169,-7.46497],[-38.64626,-7.46272],[-38.64171,-7.45818],[-38.622,-7.46067],[-38.61611,-7.45694],[-38.60333,-7.45759],[-38.6058,-7.44457],[-38.59607,-7.43863],[-38.59502,-7.43394],[-38.5853,-7.43482],[-38.5845,-7.41635],[-38.59563,-7.41558],[-38.59533,-7.41148],[-38.59039,-7.40118],[-38.5836,-7.3982],[-38.57813,-7.3862],[-38.57866,-7.37975],[-38.55339,-7.34439],[-38.54852,-7.33213],[-38.55036,-7.31546],[-38.54011,-7.30622],[-38.53459,-7.29379],[-38.54263,-7.27839],[-38.54215,-7.2659],[-38.54908,-7.26591],[-38.55383,-7.26],[-38.55196,-7.24348],[-38.55888,-7.23942],[-38.58308,-7.24838],[-38.59511,-7.24653],[-38.60064,-7.23477],[-38.60542,-7.23687],[-38.61537,-7.23019],[-38.62305,-7.20767],[-38.61979,-7.19706],[-38.6248,-7.19132],[-38.63655,-7.19376],[-38.64363,-7.18394],[-38.65478,-7.18323],[-38.68783,-7.19016],[-38.68302,-7.17598],[-38.67935,-7.17503],[-38.67658,-7.1692],[-38.68519,-7.16134],[-38.67529,-7.15572],[-38.67742,-7.13094],[-38.66215,-7.11018],[-38.65641,-7.09243],[-38.6598,-7.08554],[-38.66887,-7.07908],[-38.67145,-7.07053],[-38.67724,-7.0671],[-38.67007,-7.05414],[-38.66985,-7.0477],[-38.6898,-7.04023]]],[[[-35.22288,-6.51613],[-35.22137,-6.51694],[-35.22317,-6.5171],[-35.22288,-6.51613]]]]}},{"type":"Feature","properties":{"abbrev_state":"PI","name_state":"Piauí"},"geometry":{"type":"MultiPolygon","coordinates":[[[[-41.84129,-2.90504],[-41.86428,-2.87338],[-41.85057,-2.82995],[-41.83599,-2.81779],[-41.8449,-2.79724],[-41.84668,-2.78117],[-41.8395,-2.77071],[-41.80308,-2.75043],[-41.79444,-2.74994],[-41.78222,-2.75957],[-41.76584,-2.78813],[-41.75147,-2.8014],[-41.73673,-2.80934],[-41.73291,-2.809],[-41.72933,-2.80333],[-41.6743,-2.85336],[-41.65144,-2.86161],[-41.65207,-2.86718],[-41.63171,-2.88683],[-41.594,-2.90463],[-41.57949,-2.90703],[-41.55813,-2.8982],[-41.53493,-2.90943],[-41.51218,-2.91228],[-41.50507,-2.91026],[-41.49394,-2.9007],[-41.47824,-2.89693],[-41.46898,-2.901],[-41.4574,-2.90095],[-41.44629,-2.91034],[-41.43602,-2.90603],[-41.41424,-2.90947],[-41.39788,-2.90409],[-41.373,-2.91813],[-41.36657,-2.91645],[-41.34035,-2.92744],[-41.33212,-2.92519],[-41.32606,-2.93612],[-41.32075,-2.93697],[-41.32177,-2.95173],[-41.31551,-2.96159],[-41.30271,-2.96725],[-41.27994,-2.96781],[-41.27078,-2.97125],[-41.27049,-2.98063],[-41.25795,-3.00277],[-41.25484,-3.02129],[-41.24813,-3.02589],[-41.24917,-3.03085],[-41.25501,-3.0315],[-41.25255,-3.03565],[-41.26135,-3.05006],[-41.25846,-3.05863],[-41.2605,-3.06736],[-41.25595,-3.07138],[-41.25577,-3.08758],[-41.2675,-3.09289],[-41.27145,-3.10008],[-41.28506,-3.10151],[-41.28514,-3.11369],[-41.29323,-3.11718],[-41.29373,-3.1224],[-41.31882,-3.14482],[-41.31888,-3.14956],[-41.32754,-3.15997],[-41.32636,-3.17545],[-41.32249,-3.17979],[-41.39586,-3.3041],[-41.39538,-3.31069],[-41.4006,-3.32025],[-41.39797,-3.32755],[-41.41232,-3.3407],[-41.42352,-3.36801],[-41.41872,-3.37049],[-41.4057,-3.36258],[-41.39909,-3.36359],[-41.40137,-3.36725],[-41.39853,-3.37692],[-41.4002,-3.38528],[-41.39915,-3.38828],[-41.39207,-3.38506],[-41.38702,-3.39001],[-41.38699,-3.4093],[-41.37542,-3.39907],[-41.36204,-3.39824],[-41.35982,-3.39102],[-41.34679,-3.38553],[-41.34431,-3.38816],[-41.32405,-3.38592],[-41.32698,-3.4463],[-41.31974,-3.48409],[-41.30303,-3.49218],[-41.32059,-3.49786],[-41.32417,-3.50337],[-41.32568,-3.53641],[-41.33687,-3.55389],[-41.36466,-3.558],[-41.37131,-3.57263],[-41.36201,-3.58318],[-41.3449,-3.58874],[-41.33132,-3.62468],[-41.3391,-3.67042],[-41.34369,-3.67597],[-41.34175,-3.68077],[-41.32654,-3.68732],[-41.30766,-3.6848],[-41.2908,-3.68969],[-41.27933,-3.70075],[-41.25543,-3.70326],[-41.23828,-3.71577],[-41.23943,-3.72075],[-41.25189,-3.72334],[-41.25852,-3.73278],[-41.26118,-3.75754],[-41.25412,-3.77504],[-41.26483,-3.79158],[-41.30081,-3.8263],[-41.29516,-3.83018],[-41.28746,-3.82226],[-41.28267,-3.82681],[-41.27686,-3.82562],[-41.26858,-3.84449],[-41.27054,-3.85308],[-41.26776,-3.86185],[-41.25995,-3.86475],[-41.25886,-3.87028],[-41.24761,-3.88229],[-41.24533,-3.89832],[-41.22891,-3.91173],[-41.22024,-3.94151],[-41.22893,-3.9681],[-41.23425,-3.9678],[-41.24012,-3.9792],[-41.24436,-3.97976],[-41.24419,-3.98639],[-41.24924,-3.98987],[-41.24573,-4.00658],[-41.23883,-4.0154],[-41.25441,-4.02768],[-41.25673,-4.03485],[-41.25018,-4.03775],[-41.24031,-4.03085],[-41.21408,-4.0242],[-41.2089,-4.02558],[-41.19947,-4.01836],[-41.19261,-4.02066],[-41.18552,-4.01722],[-41.18224,-4.0192],[-41.18199,-4.02674],[-41.17181,-4.03248],[-41.15995,-4.03171],[-41.1431,-4.03681],[-41.12034,-4.03634],[-41.11428,-4.04056],[-41.11412,-4.05182],[-41.12716,-4.06139],[-41.12224,-4.07719],[-41.13713,-4.11687],[-41.14314,-4.12423],[-41.12811,-4.13932],[-41.12615,-4.15283],[-41.11833,-4.16522],[-41.10576,-4.16962],[-41.09089,-4.17033],[-41.1359,-4.23351],[-41.11912,-4.30653],[-41.12017,-4.33057],[-41.13342,-4.34015],[-41.14208,-4.35904],[-41.16001,-4.3815],[-41.15969,-4.41055],[-41.17713,-4.44127],[-41.17516,-4.44954],[-41.17757,-4.46768],[-41.18935,-4.48868],[-41.19078,-4.51553],[-41.20379,-4.52842],[-41.20793,-4.54774],[-41.21411,-4.55268],[-41.22153,-4.56749],[-41.24226,-4.56995],[-41.23771,-4.57497],[-41.22122,-4.57894],[-41.22304,-4.58979],[-41.23341,-4.60877],[-41.22933,-4.62009],[-41.20282,-4.6382],[-41.1856,-4.66197],[-41.17385,-4.66694],[-41.20249,-4.70189],[-41.23408,-4.73374],[-41.23665,-4.73875],[-41.23523,-4.74653],[-41.25034,-4.75663],[-41.24192,-4.76503],[-41.22683,-4.77074],[-41.21277,-4.77202],[-41.20802,-4.77677],[-41.20998,-4.78335],[-41.22307,-4.78947],[-41.22543,-4.79782],[-41.23247,-4.80454],[-41.23283,-4.81574],[-41.24182,-4.82214],[-41.23945,-4.85454],[-41.24957,-4.86969],[-41.2281,-4.89099],[-41.23493,-4.90574],[-41.22295,-4.92651],[-41.22137,-4.93823],[-41.21059,-4.93862],[-41.20961,-4.94596],[-41.20379,-4.94975],[-41.19855,-4.93745],[-41.18901,-4.94062],[-41.18022,-4.94754],[-41.15092,-4.99211],[-41.14647,-4.9922],[-41.14086,-4.98482],[-41.13752,-4.98497],[-41.13676,-4.99547],[-41.13201,-5.00247],[-41.1226,-5.00807],[-41.12019,-5.0211],[-41.13202,-5.04857],[-41.09701,-5.05315],[-41.09586,-5.06162],[-41.08929,-5.06377],[-41.08735,-5.07331],[-41.08043,-5.07869],[-41.0813,-5.09007],[-41.05858,-5.09859],[-41.0538,-5.10319],[-41.04027,-5.09138],[-41.034,-5.09106],[-41.02641,-5.1097],[-41.01408,-5.10581],[-41.01184,-5.1236],[-40.9886,-5.13875],[-40.98246,-5.15352],[-40.97494,-5.14953],[-40.96463,-5.15008],[-40.94932,-5.16688],[-40.93449,-5.16738],[-40.92561,-5.17685],[-40.932,-5.20126],[-40.92203,-5.22645],[-40.92662,-5.23209],[-40.94223,-5.24047],[-40.93307,-5.24523],[-40.91171,-5.26665],[-40.91186,-5.27092],[-40.91964,-5.27116],[-40.92424,-5.27484],[-40.92194,-5.28436],[-40.92691,-5.29697],[-40.91321,-5.30805],[-40.91212,-5.3142],[-40.91845,-5.33826],[-40.93372,-5.3494],[-40.9361,-5.36597],[-40.91702,-5.38945],[-40.91155,-5.40738],[-40.9177,-5.41629],[-40.93819,-5.41635],[-40.9438,-5.42359],[-40.93607,-5.44009],[-40.92258,-5.44824],[-40.91619,-5.46382],[-40.91851,-5.47391],[-40.92916,-5.48333],[-40.92912,-5.49277],[-40.93306,-5.50072],[-40.92876,-5.50695],[-40.92888,-5.51785],[-40.93645,-5.52639],[-40.93175,-5.53643],[-40.93238,-5.5489],[-40.91566,-5.56437],[-40.91194,-5.59485],[-40.90227,-5.60796],[-40.90105,-5.61591],[-40.91123,-5.65656],[-40.92912,-5.66313],[-40.93877,-5.67334],[-40.93038,-5.68621],[-40.92725,-5.70622],[-40.91354,-5.72675],[-40.91775,-5.74479],[-40.90981,-5.76486],[-40.90582,-5.80145],[-40.90906,-5.82555],[-40.90565,-5.84928],[-40.89364,-5.88381],[-40.89752,-5.9013],[-40.88859,-5.91263],[-40.88022,-5.91767],[-40.87363,-5.96676],[-40.87557,-5.97783],[-40.88735,-5.98933],[-40.88982,-6.00398],[-40.90395,-6.02088],[-40.90755,-6.04466],[-40.9022,-6.0492],[-40.88428,-6.04779],[-40.87285,-6.05663],[-40.865,-6.08775],[-40.84574,-6.135],[-40.85362,-6.16328],[-40.84723,-6.20301],[-40.85222,-6.22422],[-40.82357,-6.25826],[-40.8105,-6.28706],[-40.78751,-6.30426],[-40.78286,-6.31337],[-40.7796,-6.34662],[-40.79035,-6.37189],[-40.80009,-6.3817],[-40.80515,-6.39313],[-40.79609,-6.42818],[-40.79378,-6.46019],[-40.79659,-6.4707],[-40.78994,-6.50063],[-40.79212,-6.51286],[-40.78368,-6.5284],[-40.74585,-6.56555],[-40.74022,-6.5775],[-40.73387,-6.60614],[-40.722,-6.61768],[-40.73147,-6.65697],[-40.71018,-6.67613],[-40.64914,-6.67883],[-40.63242,-6.6989],[-40.61642,-6.7104],[-40.60221,-6.71601],[-40.55897,-6.72081],[-40.51739,-6.73049],[-40.47693,-6.73283],[-40.47389,-6.73488],[-40.47194,-6.74493],[-40.45973,-6.75424],[-40.45203,-6.78378],[-40.44293,-6.78987],[-40.43899,-6.80669],[-40.43217,-6.81298],[-40.41684,-6.81253],[-40.40414,-6.80249],[-40.38879,-6.797],[-40.37051,-6.80307],[-40.37058,-6.80799],[-40.3829,-6.82099],[-40.38711,-6.83008],[-40.40222,-6.83999],[-40.41076,-6.85558],[-40.42852,-6.86425],[-40.43018,-6.86782],[-40.42896,-6.88486],[-40.43396,-6.90214],[-40.42703,-6.91802],[-40.42447,-6.9372],[-40.42912,-6.9485],[-40.42728,-6.96632],[-40.43037,-6.97575],[-40.42987,-6.99334],[-40.42865,-6.99613],[-40.41107,-6.99908],[-40.40625,-7.00533],[-40.42785,-7.01535],[-40.42801,-7.01848],[-40.43407,-7.01525],[-40.43868,-7.01646],[-40.42694,-7.02946],[-40.42772,-7.03388],[-40.44328,-7.0481],[-40.44426,-7.05593],[-40.45338,-7.07123],[-40.46942,-7.08764],[-40.47043,-7.09397],[-40.48974,-7.11869],[-40.48437,-7.1332],[-40.49571,-7.16962],[-40.49479,-7.18234],[-40.5013,-7.18865],[-40.51356,-7.2397],[-40.5158,-7.26446],[-40.51163,-7.29943],[-40.51823,-7.3136],[-40.54151,-7.33227],[-40.54054,-7.34485],[-40.54846,-7.39269],[-40.65232,-7.43334],[-40.66571,-7.45095],[-40.7012,-7.45636],[-40.70609,-7.46005],[-40.71514,-7.48141],[-40.71379,-7.49391],[-40.69525,-7.53681],[-40.67732,-7.56294],[-40.64912,-7.59076],[-40.63673,-7.60852],[-40.62656,-7.63168],[-40.62199,-7.65136],[-40.62441,-7.67331],[-40.63376,-7.69686],[-40.66103,-7.72055],[-40.67186,-7.73561],[-40.6756,-7.74782],[-40.67357,-7.76167],[-40.66379,-7.77476],[-40.64517,-7.7868],[-40.57845,-7.80521],[-40.55909,-7.81485],[-40.54429,-7.83284],[-40.53812,-7.85694],[-40.54591,-7.93692],[-40.54422,-7.9646],[-40.60312,-8.09533],[-40.60387,-8.10369],[-40.59934,-8.11562],[-40.59124,-8.12352],[-40.5897,-8.13881],[-40.60114,-8.14405],[-40.60132,-8.15017],[-40.62448,-8.14035],[-40.63395,-8.13945],[-40.64278,-8.15007],[-40.64357,-8.15754],[-40.65851,-8.15656],[-40.66648,-8.16159],[-40.66903,-8.17748],[-40.67526,-8.18486],[-40.68441,-8.18778],[-40.69437,-8.20088],[-40.70059,-8.20261],[-40.70726,-8.22349],[-40.7292,-8.22491],[-40.73687,-8.22823],[-40.7445,-8.24007],[-40.76317,-8.24321],[-40.76932,-8.24946],[-40.78248,-8.2533],[-40.78398,-8.26185],[-40.77824,-8.28614],[-40.78168,-8.29312],[-40.77988,-8.30193],[-40.78643,-8.30644],[-40.79279,-8.32003],[-40.81951,-8.32191],[-40.8184,-8.33014],[-40.82268,-8.33772],[-40.81915,-8.34912],[-40.8201,-8.36349],[-40.83657,-8.3808],[-40.85021,-8.38053],[-40.85859,-8.37961],[-40.85735,-8.37564],[-40.8625,-8.36499],[-40.86998,-8.35854],[-40.89347,-8.35731],[-40.89775,-8.36792],[-40.89267,-8.37179],[-40.88987,-8.38675],[-40.89452,-8.3925],[-40.90762,-8.39899],[-40.90185,-8.40796],[-40.90154,-8.42163],[-40.92515,-8.44633],[-40.94052,-8.43323],[-40.9502,-8.42915],[-40.95809,-8.42246],[-40.95788,-8.4194],[-40.96551,-8.41646],[-40.96556,-8.41213],[-40.97855,-8.39865],[-40.99995,-8.4003],[-41.00738,-8.42093],[-41.03899,-8.43183],[-41.04372,-8.43666],[-41.05131,-8.46336],[-41.0511,-8.48047],[-41.07893,-8.4725],[-41.08468,-8.50096],[-41.09558,-8.51853],[-41.10407,-8.52237],[-41.11618,-8.53727],[-41.12673,-8.54196],[-41.13463,-8.53354],[-41.14838,-8.53303],[-41.14829,-8.5387],[-41.15249,-8.54148],[-41.15205,-8.54831],[-41.15641,-8.55252],[-41.15701,-8.56044],[-41.16875,-8.58309],[-41.17863,-8.58838],[-41.17991,-8.59327],[-41.19857,-8.59248],[-41.20288,-8.59928],[-41.21229,-8.60182],[-41.20775,-8.61027],[-41.20654,-8.6333],[-41.21354,-8.64416],[-41.23379,-8.64761],[-41.23949,-8.65583],[-41.25132,-8.66161],[-41.28743,-8.66084],[-41.30831,-8.69098],[-41.33692,-8.70836],[-41.34542,-8.70987],[-41.36536,-8.70558],[-41.38125,-8.70727],[-41.39666,-8.72966],[-41.4088,-8.77041],[-41.42427,-8.80256],[-41.42982,-8.79674],[-41.43468,-8.7991],[-41.47151,-8.83845],[-41.47218,-8.84311],[-41.48784,-8.8439],[-41.49454,-8.86113],[-41.50273,-8.86407],[-41.51105,-8.87761],[-41.50744,-8.89244],[-41.52165,-8.90186],[-41.53135,-8.9277],[-41.54485,-8.93795],[-41.54265,-8.94893],[-41.54599,-8.95421],[-41.54452,-8.96055],[-41.56527,-8.97032],[-41.57006,-8.95503],[-41.58969,-8.95512],[-41.59691,-8.9589],[-41.60579,-8.9574],[-41.60993,-8.96727],[-41.62121,-8.97086],[-41.6241,-8.98167],[-41.629,-8.98489],[-41.6694,-8.99008],[-41.6699,-9.00348],[-41.68045,-9.01228],[-41.7236,-9.01354],[-41.73082,-9.02796],[-41.7333,-9.04976],[-41.73101,-9.06982],[-41.73518,-9.0947],[-41.75893,-9.11666],[-41.78045,-9.12899],[-41.80007,-9.14803],[-41.80013,-9.16516],[-41.81987,-9.189],[-41.83124,-9.22894],[-41.83797,-9.24227],[-41.84782,-9.24396],[-41.85971,-9.23761],[-41.87052,-9.23743],[-41.88493,-9.25347],[-41.90468,-9.2596],[-41.90744,-9.27049],[-41.91386,-9.27708],[-41.92477,-9.2778],[-41.94506,-9.2637],[-41.95542,-9.26366],[-41.97227,-9.24864],[-41.99991,-9.26597],[-42.01869,-9.25052],[-42.02468,-9.24976],[-42.03499,-9.25614],[-42.06659,-9.25599],[-42.09949,-9.28088],[-42.13453,-9.28721],[-42.17949,-9.28527],[-42.19423,-9.29168],[-42.20644,-9.29278],[-42.22675,-9.28313],[-42.23846,-9.28577],[-42.26891,-9.31045],[-42.28997,-9.3095],[-42.31694,-9.31711],[-42.32588,-9.33341],[-42.35705,-9.35256],[-42.35671,-9.37218],[-42.35952,-9.37761],[-42.37808,-9.38965],[-42.39889,-9.39709],[-42.42299,-9.41369],[-42.42828,-9.43978],[-42.44058,-9.45617],[-42.45177,-9.4621],[-42.47688,-9.45877],[-42.48907,-9.46204],[-42.49122,-9.46961],[-42.48602,-9.48379],[-42.49309,-9.4949],[-42.52227,-9.50303],[-42.54916,-9.49588],[-42.56918,-9.50175],[-42.58863,-9.49735],[-42.62172,-9.54134],[-42.63235,-9.53841],[-42.64022,-9.54383],[-42.65461,-9.5414],[-42.66725,-9.54812],[-42.67992,-9.54915],[-42.69463,-9.54365],[-42.71222,-9.53023],[-42.71988,-9.53069],[-42.72203,-9.53718],[-42.7169,-9.55628],[-42.73244,-9.56911],[-42.7422,-9.58207],[-42.75775,-9.58928],[-42.76089,-9.60942],[-42.76517,-9.61675],[-42.79979,-9.6225],[-42.82055,-9.61923],[-42.82153,-9.59885],[-42.82978,-9.58126],[-42.82819,-9.56052],[-42.83714,-9.55037],[-42.84797,-9.54966],[-42.86803,-9.56401],[-42.8733,-9.56387],[-42.90402,-9.52675],[-42.9131,-9.52464],[-42.92844,-9.52725],[-42.94625,-9.51841],[-42.95136,-9.51038],[-42.95181,-9.49765],[-42.96214,-9.46982],[-42.96289,-9.45705],[-42.95637,-9.43864],[-42.95712,-9.43241],[-42.97342,-9.40713],[-42.98786,-9.40134],[-43.0063,-9.40941],[-43.01272,-9.40776],[-43.04009,-9.41466],[-43.05218,-9.41298],[-43.05694,-9.41914],[-43.05705,-9.40166],[-43.06073,-9.39545],[-43.06661,-9.39405],[-43.07322,-9.39983],[-43.07983,-9.39911],[-43.08784,-9.38766],[-43.1041,-9.38644],[-43.10742,-9.37849],[-43.11169,-9.38051],[-43.11962,-9.3719],[-43.12387,-9.37905],[-43.12971,-9.38003],[-43.13316,-9.38728],[-43.14722,-9.37631],[-43.15863,-9.37704],[-43.17393,-9.41122],[-43.1917,-9.42043],[-43.19872,-9.418],[-43.2065,-9.40212],[-43.21429,-9.39965],[-43.229,-9.40294],[-43.24234,-9.41188],[-43.26667,-9.41191],[-43.27287,-9.42278],[-43.27877,-9.42457],[-43.28512,-9.42003],[-43.29654,-9.39708],[-43.315,-9.38938],[-43.32961,-9.37182],[-43.34382,-9.36752],[-43.35356,-9.36896],[-43.36132,-9.36441],[-43.37642,-9.3489],[-43.39518,-9.31429],[-43.42782,-9.27259],[-43.43813,-9.26614],[-43.46904,-9.26081],[-43.48546,-9.26529],[-43.49753,-9.27253],[-43.51816,-9.29359],[-43.53714,-9.30747],[-43.55207,-9.30936],[-43.57903,-9.32039],[-43.62163,-9.37154],[-43.68576,-9.41779],[-43.75142,-9.43407],[-43.76973,-9.44205],[-43.78425,-9.45477],[-43.79945,-9.47965],[-43.81843,-9.49424],[-43.85048,-9.5497],[-43.85248,-9.56153],[-43.86051,-9.54304],[-43.87116,-9.53724],[-43.87842,-9.53772],[-43.88891,-9.52546],[-43.88523,-9.4958],[-43.8915,-9.48962],[-43.89925,-9.49343],[-43.91241,-9.49],[-43.91938,-9.46734],[-43.95171,-9.46684],[-43.95577,-9.45721],[-43.97484,-9.44928],[-43.98241,-9.45433],[-43.99744,-9.45117],[-44.00202,-9.45653],[-44.01435,-9.45898],[-44.03512,-9.45711],[-44.0628,-9.43984],[-44.07063,-9.42493],[-44.08125,-9.43237],[-44.09341,-9.42855],[-44.10086,-9.40984],[-44.11001,-9.40351],[-44.11699,-9.40423],[-44.13203,-9.39417],[-44.14744,-9.37437],[-44.17149,-9.35913],[-44.17665,-9.34741],[-44.16196,-9.33789],[-44.15538,-9.32263],[-44.14546,-9.32165],[-44.1305,-9.32888],[-44.12675,-9.32785],[-44.12636,-9.32313],[-44.14006,-9.31457],[-44.14202,-9.30667],[-44.13846,-9.30099],[-44.13921,-9.29336],[-44.12765,-9.28791],[-44.12098,-9.29175],[-44.10518,-9.29169],[-44.10014,-9.29858],[-44.08868,-9.30534],[-44.04511,-9.3218],[-44.03584,-9.31309],[-44.03401,-9.3038],[-44.0263,-9.29618],[-44.00753,-9.29388],[-43.98166,-9.30024],[-43.97812,-9.29832],[-43.98397,-9.28879],[-43.9955,-9.28836],[-44.00021,-9.28268],[-44.00677,-9.28449],[-44.01183,-9.28104],[-44.02193,-9.2808],[-44.03005,-9.28297],[-44.03031,-9.26841],[-44.03361,-9.26355],[-44.03859,-9.26245],[-44.04651,-9.27528],[-44.04654,-9.28795],[-44.05338,-9.29112],[-44.06047,-9.2792],[-44.05413,-9.26333],[-44.05428,-9.25346],[-44.05841,-9.25283],[-44.06697,-9.2598],[-44.07579,-9.25966],[-44.08087,-9.25521],[-44.08956,-9.25647],[-44.0913,-9.25324],[-44.08749,-9.24156],[-44.09353,-9.23964],[-44.09562,-9.2335],[-44.10269,-9.22912],[-44.11376,-9.22905],[-44.11624,-9.22347],[-44.12737,-9.21489],[-44.12617,-9.20888],[-44.11619,-9.20422],[-44.11037,-9.19672],[-44.10884,-9.18285],[-44.10359,-9.18247],[-44.09728,-9.18815],[-44.09139,-9.18561],[-44.09686,-9.17538],[-44.09051,-9.16396],[-44.08402,-9.16396],[-44.08345,-9.17114],[-44.07881,-9.17528],[-44.07098,-9.17654],[-44.06316,-9.17199],[-44.04292,-9.18177],[-44.04028,-9.17866],[-44.04116,-9.1711],[-44.03509,-9.16663],[-44.03508,-9.1588],[-44.02699,-9.15844],[-44.01918,-9.15367],[-44.01688,-9.14683],[-44.01004,-9.14409],[-44.00821,-9.13694],[-44.0009,-9.13642],[-43.99681,-9.13236],[-43.99951,-9.12416],[-43.99336,-9.11501],[-44.00365,-9.1034],[-44.00407,-9.09769],[-44.00988,-9.09368],[-44.01094,-9.08757],[-44.01731,-9.08412],[-44.01731,-9.07429],[-44.02215,-9.06668],[-44.01911,-9.05702],[-44.02603,-9.05062],[-44.02567,-9.04317],[-44.02168,-9.03847],[-44.02596,-9.03023],[-44.02402,-9.02614],[-44.01754,-9.02449],[-44.00281,-9.02979],[-43.99432,-9.02575],[-43.98405,-9.03604],[-43.97402,-9.0344],[-43.96116,-9.03912],[-43.96521,-9.053],[-43.98922,-9.05446],[-43.99205,-9.06594],[-43.99788,-9.07125],[-43.99572,-9.08394],[-43.98628,-9.0816],[-43.97535,-9.08345],[-43.97263,-9.09932],[-43.96605,-9.1024],[-43.96394,-9.10834],[-43.96882,-9.11729],[-43.97482,-9.12025],[-43.97428,-9.1332],[-43.98392,-9.13893],[-43.99184,-9.15733],[-43.98948,-9.1634],[-43.97994,-9.16507],[-43.97105,-9.175],[-43.96802,-9.18855],[-43.9703,-9.1977],[-43.96601,-9.20251],[-43.95417,-9.20049],[-43.95509,-9.18973],[-43.95156,-9.18683],[-43.9122,-9.2032],[-43.90386,-9.20097],[-43.9048,-9.19445],[-43.91578,-9.18713],[-43.94752,-9.17404],[-43.95512,-9.15663],[-43.94856,-9.1512],[-43.95078,-9.13312],[-43.94375,-9.12714],[-43.93739,-9.13595],[-43.92908,-9.1389],[-43.92122,-9.13774],[-43.91747,-9.14806],[-43.90897,-9.1511],[-43.90582,-9.15842],[-43.89869,-9.15426],[-43.88861,-9.15361],[-43.89482,-9.1324],[-43.91845,-9.1242],[-43.92145,-9.11193],[-43.93954,-9.10727],[-43.9387,-9.0998],[-43.94265,-9.08856],[-43.93182,-9.07795],[-43.91413,-9.08722],[-43.90808,-9.08613],[-43.9131,-9.07416],[-43.90935,-9.06814],[-43.89951,-9.06264],[-43.89408,-9.05026],[-43.90921,-9.03827],[-43.90443,-9.02321],[-43.89267,-9.00874],[-43.87936,-9.00601],[-43.87821,-8.99974],[-43.87314,-8.99689],[-43.86966,-8.98894],[-43.86826,-8.97965],[-43.86353,-8.98011],[-43.85741,-8.99099],[-43.84138,-9.0025],[-43.8451,-9.00865],[-43.84799,-9.03227],[-43.85512,-9.04744],[-43.85051,-9.05624],[-43.85341,-9.06516],[-43.84815,-9.07247],[-43.84931,-9.09232],[-43.8427,-9.09617],[-43.83501,-9.09369],[-43.83243,-9.09667],[-43.83238,-9.10793],[-43.83782,-9.1136],[-43.84358,-9.13279],[-43.84403,-9.14791],[-43.84024,-9.15262],[-43.8258,-9.1466],[-43.82024,-9.08584],[-43.83158,-9.07701],[-43.83265,-9.07265],[-43.83003,-9.06965],[-43.81826,-9.06864],[-43.8151,-9.06433],[-43.81993,-9.04633],[-43.81408,-9.0316],[-43.81453,-9.01838],[-43.80731,-9.00949],[-43.80265,-9.01074],[-43.79797,-9.02439],[-43.79128,-9.02552],[-43.7703,-9.01866],[-43.74665,-9.02496],[-43.74324,-9.03547],[-43.72194,-9.05119],[-43.69909,-9.06033],[-43.69256,-9.0716],[-43.68328,-9.07074],[-43.67542,-9.06537],[-43.67754,-9.05472],[-43.68543,-9.05081],[-43.68325,-9.04412],[-43.68545,-9.03632],[-43.69891,-9.02899],[-43.69907,-9.01803],[-43.70657,-9.01894],[-43.72887,-9.0116],[-43.73353,-9.00694],[-43.73954,-9.00954],[-43.75344,-9.00794],[-43.75591,-8.99779],[-43.74896,-8.99248],[-43.73249,-8.99327],[-43.7334,-8.98399],[-43.74219,-8.97904],[-43.75964,-8.98625],[-43.77468,-8.96448],[-43.78522,-8.96658],[-43.78875,-8.96183],[-43.78369,-8.95132],[-43.76503,-8.94353],[-43.75765,-8.94405],[-43.75152,-8.94854],[-43.73712,-8.94718],[-43.72151,-8.95419],[-43.7188,-8.95951],[-43.7094,-8.96537],[-43.68154,-8.96641],[-43.67944,-8.96299],[-43.68182,-8.95118],[-43.66331,-8.94224],[-43.66589,-8.93446],[-43.67393,-8.93011],[-43.6712,-8.92406],[-43.67438,-8.9166],[-43.66719,-8.91301],[-43.66682,-8.90838],[-43.6744,-8.90472],[-43.67951,-8.89733],[-43.6915,-8.89341],[-43.69368,-8.88795],[-43.70126,-8.88273],[-43.70312,-8.87444],[-43.71216,-8.87261],[-43.7144,-8.86195],[-43.72404,-8.86102],[-43.72985,-8.85204],[-43.74244,-8.85627],[-43.75045,-8.84981],[-43.76042,-8.84933],[-43.76625,-8.859],[-43.79008,-8.86033],[-43.79448,-8.86523],[-43.80252,-8.8645],[-43.80825,-8.87001],[-43.81552,-8.86179],[-43.832,-8.86127],[-43.83742,-8.85362],[-43.83362,-8.84689],[-43.82536,-8.84812],[-43.81557,-8.84373],[-43.82558,-8.83182],[-43.82772,-8.82208],[-43.81932,-8.80751],[-43.83609,-8.79955],[-43.83534,-8.79019],[-43.85314,-8.7818],[-43.85426,-8.77342],[-43.84944,-8.76466],[-43.84439,-8.76431],[-43.83714,-8.77137],[-43.82603,-8.76128],[-43.82135,-8.77326],[-43.80012,-8.76972],[-43.78719,-8.77878],[-43.76974,-8.78039],[-43.76986,-8.78901],[-43.76655,-8.79248],[-43.75876,-8.78852],[-43.74097,-8.79526],[-43.73132,-8.80899],[-43.7187,-8.8117],[-43.71856,-8.82177],[-43.70057,-8.83851],[-43.69602,-8.83668],[-43.69387,-8.82321],[-43.70852,-8.81736],[-43.70918,-8.80772],[-43.71534,-8.80164],[-43.72325,-8.80083],[-43.72756,-8.7941],[-43.72572,-8.78702],[-43.73456,-8.77397],[-43.74584,-8.77407],[-43.74761,-8.76456],[-43.73932,-8.76082],[-43.73908,-8.75651],[-43.75176,-8.7543],[-43.75772,-8.74787],[-43.7572,-8.74017],[-43.76528,-8.7385],[-43.76853,-8.73184],[-43.77535,-8.73032],[-43.77865,-8.72018],[-43.78969,-8.71994],[-43.79109,-8.7072],[-43.78841,-8.69879],[-43.79903,-8.69336],[-43.80647,-8.69553],[-43.81197,-8.69027],[-43.82295,-8.68951],[-43.82772,-8.68488],[-43.83487,-8.68618],[-43.8467,-8.66903],[-43.85426,-8.66692],[-43.85316,-8.65849],[-43.84358,-8.65638],[-43.83406,-8.66114],[-43.82603,-8.65573],[-43.83102,-8.64411],[-43.84228,-8.64485],[-43.84939,-8.63931],[-43.8588,-8.64305],[-43.86145,-8.63978],[-43.86053,-8.63163],[-43.86493,-8.62918],[-43.87288,-8.63159],[-43.87226,-8.6401],[-43.87713,-8.64196],[-43.88595,-8.63087],[-43.89347,-8.62843],[-43.89247,-8.60992],[-43.91758,-8.60351],[-43.92211,-8.58793],[-43.90148,-8.58047],[-43.9099,-8.55987],[-43.89885,-8.55351],[-43.89972,-8.54252],[-43.91231,-8.54715],[-43.92515,-8.54415],[-43.9392,-8.53347],[-43.95106,-8.53277],[-43.96134,-8.53609],[-43.96601,-8.54152],[-43.96643,-8.54984],[-43.97695,-8.5564],[-43.99225,-8.55146],[-44.00327,-8.52041],[-43.99558,-8.51472],[-43.9853,-8.4921],[-43.98901,-8.48715],[-43.99908,-8.49028],[-44.00325,-8.48664],[-43.99633,-8.47087],[-44.00141,-8.46264],[-43.99818,-8.43264],[-44.03119,-8.441],[-44.04998,-8.44123],[-44.07589,-8.42837],[-44.08194,-8.41917],[-44.09426,-8.424],[-44.10366,-8.42139],[-44.11418,-8.4331],[-44.13377,-8.42973],[-44.14852,-8.43802],[-44.14708,-8.45402],[-44.14115,-8.45916],[-44.14313,-8.4637],[-44.15275,-8.468],[-44.15923,-8.45853],[-44.16519,-8.4567],[-44.16934,-8.46438],[-44.17497,-8.46545],[-44.18562,-8.47495],[-44.19109,-8.47476],[-44.19433,-8.4718],[-44.19235,-8.46145],[-44.19509,-8.45753],[-44.21122,-8.45836],[-44.21587,-8.45116],[-44.20513,-8.43375],[-44.20574,-8.42306],[-44.226,-8.40347],[-44.24195,-8.39525],[-44.24407,-8.38459],[-44.24247,-8.37366],[-44.23162,-8.36226],[-44.19105,-8.35639],[-44.17759,-8.3426],[-44.16887,-8.34122],[-44.15847,-8.33163],[-44.15487,-8.32142],[-44.14742,-8.32459],[-44.13607,-8.31891],[-44.11145,-8.33746],[-44.09362,-8.31965],[-44.08653,-8.32127],[-44.08019,-8.31675],[-44.07404,-8.31865],[-44.05135,-8.30859],[-44.04284,-8.30864],[-44.01355,-8.29933],[-43.99592,-8.29891],[-43.993,-8.31075],[-43.98517,-8.31009],[-43.97998,-8.31398],[-43.96548,-8.30224],[-43.95279,-8.31651],[-43.94705,-8.31643],[-43.94368,-8.31075],[-43.93626,-8.30794],[-43.92829,-8.2955],[-43.92791,-8.28592],[-43.93437,-8.28033],[-43.93405,-8.27541],[-43.92322,-8.26534],[-43.93381,-8.25753],[-43.97185,-8.27491],[-44.00116,-8.27479],[-44.04401,-8.28917],[-44.0579,-8.27765],[-44.06464,-8.29315],[-44.0783,-8.28082],[-44.08778,-8.28085],[-44.09273,-8.2865],[-44.10647,-8.28875],[-44.11534,-8.28503],[-44.11615,-8.2786],[-44.10641,-8.26536],[-44.10569,-8.2588],[-44.11684,-8.25139],[-44.1221,-8.23245],[-44.1123,-8.22279],[-44.10211,-8.22337],[-44.0911,-8.20818],[-44.09412,-8.1948],[-44.0773,-8.18583],[-44.06436,-8.19085],[-44.05683,-8.18325],[-44.03432,-8.17997],[-44.02804,-8.18229],[-44.01756,-8.17428],[-44.01275,-8.17634],[-44.00944,-8.18488],[-43.97846,-8.18384],[-43.9593,-8.20036],[-43.92048,-8.19861],[-43.91169,-8.20078],[-43.89561,-8.19556],[-43.8889,-8.19596],[-43.88262,-8.2014],[-43.85942,-8.18277],[-43.85795,-8.17205],[-43.8394,-8.16517],[-43.82274,-8.16443],[-43.81955,-8.16977],[-43.8222,-8.17911],[-43.82058,-8.21419],[-43.81484,-8.21634],[-43.80666,-8.19971],[-43.8056,-8.18273],[-43.80112,-8.1757],[-43.80015,-8.14901],[-43.79593,-8.13523],[-43.79595,-8.1174],[-43.78794,-8.07106],[-43.7914,-8.05827],[-43.79002,-8.02963],[-43.78301,-8.00051],[-43.77325,-8.00017],[-43.76943,-8.00291],[-43.76817,-8.00914],[-43.77366,-8.01494],[-43.77144,-8.02223],[-43.75986,-8.02232],[-43.74625,-8.02862],[-43.74878,-8.0447],[-43.74175,-8.0601],[-43.73756,-8.05961],[-43.7266,-8.04621],[-43.71993,-8.04619],[-43.71434,-8.04177],[-43.70199,-8.04852],[-43.70434,-8.05551],[-43.71254,-8.05785],[-43.71411,-8.06104],[-43.70177,-8.07296],[-43.678,-8.062],[-43.68071,-8.05265],[-43.66896,-8.03945],[-43.66584,-8.02538],[-43.66194,-8.02067],[-43.66679,-7.99979],[-43.68227,-7.98837],[-43.69171,-7.98653],[-43.69929,-7.99051],[-43.71551,-7.99018],[-43.73437,-7.98004],[-43.74283,-7.97994],[-43.74899,-7.98415],[-43.76859,-7.97725],[-43.76655,-7.97112],[-43.75141,-7.9624],[-43.74155,-7.94725],[-43.72657,-7.94498],[-43.71851,-7.95274],[-43.7115,-7.95209],[-43.70969,-7.94496],[-43.70381,-7.94135],[-43.70356,-7.93286],[-43.71283,-7.92464],[-43.74146,-7.93475],[-43.75888,-7.93011],[-43.76539,-7.93453],[-43.77476,-7.93225],[-43.7715,-7.92256],[-43.78113,-7.9013],[-43.77379,-7.89506],[-43.76401,-7.8947],[-43.75848,-7.89062],[-43.76041,-7.87298],[-43.74678,-7.86493],[-43.7446,-7.86027],[-43.75164,-7.84552],[-43.74061,-7.83512],[-43.74928,-7.82718],[-43.76346,-7.82134],[-43.76378,-7.81653],[-43.75752,-7.80845],[-43.76948,-7.79523],[-43.77936,-7.79436],[-43.7774,-7.77921],[-43.76259,-7.76818],[-43.75216,-7.77269],[-43.74566,-7.77163],[-43.74058,-7.77723],[-43.72711,-7.77456],[-43.72587,-7.75888],[-43.70953,-7.75515],[-43.71396,-7.73586],[-43.70775,-7.72849],[-43.71453,-7.71761],[-43.71327,-7.70575],[-43.70342,-7.69815],[-43.69006,-7.70018],[-43.6827,-7.69653],[-43.67277,-7.68575],[-43.67076,-7.67859],[-43.66274,-7.68253],[-43.66459,-7.69277],[-43.65347,-7.69544],[-43.6479,-7.69335],[-43.64128,-7.69617],[-43.6333,-7.68935],[-43.62506,-7.69208],[-43.6197,-7.6857],[-43.61363,-7.68447],[-43.61275,-7.67879],[-43.61788,-7.67382],[-43.61658,-7.66764],[-43.62014,-7.66111],[-43.61357,-7.64244],[-43.57607,-7.63724],[-43.56785,-7.62846],[-43.55734,-7.63472],[-43.54381,-7.63474],[-43.53701,-7.62744],[-43.52423,-7.62551],[-43.51703,-7.6211],[-43.50926,-7.62193],[-43.5065,-7.61393],[-43.51476,-7.60215],[-43.5076,-7.58599],[-43.51071,-7.57796],[-43.5195,-7.57003],[-43.51423,-7.56269],[-43.50638,-7.55961],[-43.50965,-7.54668],[-43.51466,-7.54673],[-43.52943,-7.56403],[-43.54138,-7.56951],[-43.56269,-7.5732],[-43.57509,-7.56261],[-43.57044,-7.5498],[-43.57184,-7.54434],[-43.5773,-7.54538],[-43.58274,-7.5542],[-43.59934,-7.5554],[-43.60379,-7.54954],[-43.6023,-7.54079],[-43.60931,-7.53461],[-43.6067,-7.52607],[-43.59082,-7.51932],[-43.57879,-7.51971],[-43.57317,-7.52603],[-43.56851,-7.52543],[-43.55999,-7.51047],[-43.5473,-7.50309],[-43.53703,-7.50474],[-43.53206,-7.49446],[-43.53934,-7.48719],[-43.54952,-7.45563],[-43.56033,-7.46012],[-43.5658,-7.4555],[-43.57131,-7.45592],[-43.57604,-7.46193],[-43.58593,-7.46098],[-43.59268,-7.46598],[-43.6005,-7.46078],[-43.60996,-7.46817],[-43.61439,-7.46622],[-43.61087,-7.4548],[-43.60605,-7.45057],[-43.6042,-7.43455],[-43.59207,-7.42675],[-43.59818,-7.40974],[-43.57076,-7.40238],[-43.568,-7.39893],[-43.5735,-7.38956],[-43.58632,-7.38892],[-43.59276,-7.39609],[-43.60656,-7.39245],[-43.60854,-7.38131],[-43.62212,-7.38378],[-43.62539,-7.38175],[-43.62509,-7.37726],[-43.61771,-7.36863],[-43.62226,-7.35755],[-43.61072,-7.32217],[-43.61353,-7.31329],[-43.61187,-7.30131],[-43.59689,-7.29873],[-43.57793,-7.31085],[-43.57036,-7.32602],[-43.56003,-7.31599],[-43.55336,-7.31682],[-43.5484,-7.3252],[-43.56004,-7.34167],[-43.55701,-7.35022],[-43.55041,-7.34968],[-43.54498,-7.35361],[-43.54097,-7.35056],[-43.54098,-7.32348],[-43.53687,-7.31859],[-43.52987,-7.32139],[-43.52721,-7.32882],[-43.51948,-7.32748],[-43.50957,-7.33409],[-43.51101,-7.34663],[-43.5049,-7.35213],[-43.50483,-7.35621],[-43.53684,-7.36616],[-43.54185,-7.37457],[-43.53972,-7.37834],[-43.52854,-7.38113],[-43.52105,-7.37812],[-43.51459,-7.38459],[-43.49562,-7.37634],[-43.47749,-7.3796],[-43.47723,-7.39274],[-43.46076,-7.40219],[-43.46341,-7.41737],[-43.4607,-7.42077],[-43.45647,-7.41987],[-43.44347,-7.40532],[-43.42867,-7.4028],[-43.41998,-7.4049],[-43.41345,-7.42149],[-43.42845,-7.44827],[-43.44047,-7.46113],[-43.44405,-7.47896],[-43.43905,-7.48828],[-43.43951,-7.49507],[-43.45538,-7.50314],[-43.45655,-7.50705],[-43.45057,-7.51247],[-43.44785,-7.52022],[-43.44909,-7.53437],[-43.44277,-7.53865],[-43.44336,-7.54868],[-43.43812,-7.55365],[-43.44182,-7.56575],[-43.43631,-7.56909],[-43.43096,-7.56705],[-43.41443,-7.57225],[-43.40689,-7.57114],[-43.39349,-7.59394],[-43.37885,-7.5894],[-43.37546,-7.58182],[-43.36248,-7.57357],[-43.36402,-7.56985],[-43.3724,-7.56698],[-43.38176,-7.55525],[-43.38627,-7.5389],[-43.38211,-7.5328],[-43.35459,-7.54579],[-43.35101,-7.55475],[-43.33937,-7.55442],[-43.33472,-7.56704],[-43.32306,-7.55832],[-43.31128,-7.55769],[-43.30822,-7.5632],[-43.31376,-7.57583],[-43.31015,-7.58531],[-43.31111,-7.5922],[-43.2941,-7.59771],[-43.28859,-7.59297],[-43.29119,-7.58265],[-43.28863,-7.57889],[-43.25745,-7.57419],[-43.24889,-7.55702],[-43.24201,-7.56131],[-43.23311,-7.57569],[-43.2211,-7.5861],[-43.20214,-7.58216],[-43.19814,-7.56649],[-43.22533,-7.56623],[-43.23118,-7.55069],[-43.21668,-7.54379],[-43.20475,-7.52346],[-43.17741,-7.51714],[-43.17144,-7.52386],[-43.17669,-7.53864],[-43.17078,-7.54132],[-43.15739,-7.53842],[-43.15309,-7.55008],[-43.15529,-7.55305],[-43.16687,-7.55483],[-43.17689,-7.56397],[-43.18471,-7.56618],[-43.18574,-7.57313],[-43.17463,-7.57949],[-43.16278,-7.57747],[-43.15176,-7.58675],[-43.14475,-7.58774],[-43.14098,-7.58479],[-43.1409,-7.57598],[-43.13333,-7.56893],[-43.13298,-7.55483],[-43.1098,-7.5541],[-43.1084,-7.54754],[-43.10254,-7.54147],[-43.09464,-7.54139],[-43.08772,-7.53597],[-43.07569,-7.51703],[-43.0602,-7.50865],[-43.05719,-7.50395],[-43.04928,-7.50736],[-43.03735,-7.50722],[-43.02754,-7.49164],[-43.02287,-7.49049],[-43.01152,-7.49926],[-43.00252,-7.51807],[-42.98332,-7.52055],[-42.97986,-7.51844],[-42.97501,-7.5007],[-42.96719,-7.49708],[-42.9621,-7.5029],[-42.95068,-7.50462],[-42.93604,-7.51234],[-42.93731,-7.52536],[-42.93055,-7.53506],[-42.91958,-7.53863],[-42.91257,-7.52888],[-42.90665,-7.52896],[-42.9014,-7.53529],[-42.8924,-7.53416],[-42.8909,-7.54227],[-42.87779,-7.55106],[-42.87862,-7.55777],[-42.8749,-7.56443],[-42.88107,-7.57247],[-42.87507,-7.5835],[-42.88833,-7.59157],[-42.89082,-7.59714],[-42.87974,-7.61989],[-42.87878,-7.62706],[-42.88334,-7.63812],[-42.87017,-7.6491],[-42.86828,-7.66414],[-42.85288,-7.66161],[-42.84258,-7.65183],[-42.81985,-7.64454],[-42.81584,-7.62961],[-42.80067,-7.62172],[-42.79348,-7.62574],[-42.79151,-7.6402],[-42.7835,-7.64663],[-42.77288,-7.64625],[-42.7547,-7.63376],[-42.73201,-7.63955],[-42.73031,-7.65313],[-42.74103,-7.66445],[-42.73781,-7.67283],[-42.69904,-7.67729],[-42.6672,-7.68704],[-42.66524,-7.68398],[-42.66857,-7.67214],[-42.6502,-7.65708],[-42.64507,-7.64661],[-42.64554,-7.63371],[-42.63611,-7.62838],[-42.61765,-7.63238],[-42.6099,-7.63017],[-42.59364,-7.59977],[-42.59499,-7.59074],[-42.58694,-7.5733],[-42.58776,-7.55246],[-42.5752,-7.54218],[-42.57599,-7.53753],[-42.58296,-7.53173],[-42.57792,-7.52115],[-42.58489,-7.51511],[-42.58827,-7.50467],[-42.57825,-7.49789],[-42.57721,-7.49186],[-42.57182,-7.48696],[-42.56328,-7.48294],[-42.56284,-7.47109],[-42.55243,-7.45804],[-42.54864,-7.44101],[-42.55757,-7.43715],[-42.56643,-7.42544],[-42.58044,-7.41881],[-42.58416,-7.42037],[-42.58492,-7.45134],[-42.59655,-7.47025],[-42.60654,-7.47494],[-42.60551,-7.48385],[-42.59837,-7.49487],[-42.59821,-7.52194],[-42.60356,-7.53226],[-42.60888,-7.53322],[-42.61154,-7.52925],[-42.61008,-7.51806],[-42.6235,-7.52099],[-42.62961,-7.5128],[-42.62311,-7.49662],[-42.62551,-7.48071],[-42.61952,-7.47031],[-42.62009,-7.46419],[-42.6275,-7.45429],[-42.62243,-7.44537],[-42.62515,-7.42979],[-42.61653,-7.42288],[-42.61408,-7.41665],[-42.61536,-7.40881],[-42.62364,-7.40423],[-42.62463,-7.39663],[-42.622,-7.38979],[-42.60804,-7.38304],[-42.60749,-7.37805],[-42.61302,-7.36911],[-42.61161,-7.36548],[-42.57854,-7.36515],[-42.57548,-7.36245],[-42.57956,-7.34839],[-42.57551,-7.3346],[-42.58586,-7.31801],[-42.58932,-7.30145],[-42.593,-7.29967],[-42.60896,-7.32148],[-42.61566,-7.33928],[-42.6326,-7.35397],[-42.67396,-7.35042],[-42.67206,-7.36611],[-42.66598,-7.37765],[-42.6666,-7.38454],[-42.67029,-7.38939],[-42.68431,-7.38877],[-42.68705,-7.39403],[-42.67733,-7.40292],[-42.6707,-7.41542],[-42.67801,-7.42568],[-42.67622,-7.43996],[-42.68867,-7.44899],[-42.69527,-7.44727],[-42.70327,-7.43518],[-42.70826,-7.43378],[-42.71288,-7.44064],[-42.72104,-7.44391],[-42.70859,-7.46523],[-42.70633,-7.47797],[-42.70785,-7.48699],[-42.71696,-7.49622],[-42.7117,-7.50757],[-42.71422,-7.51876],[-42.72966,-7.52666],[-42.7882,-7.51906],[-42.80253,-7.51213],[-42.83089,-7.50961],[-42.83434,-7.50687],[-42.83511,-7.50134],[-42.8298,-7.49342],[-42.83649,-7.47494],[-42.82727,-7.46385],[-42.81475,-7.45598],[-42.80388,-7.45615],[-42.79659,-7.44557],[-42.79461,-7.43353],[-42.78474,-7.43076],[-42.78531,-7.42],[-42.77658,-7.41049],[-42.78366,-7.40227],[-42.78048,-7.3924],[-42.79387,-7.38874],[-42.7951,-7.37553],[-42.79176,-7.37419],[-42.77198,-7.38209],[-42.76228,-7.38286],[-42.74984,-7.37628],[-42.74034,-7.36682],[-42.73166,-7.36817],[-42.72826,-7.36558],[-42.73168,-7.35573],[-42.72969,-7.34869],[-42.73908,-7.34436],[-42.74048,-7.33932],[-42.73612,-7.32136],[-42.72744,-7.31398],[-42.73478,-7.29278],[-42.72367,-7.28562],[-42.72317,-7.27828],[-42.73392,-7.26877],[-42.73085,-7.25882],[-42.73447,-7.25409],[-42.74401,-7.25617],[-42.74808,-7.27263],[-42.75435,-7.27342],[-42.75891,-7.25686],[-42.7569,-7.24642],[-42.76219,-7.23759],[-42.75903,-7.23188],[-42.74761,-7.2324],[-42.74288,-7.2262],[-42.74374,-7.2193],[-42.73729,-7.21346],[-42.74013,-7.20562],[-42.73349,-7.19683],[-42.73841,-7.1858],[-42.73293,-7.17575],[-42.74064,-7.16545],[-42.73085,-7.15564],[-42.7203,-7.15779],[-42.7132,-7.14749],[-42.71886,-7.1382],[-42.71859,-7.13197],[-42.72332,-7.12767],[-42.72031,-7.11939],[-42.72573,-7.11562],[-42.72769,-7.10885],[-42.7259,-7.09078],[-42.73257,-7.08165],[-42.72756,-7.07353],[-42.73313,-7.07109],[-42.74532,-7.07474],[-42.75985,-7.06659],[-42.75642,-7.05698],[-42.74573,-7.05791],[-42.74171,-7.05454],[-42.74387,-7.04753],[-42.75277,-7.046],[-42.7596,-7.03743],[-42.75103,-7.03255],[-42.743,-7.03358],[-42.74136,-7.02607],[-42.73739,-7.02287],[-42.72352,-7.03083],[-42.71692,-7.02359],[-42.71882,-7.01952],[-42.72572,-7.01911],[-42.73742,-7.01163],[-42.74436,-7.00349],[-42.74191,-6.98687],[-42.74987,-6.9761],[-42.74928,-6.96602],[-42.73643,-6.96458],[-42.73142,-6.95998],[-42.70616,-6.96119],[-42.7006,-6.9579],[-42.68115,-6.96335],[-42.67518,-6.95084],[-42.67382,-6.92646],[-42.67571,-6.91226],[-42.69259,-6.90385],[-42.70697,-6.88911],[-42.71511,-6.89333],[-42.72193,-6.89188],[-42.73087,-6.90027],[-42.74314,-6.89521],[-42.74733,-6.9023],[-42.76385,-6.90231],[-42.76927,-6.90974],[-42.78529,-6.91096],[-42.7887,-6.90848],[-42.78802,-6.90473],[-42.77671,-6.89942],[-42.77435,-6.89507],[-42.78623,-6.88975],[-42.78483,-6.87427],[-42.79227,-6.87387],[-42.79764,-6.86912],[-42.79158,-6.85756],[-42.79174,-6.8479],[-42.78594,-6.8435],[-42.77779,-6.845],[-42.7723,-6.82493],[-42.75939,-6.82196],[-42.75704,-6.8188],[-42.76148,-6.80816],[-42.76249,-6.79165],[-42.78212,-6.78133],[-42.7835,-6.77736],[-42.78029,-6.77116],[-42.77496,-6.77067],[-42.76245,-6.78168],[-42.75218,-6.78377],[-42.74133,-6.77059],[-42.74649,-6.7599],[-42.75599,-6.76209],[-42.76564,-6.75783],[-42.76821,-6.74837],[-42.78167,-6.7425],[-42.78326,-6.7364],[-42.77083,-6.73346],[-42.76294,-6.71876],[-42.75689,-6.71514],[-42.75235,-6.71677],[-42.75084,-6.7259],[-42.73596,-6.73354],[-42.72919,-6.73387],[-42.72565,-6.72837],[-42.73735,-6.70156],[-42.73767,-6.69145],[-42.79643,-6.68507],[-42.81036,-6.67108],[-42.81097,-6.66414],[-42.79176,-6.65459],[-42.79526,-6.64382],[-42.79275,-6.63732],[-42.79903,-6.62827],[-42.80371,-6.62753],[-42.81403,-6.63784],[-42.81421,-6.6486],[-42.8171,-6.65219],[-42.82449,-6.65731],[-42.8367,-6.65979],[-42.83957,-6.67543],[-42.85333,-6.67955],[-42.85771,-6.69105],[-42.8667,-6.69661],[-42.87012,-6.70299],[-42.89655,-6.69713],[-42.90364,-6.69174],[-42.90611,-6.67384],[-42.89278,-6.66075],[-42.8996,-6.63952],[-42.89944,-6.62825],[-42.8761,-6.59883],[-42.8657,-6.52171],[-42.85816,-6.5037],[-42.8581,-6.4853],[-42.86643,-6.4677],[-42.86573,-6.42338],[-42.84778,-6.38956],[-42.84129,-6.39009],[-42.83612,-6.40337],[-42.82875,-6.40995],[-42.81412,-6.41075],[-42.80439,-6.41752],[-42.79879,-6.43045],[-42.78869,-6.43171],[-42.78303,-6.42386],[-42.78909,-6.40568],[-42.78803,-6.36698],[-42.77517,-6.35798],[-42.76739,-6.36274],[-42.75176,-6.36362],[-42.74843,-6.37318],[-42.74855,-6.40621],[-42.75304,-6.41929],[-42.76122,-6.42788],[-42.76178,-6.43538],[-42.75947,-6.43868],[-42.75176,-6.43919],[-42.73725,-6.42157],[-42.71394,-6.43202],[-42.69913,-6.42322],[-42.66648,-6.41497],[-42.63465,-6.42934],[-42.61725,-6.42659],[-42.60088,-6.41557],[-42.57997,-6.4255],[-42.56086,-6.41725],[-42.54367,-6.42442],[-42.52885,-6.40739],[-42.49806,-6.3932],[-42.49584,-6.39924],[-42.50273,-6.40608],[-42.50705,-6.42006],[-42.51379,-6.4287],[-42.51271,-6.43501],[-42.50684,-6.43596],[-42.49298,-6.42699],[-42.48159,-6.42573],[-42.47893,-6.41801],[-42.4857,-6.41078],[-42.48266,-6.40522],[-42.46195,-6.40033],[-42.45818,-6.39499],[-42.45435,-6.3947],[-42.44284,-6.4076],[-42.41874,-6.41766],[-42.41099,-6.44256],[-42.39859,-6.44024],[-42.39466,-6.44302],[-42.40185,-6.45138],[-42.40274,-6.46282],[-42.39908,-6.47543],[-42.40214,-6.48208],[-42.41988,-6.48764],[-42.42899,-6.49649],[-42.4217,-6.5161],[-42.41504,-6.51966],[-42.40665,-6.50335],[-42.39704,-6.49753],[-42.38896,-6.49791],[-42.3825,-6.51432],[-42.38726,-6.52596],[-42.37144,-6.52938],[-42.35261,-6.55298],[-42.35446,-6.55727],[-42.36361,-6.56177],[-42.35828,-6.57177],[-42.36364,-6.5835],[-42.37926,-6.58741],[-42.39246,-6.57857],[-42.3988,-6.58294],[-42.39787,-6.59291],[-42.3878,-6.61127],[-42.37742,-6.61224],[-42.37739,-6.60334],[-42.3745,-6.60079],[-42.35665,-6.60704],[-42.35172,-6.59895],[-42.34653,-6.59695],[-42.33524,-6.60097],[-42.33295,-6.60513],[-42.34396,-6.6093],[-42.34804,-6.62502],[-42.33242,-6.6286],[-42.3175,-6.61528],[-42.31232,-6.6159],[-42.30917,-6.62462],[-42.30449,-6.62527],[-42.29886,-6.6166],[-42.30236,-6.6035],[-42.29682,-6.60022],[-42.29035,-6.60124],[-42.28661,-6.60635],[-42.28389,-6.62524],[-42.29111,-6.63159],[-42.288,-6.64091],[-42.30304,-6.65224],[-42.30829,-6.66785],[-42.30562,-6.67216],[-42.3018,-6.67117],[-42.29403,-6.65965],[-42.28182,-6.66525],[-42.26669,-6.66395],[-42.25565,-6.6743],[-42.24504,-6.67436],[-42.23173,-6.66636],[-42.21858,-6.65121],[-42.21284,-6.65097],[-42.21295,-6.66675],[-42.21932,-6.67901],[-42.21889,-6.68537],[-42.213,-6.69125],[-42.20085,-6.6929],[-42.19843,-6.69618],[-42.20817,-6.70752],[-42.20805,-6.73628],[-42.20473,-6.73853],[-42.20017,-6.73643],[-42.19664,-6.72523],[-42.18634,-6.7186],[-42.18003,-6.71831],[-42.17811,-6.72206],[-42.18304,-6.72928],[-42.18302,-6.73549],[-42.1674,-6.73991],[-42.17282,-6.75136],[-42.17027,-6.75536],[-42.15605,-6.75605],[-42.1444,-6.74885],[-42.13594,-6.7505],[-42.13028,-6.7563],[-42.1181,-6.75404],[-42.11102,-6.74787],[-42.10804,-6.73095],[-42.11404,-6.72336],[-42.11487,-6.71675],[-42.10536,-6.71095],[-42.10527,-6.70215],[-42.10676,-6.69708],[-42.1318,-6.67138],[-42.13188,-6.66571],[-42.12452,-6.65775],[-42.11835,-6.65532],[-42.1083,-6.65731],[-42.10231,-6.67004],[-42.09821,-6.67168],[-42.08821,-6.66636],[-42.07608,-6.64802],[-42.06121,-6.64922],[-42.0516,-6.65708],[-42.03923,-6.65338],[-42.0355,-6.65518],[-42.03571,-6.65879],[-42.04792,-6.67032],[-42.07682,-6.67435],[-42.08841,-6.68454],[-42.08679,-6.69113],[-42.07436,-6.68748],[-42.07013,-6.6906],[-42.08711,-6.7067],[-42.08016,-6.7256],[-42.08362,-6.74328],[-42.07955,-6.75139],[-42.07548,-6.75264],[-42.05722,-6.74087],[-42.04975,-6.72343],[-42.02809,-6.71559],[-42.0257,-6.7049],[-42.01752,-6.70212],[-42.02065,-6.6879],[-42.01358,-6.67127],[-42.00837,-6.67248],[-41.99553,-6.69205],[-41.98727,-6.69299],[-41.98271,-6.68969],[-41.98358,-6.68098],[-41.99348,-6.67209],[-41.9946,-6.6604],[-41.98655,-6.65648],[-41.96872,-6.66326],[-41.96107,-6.64706],[-41.95239,-6.64545],[-41.95352,-6.63861],[-41.96547,-6.63339],[-41.9665,-6.62294],[-41.95878,-6.61916],[-41.95387,-6.62634],[-41.9422,-6.63134],[-41.93691,-6.64196],[-41.93918,-6.65315],[-41.95062,-6.67117],[-41.95251,-6.6831],[-41.95941,-6.68656],[-41.96114,-6.6939],[-41.97369,-6.69889],[-41.97484,-6.70913],[-41.99171,-6.71419],[-41.99813,-6.72105],[-41.99777,-6.72689],[-41.99155,-6.73342],[-41.99199,-6.74123],[-41.97232,-6.74736],[-41.9619,-6.7583],[-41.96521,-6.7627],[-41.97413,-6.76224],[-41.98769,-6.76831],[-41.98696,-6.78345],[-41.99662,-6.79502],[-41.98493,-6.80808],[-41.98855,-6.81847],[-41.99549,-6.82135],[-41.99633,-6.82613],[-41.99131,-6.83201],[-41.97893,-6.83043],[-41.97107,-6.8336],[-41.95521,-6.8247],[-41.93971,-6.83181],[-41.93351,-6.82354],[-41.92342,-6.82251],[-41.9136,-6.8301],[-41.91033,-6.82228],[-41.90521,-6.81936],[-41.90401,-6.81296],[-41.89639,-6.81185],[-41.88813,-6.80129],[-41.87752,-6.79802],[-41.86899,-6.80344],[-41.86209,-6.80056],[-41.85791,-6.78887],[-41.85986,-6.7801],[-41.86597,-6.77242],[-41.86516,-6.76512],[-41.86953,-6.76055],[-41.86541,-6.75077],[-41.84715,-6.74587],[-41.83747,-6.74977],[-41.82927,-6.74313],[-41.83025,-6.73901],[-41.83708,-6.73618],[-41.83643,-6.72498],[-41.8405,-6.7205],[-41.84234,-6.70995],[-41.84013,-6.70686],[-41.83344,-6.70808],[-41.82577,-6.70382],[-41.82295,-6.69821],[-41.82369,-6.69257],[-41.83447,-6.68536],[-41.83145,-6.67953],[-41.83278,-6.66678],[-41.82717,-6.65866],[-41.81291,-6.65397],[-41.79838,-6.65748],[-41.78732,-6.65352],[-41.76768,-6.65996],[-41.74252,-6.65586],[-41.73024,-6.65785],[-41.72473,-6.65114],[-41.71434,-6.65238],[-41.70829,-6.64391],[-41.70029,-6.64146],[-41.69019,-6.62382],[-41.67502,-6.62291],[-41.6721,-6.62012],[-41.67689,-6.59933],[-41.67071,-6.5869],[-41.67696,-6.57628],[-41.67993,-6.55947],[-41.68874,-6.54894],[-41.68832,-6.54432],[-41.68188,-6.54012],[-41.67544,-6.54379],[-41.66824,-6.5432],[-41.66223,-6.5562],[-41.66237,-6.56502],[-41.65857,-6.56713],[-41.65351,-6.56332],[-41.65099,-6.55278],[-41.63706,-6.54666],[-41.63441,-6.53423],[-41.6267,-6.52999],[-41.62691,-6.52272],[-41.64539,-6.50416],[-41.65974,-6.46315],[-41.66914,-6.45146],[-41.69174,-6.43533],[-41.69458,-6.4244],[-41.69039,-6.42063],[-41.66337,-6.41295],[-41.62418,-6.41073],[-41.61816,-6.40484],[-41.62358,-6.38898],[-41.63493,-6.37019],[-41.63468,-6.34482],[-41.63821,-6.32691],[-41.63239,-6.31939],[-41.63235,-6.31459],[-41.63572,-6.3097],[-41.64627,-6.30543],[-41.65281,-6.28798],[-41.65001,-6.28501],[-41.64206,-6.28552],[-41.63476,-6.27827],[-41.62288,-6.27628],[-41.61944,-6.26325],[-41.61215,-6.25869],[-41.59822,-6.26326],[-41.59152,-6.2579],[-41.57965,-6.2567],[-41.5753,-6.25115],[-41.57387,-6.23527],[-41.57867,-6.22598],[-41.58426,-6.22253],[-41.5843,-6.21564],[-41.59561,-6.20496],[-41.59095,-6.19771],[-41.59213,-6.18997],[-41.58388,-6.18903],[-41.57781,-6.19667],[-41.56307,-6.18942],[-41.55214,-6.16662],[-41.53178,-6.16595],[-41.52812,-6.17833],[-41.52088,-6.18245],[-41.49403,-6.17387],[-41.47785,-6.1905],[-41.4761,-6.19588],[-41.49266,-6.2229],[-41.49448,-6.24079],[-41.48995,-6.24671],[-41.4813,-6.24908],[-41.46683,-6.24775],[-41.4578,-6.23768],[-41.45142,-6.22678],[-41.4521,-6.22074],[-41.44499,-6.2112],[-41.44667,-6.20466],[-41.4428,-6.19631],[-41.44224,-6.17646],[-41.43109,-6.17325],[-41.42754,-6.16563],[-41.41585,-6.16715],[-41.41218,-6.16488],[-41.41397,-6.158],[-41.40965,-6.1479],[-41.41103,-6.14219],[-41.42247,-6.13978],[-41.42444,-6.13599],[-41.41539,-6.12736],[-41.4131,-6.10836],[-41.41614,-6.10067],[-41.4096,-6.0971],[-41.40697,-6.08761],[-41.40102,-6.08445],[-41.39874,-6.07693],[-41.40173,-6.07216],[-41.40958,-6.07191],[-41.41856,-6.06048],[-41.4117,-6.05156],[-41.41693,-6.04047],[-41.41163,-6.0303],[-41.42528,-6.01583],[-41.42517,-5.99863],[-41.43348,-5.99478],[-41.42846,-5.9826],[-41.4323,-5.97036],[-41.43732,-5.96674],[-41.43917,-5.96052],[-41.44759,-5.95899],[-41.4547,-5.94054],[-41.44791,-5.92593],[-41.43784,-5.92107],[-41.42295,-5.90586],[-41.42942,-5.88916],[-41.43756,-5.87514],[-41.44657,-5.87184],[-41.4566,-5.88292],[-41.4659,-5.88349],[-41.47548,-5.89693],[-41.46418,-5.91491],[-41.48172,-5.93193],[-41.46979,-5.95032],[-41.47286,-5.96027],[-41.46614,-5.96718],[-41.45686,-5.98868],[-41.45511,-5.99944],[-41.46291,-6.00888],[-41.47074,-6.00494],[-41.47588,-5.99172],[-41.47595,-5.97818],[-41.48302,-5.97518],[-41.49019,-5.98247],[-41.5018,-5.9789],[-41.49831,-5.96862],[-41.49052,-5.95935],[-41.48926,-5.94944],[-41.50746,-5.92112],[-41.51849,-5.92464],[-41.52553,-5.9359],[-41.53224,-5.92897],[-41.54171,-5.93325],[-41.54259,-5.92474],[-41.54707,-5.91819],[-41.53797,-5.9081],[-41.51623,-5.91336],[-41.5006,-5.906],[-41.49386,-5.89518],[-41.49524,-5.86766],[-41.48236,-5.85274],[-41.46397,-5.84962],[-41.45359,-5.83413],[-41.43889,-5.84404],[-41.43336,-5.84219],[-41.43187,-5.8038],[-41.44682,-5.76841],[-41.44322,-5.75576],[-41.43814,-5.75059],[-41.43962,-5.74093],[-41.43585,-5.73528],[-41.43779,-5.72081],[-41.43169,-5.71475],[-41.41319,-5.70739],[-41.37615,-5.71592],[-41.35113,-5.70211],[-41.33425,-5.69932],[-41.31675,-5.68767],[-41.3142,-5.67861],[-41.32359,-5.67547],[-41.32183,-5.66394],[-41.33227,-5.65727],[-41.33676,-5.6412],[-41.32984,-5.6225],[-41.32222,-5.61935],[-41.31113,-5.60581],[-41.27846,-5.58683],[-41.27762,-5.56803],[-41.28047,-5.56416],[-41.28635,-5.565],[-41.30185,-5.58711],[-41.30655,-5.58793],[-41.31221,-5.57681],[-41.3111,-5.56962],[-41.31748,-5.56376],[-41.32,-5.53974],[-41.32701,-5.53842],[-41.33563,-5.54472],[-41.35474,-5.53461],[-41.35386,-5.52842],[-41.34658,-5.5213],[-41.35009,-5.51307],[-41.36276,-5.51214],[-41.36731,-5.51655],[-41.39161,-5.5218],[-41.40198,-5.52941],[-41.41304,-5.52986],[-41.41618,-5.51879],[-41.40655,-5.51246],[-41.41113,-5.50307],[-41.43446,-5.49742],[-41.44851,-5.48772],[-41.45965,-5.48991],[-41.47278,-5.4677],[-41.48091,-5.46213],[-41.48041,-5.45844],[-41.46568,-5.44606],[-41.45757,-5.44468],[-41.45222,-5.43364],[-41.45353,-5.42421],[-41.44291,-5.41833],[-41.44087,-5.40304],[-41.42701,-5.39762],[-41.42661,-5.38635],[-41.41799,-5.38446],[-41.39839,-5.38844],[-41.39,-5.38382],[-41.38874,-5.37879],[-41.39482,-5.37272],[-41.40718,-5.34765],[-41.42726,-5.32864],[-41.44431,-5.32178],[-41.45492,-5.31178],[-41.45414,-5.29916],[-41.44767,-5.29063],[-41.45111,-5.26816],[-41.43262,-5.25059],[-41.43403,-5.24151],[-41.44377,-5.22601],[-41.42572,-5.20318],[-41.43018,-5.18853],[-41.43421,-5.18435],[-41.44823,-5.18098],[-41.47114,-5.1806],[-41.49009,-5.18473],[-41.50431,-5.17299],[-41.5252,-5.168],[-41.54498,-5.13845],[-41.54047,-5.11124],[-41.54891,-5.09055],[-41.54586,-5.08422],[-41.53292,-5.07834],[-41.5338,-5.06105],[-41.52926,-5.05954],[-41.52201,-5.06555],[-41.51394,-5.0654],[-41.49989,-5.05835],[-41.49219,-5.05064],[-41.48052,-5.06009],[-41.4759,-5.05777],[-41.47704,-5.04808],[-41.47195,-5.03485],[-41.47275,-5.02715],[-41.49175,-5.01778],[-41.49353,-5.00322],[-41.50837,-4.99111],[-41.50851,-4.98104],[-41.49582,-4.96591],[-41.49134,-4.94624],[-41.51099,-4.93529],[-41.56433,-4.92128],[-41.56741,-4.91194],[-41.58093,-4.90223],[-41.57281,-4.8951],[-41.57325,-4.87038],[-41.56368,-4.85639],[-41.56113,-4.84537],[-41.56309,-4.8384],[-41.55659,-4.82924],[-41.54885,-4.83004],[-41.54534,-4.82485],[-41.55017,-4.81802],[-41.54919,-4.81382],[-41.54379,-4.8093],[-41.53528,-4.80993],[-41.5338,-4.79911],[-41.52656,-4.79317],[-41.51879,-4.77868],[-41.50587,-4.77853],[-41.50316,-4.7721],[-41.497,-4.77009],[-41.49317,-4.76365],[-41.47774,-4.77008],[-41.46711,-4.757],[-41.47001,-4.7491],[-41.47725,-4.74336],[-41.47697,-4.73106],[-41.47219,-4.7233],[-41.47876,-4.71315],[-41.47304,-4.70382],[-41.47302,-4.6968],[-41.48203,-4.68969],[-41.48237,-4.67824],[-41.49007,-4.67451],[-41.49283,-4.66656],[-41.48702,-4.65977],[-41.47182,-4.65722],[-41.46415,-4.66174],[-41.45985,-4.65635],[-41.46052,-4.63806],[-41.4558,-4.63367],[-41.45007,-4.61672],[-41.45895,-4.6076],[-41.4597,-4.60035],[-41.46615,-4.59495],[-41.46709,-4.58566],[-41.47232,-4.57986],[-41.46783,-4.57303],[-41.46816,-4.56239],[-41.44639,-4.53749],[-41.44375,-4.53037],[-41.44579,-4.52595],[-41.45837,-4.52122],[-41.46019,-4.51495],[-41.45625,-4.4967],[-41.44531,-4.4896],[-41.44162,-4.48319],[-41.45471,-4.45517],[-41.4444,-4.44568],[-41.44375,-4.43437],[-41.42469,-4.42773],[-41.42157,-4.40978],[-41.42538,-4.40686],[-41.43416,-4.4116],[-41.4433,-4.41131],[-41.45352,-4.39813],[-41.46492,-4.39639],[-41.47093,-4.40817],[-41.48016,-4.40964],[-41.48742,-4.40465],[-41.50028,-4.41694],[-41.51267,-4.41773],[-41.51959,-4.42543],[-41.5331,-4.41939],[-41.5359,-4.42878],[-41.54579,-4.43444],[-41.54502,-4.44305],[-41.55235,-4.44741],[-41.56885,-4.43598],[-41.57836,-4.42495],[-41.59144,-4.4186],[-41.59642,-4.40965],[-41.60373,-4.40607],[-41.63516,-4.41032],[-41.65382,-4.4063],[-41.6638,-4.41202],[-41.65313,-4.42018],[-41.65451,-4.42709],[-41.66804,-4.42213],[-41.67544,-4.42774],[-41.6841,-4.42313],[-41.69616,-4.42282],[-41.71128,-4.40209],[-41.73739,-4.3923],[-41.74002,-4.38785],[-41.73455,-4.34908],[-41.7247,-4.33171],[-41.71708,-4.33033],[-41.70844,-4.32093],[-41.69506,-4.31625],[-41.68732,-4.30481],[-41.67712,-4.30756],[-41.66283,-4.27686],[-41.65244,-4.27856],[-41.63325,-4.27119],[-41.62327,-4.26188],[-41.61559,-4.26234],[-41.60644,-4.25832],[-41.59595,-4.26828],[-41.58365,-4.26169],[-41.56902,-4.27047],[-41.56197,-4.26783],[-41.54247,-4.27155],[-41.53415,-4.26838],[-41.53462,-4.26368],[-41.5553,-4.25447],[-41.56379,-4.24345],[-41.57229,-4.2438],[-41.5847,-4.2262],[-41.58039,-4.22248],[-41.56676,-4.22949],[-41.56238,-4.22278],[-41.55436,-4.22031],[-41.56652,-4.19948],[-41.5724,-4.19494],[-41.57483,-4.17547],[-41.57207,-4.16446],[-41.56492,-4.15986],[-41.56298,-4.15288],[-41.55453,-4.14312],[-41.55932,-4.12198],[-41.54392,-4.10912],[-41.55181,-4.09247],[-41.55112,-4.08568],[-41.53672,-4.07829],[-41.53625,-4.06836],[-41.52575,-4.06854],[-41.52032,-4.06375],[-41.52222,-4.06002],[-41.53757,-4.05523],[-41.54565,-4.06464],[-41.55042,-4.06549],[-41.55535,-4.05677],[-41.55523,-4.05053],[-41.54928,-4.0401],[-41.53592,-4.03763],[-41.52944,-4.03944],[-41.52577,-4.04585],[-41.51444,-4.04187],[-41.50857,-4.04978],[-41.49714,-4.05062],[-41.49508,-4.0463],[-41.50203,-4.04229],[-41.50209,-4.03613],[-41.48697,-4.03154],[-41.48282,-4.02354],[-41.47166,-4.01938],[-41.47908,-4.00436],[-41.49356,-4.02054],[-41.50028,-4.02401],[-41.52024,-4.01368],[-41.53558,-4.02202],[-41.54822,-4.02346],[-41.55125,-4.01967],[-41.5455,-4.0129],[-41.54689,-4.00418],[-41.55359,-4.00232],[-41.55946,-4.00698],[-41.57882,-4.00204],[-41.57991,-3.99594],[-41.57425,-3.98976],[-41.58053,-3.98509],[-41.60947,-3.99663],[-41.61815,-3.99457],[-41.6227,-3.98782],[-41.63581,-3.99101],[-41.64249,-3.98155],[-41.64988,-3.98555],[-41.65454,-3.98464],[-41.66002,-3.96231],[-41.64836,-3.95191],[-41.64639,-3.94048],[-41.63732,-3.92197],[-41.63115,-3.919],[-41.61785,-3.90377],[-41.61042,-3.90564],[-41.59853,-3.89893],[-41.58906,-3.90223],[-41.57819,-3.8988],[-41.56313,-3.86647],[-41.54511,-3.8454],[-41.53091,-3.84817],[-41.51896,-3.85545],[-41.5063,-3.85263],[-41.50003,-3.85485],[-41.51333,-3.903],[-41.52154,-3.91768],[-41.51781,-3.92349],[-41.50982,-3.91885],[-41.50059,-3.9053],[-41.49238,-3.90401],[-41.49097,-3.8991],[-41.49512,-3.89334],[-41.49252,-3.88915],[-41.48137,-3.88696],[-41.47625,-3.88261],[-41.46837,-3.88931],[-41.45611,-3.88786],[-41.44825,-3.88085],[-41.44206,-3.88089],[-41.4303,-3.87469],[-41.42652,-3.86305],[-41.42077,-3.86514],[-41.41466,-3.87521],[-41.40119,-3.87909],[-41.39346,-3.874],[-41.39203,-3.86578],[-41.37248,-3.85126],[-41.37027,-3.83514],[-41.36263,-3.83436],[-41.35471,-3.82628],[-41.37271,-3.80321],[-41.37491,-3.7925],[-41.38544,-3.78243],[-41.38213,-3.76409],[-41.39793,-3.75641],[-41.40573,-3.75869],[-41.40987,-3.76518],[-41.41853,-3.7672],[-41.41977,-3.75739],[-41.41357,-3.75264],[-41.41328,-3.74424],[-41.41948,-3.74049],[-41.42635,-3.74474],[-41.43307,-3.73997],[-41.43508,-3.73618],[-41.43296,-3.72777],[-41.43813,-3.72273],[-41.43965,-3.71009],[-41.45279,-3.7043],[-41.45219,-3.69994],[-41.44489,-3.69502],[-41.44458,-3.68925],[-41.43401,-3.67573],[-41.43423,-3.67148],[-41.44406,-3.66303],[-41.45428,-3.66565],[-41.45451,-3.6564],[-41.45781,-3.65403],[-41.46731,-3.65772],[-41.47036,-3.66542],[-41.4789,-3.67015],[-41.49057,-3.65674],[-41.48698,-3.6437],[-41.48898,-3.6369],[-41.48458,-3.62451],[-41.47626,-3.62173],[-41.47683,-3.61127],[-41.48469,-3.6086],[-41.48983,-3.60064],[-41.49883,-3.60019],[-41.50399,-3.60747],[-41.52101,-3.60777],[-41.5256,-3.603],[-41.52433,-3.59829],[-41.51049,-3.59606],[-41.50614,-3.59089],[-41.50864,-3.57795],[-41.52089,-3.58474],[-41.52673,-3.58207],[-41.51824,-3.56887],[-41.51827,-3.55903],[-41.53366,-3.55311],[-41.5496,-3.57726],[-41.55622,-3.5821],[-41.56851,-3.5746],[-41.59608,-3.59358],[-41.60056,-3.59195],[-41.6045,-3.57538],[-41.60261,-3.56569],[-41.59466,-3.56594],[-41.58265,-3.5602],[-41.57504,-3.55166],[-41.57508,-3.54165],[-41.56569,-3.54305],[-41.55753,-3.53779],[-41.54345,-3.53675],[-41.53097,-3.5142],[-41.53315,-3.51061],[-41.54236,-3.51022],[-41.55555,-3.48961],[-41.56682,-3.4918],[-41.57522,-3.47094],[-41.58602,-3.46858],[-41.59237,-3.45827],[-41.59294,-3.43102],[-41.57591,-3.40987],[-41.58141,-3.39227],[-41.60767,-3.36899],[-41.61159,-3.36973],[-41.61448,-3.37661],[-41.61843,-3.37636],[-41.63172,-3.35884],[-41.64355,-3.35454],[-41.64395,-3.34661],[-41.64776,-3.34178],[-41.65564,-3.34306],[-41.6678,-3.33394],[-41.68692,-3.3275],[-41.69089,-3.3211],[-41.68718,-3.31177],[-41.70277,-3.29515],[-41.7032,-3.28462],[-41.71236,-3.28072],[-41.71359,-3.27022],[-41.72582,-3.26491],[-41.73233,-3.24977],[-41.7383,-3.24939],[-41.74354,-3.24486],[-41.75337,-3.24542],[-41.76068,-3.22992],[-41.75803,-3.22322],[-41.76102,-3.21437],[-41.77469,-3.20792],[-41.78352,-3.20954],[-41.81111,-3.19166],[-41.81972,-3.17265],[-41.8338,-3.15757],[-41.83396,-3.14973],[-41.83849,-3.14605],[-41.84694,-3.14572],[-41.85155,-3.13875],[-41.86082,-3.13795],[-41.87512,-3.13013],[-41.88243,-3.11974],[-41.88308,-3.10586],[-41.89469,-3.09673],[-41.8722,-3.06738],[-41.85862,-3.05633],[-41.84329,-3.03754],[-41.83203,-3.03208],[-41.82402,-3.02346],[-41.80863,-2.98439],[-41.79422,-2.96474],[-41.79688,-2.952],[-41.80549,-2.93634],[-41.84129,-2.90504]]],[[[-43.84527,-9.57798],[-43.85229,-9.57429],[-43.85107,-9.5654],[-43.84527,-9.57798]]],[[[-43.83505,-9.61684],[-43.83431,-9.62259],[-43.84017,-9.62652],[-43.84195,-9.63743],[-43.82684,-9.64953],[-43.79726,-9.6965],[-43.79337,-9.71522],[-43.79766,-9.72768],[-43.78492,-9.76239],[-43.76718,-9.7707],[-43.76157,-9.77788],[-43.72143,-9.79336],[-43.71782,-9.80242],[-43.7084,-9.80571],[-43.69346,-9.80526],[-43.68287,-9.81575],[-43.66485,-9.82365],[-43.65324,-9.83906],[-43.65354,-9.84526],[-43.66526,-9.85588],[-43.6664,-9.86905],[-43.67745,-9.88653],[-43.69462,-9.89125],[-43.69642,-9.9012],[-43.70548,-9.90638],[-43.70904,-9.91322],[-43.70618,-9.92205],[-43.69284,-9.92553],[-43.69045,-9.9295],[-43.68956,-9.93907],[-43.70295,-9.96611],[-43.68468,-9.98276],[-43.66634,-9.98954],[-43.66245,-9.99799],[-43.66283,-10.01182],[-43.66948,-10.03076],[-43.69028,-10.04464],[-43.69291,-10.0774],[-43.72993,-10.07226],[-43.75923,-10.07461],[-43.76603,-10.08006],[-43.77311,-10.09878],[-43.76701,-10.11468],[-43.76659,-10.13426],[-43.77909,-10.18047],[-43.79785,-10.20884],[-43.83727,-10.25007],[-43.83829,-10.26546],[-43.83404,-10.27764],[-43.83829,-10.30463],[-43.85038,-10.31838],[-43.87168,-10.33044],[-43.8951,-10.35449],[-43.89877,-10.36732],[-43.91479,-10.38415],[-43.91623,-10.42672],[-43.92604,-10.4337],[-43.93673,-10.43613],[-43.97277,-10.43265],[-44.00245,-10.40755],[-44.01415,-10.40475],[-44.02354,-10.4082],[-44.02989,-10.41696],[-44.03587,-10.43543],[-44.03475,-10.44901],[-44.02584,-10.47547],[-44.02962,-10.48408],[-44.04155,-10.49324],[-44.05101,-10.50624],[-44.07211,-10.57993],[-44.08229,-10.58879],[-44.10075,-10.59172],[-44.11062,-10.5972],[-44.12829,-10.63149],[-44.13926,-10.63988],[-44.15295,-10.64408],[-44.16554,-10.6429],[-44.17832,-10.63143],[-44.19298,-10.62858],[-44.20865,-10.61532],[-44.22008,-10.61619],[-44.22822,-10.6118],[-44.24151,-10.60153],[-44.24983,-10.58826],[-44.25435,-10.59095],[-44.25462,-10.60742],[-44.25852,-10.61102],[-44.2623,-10.61011],[-44.2679,-10.60103],[-44.26713,-10.58887],[-44.27022,-10.58346],[-44.26493,-10.56625],[-44.2644,-10.54367],[-44.26835,-10.53644],[-44.26463,-10.53029],[-44.27727,-10.50882],[-44.28354,-10.50929],[-44.28368,-10.52389],[-44.29023,-10.5328],[-44.30187,-10.53581],[-44.30335,-10.53184],[-44.29814,-10.52136],[-44.30367,-10.51302],[-44.30167,-10.50715],[-44.30674,-10.50169],[-44.30688,-10.49169],[-44.31473,-10.48718],[-44.31124,-10.47379],[-44.32589,-10.47045],[-44.32953,-10.47726],[-44.33373,-10.47825],[-44.34174,-10.47329],[-44.33645,-10.45866],[-44.34461,-10.44929],[-44.35586,-10.44593],[-44.36111,-10.44898],[-44.36887,-10.44843],[-44.3763,-10.47342],[-44.37185,-10.47954],[-44.3569,-10.4815],[-44.35562,-10.48891],[-44.36093,-10.51393],[-44.3532,-10.52915],[-44.36627,-10.54597],[-44.38148,-10.55314],[-44.38459,-10.56141],[-44.39399,-10.56118],[-44.40166,-10.56702],[-44.41309,-10.58701],[-44.42411,-10.58997],[-44.42762,-10.58655],[-44.41271,-10.55616],[-44.41423,-10.54944],[-44.40986,-10.53687],[-44.41318,-10.53344],[-44.44882,-10.55401],[-44.45001,-10.56078],[-44.46808,-10.582],[-44.46779,-10.59111],[-44.47815,-10.59955],[-44.4737,-10.61426],[-44.47866,-10.62065],[-44.49138,-10.61822],[-44.52325,-10.5878],[-44.53281,-10.59513],[-44.54263,-10.59742],[-44.54669,-10.60548],[-44.56284,-10.60909],[-44.56774,-10.60363],[-44.57308,-10.60339],[-44.57632,-10.61979],[-44.59351,-10.62903],[-44.60251,-10.62761],[-44.6066,-10.61926],[-44.61313,-10.61929],[-44.63342,-10.63123],[-44.64699,-10.64406],[-44.6563,-10.63016],[-44.6623,-10.6296],[-44.67086,-10.63677],[-44.66297,-10.64589],[-44.66969,-10.65858],[-44.69093,-10.67161],[-44.69225,-10.68295],[-44.7071,-10.68235],[-44.71791,-10.70176],[-44.72566,-10.70908],[-44.72686,-10.71389],[-44.72167,-10.72467],[-44.72272,-10.7351],[-44.73091,-10.74371],[-44.73998,-10.76731],[-44.75025,-10.77178],[-44.75434,-10.76919],[-44.75387,-10.75174],[-44.74164,-10.73897],[-44.74316,-10.7304],[-44.74793,-10.72774],[-44.7632,-10.7368],[-44.76801,-10.74335],[-44.76734,-10.75208],[-44.7708,-10.75813],[-44.76776,-10.7654],[-44.77721,-10.78941],[-44.7877,-10.79358],[-44.79348,-10.80154],[-44.80227,-10.80091],[-44.81038,-10.80884],[-44.80648,-10.81817],[-44.80786,-10.82712],[-44.81094,-10.83357],[-44.82225,-10.84092],[-44.81868,-10.8571],[-44.82379,-10.86622],[-44.83699,-10.86757],[-44.83967,-10.88051],[-44.85281,-10.89188],[-44.85502,-10.88449],[-44.85966,-10.88318],[-44.86804,-10.88873],[-44.87335,-10.88678],[-44.87316,-10.88047],[-44.84631,-10.85938],[-44.84819,-10.85032],[-44.82375,-10.82122],[-44.81999,-10.80355],[-44.80942,-10.79609],[-44.80339,-10.77854],[-44.78787,-10.75291],[-44.7878,-10.74107],[-44.77615,-10.72443],[-44.77734,-10.71435],[-44.76785,-10.70909],[-44.76536,-10.704],[-44.76618,-10.68898],[-44.77976,-10.67672],[-44.78347,-10.66424],[-44.77731,-10.66294],[-44.7655,-10.67154],[-44.75637,-10.67212],[-44.75084,-10.6786],[-44.71973,-10.66277],[-44.72334,-10.64863],[-44.70544,-10.62644],[-44.69701,-10.62181],[-44.69253,-10.61208],[-44.68374,-10.60595],[-44.68479,-10.59144],[-44.67728,-10.58563],[-44.67326,-10.57375],[-44.68704,-10.5678],[-44.69419,-10.57039],[-44.70315,-10.56701],[-44.70818,-10.55858],[-44.72071,-10.55412],[-44.72124,-10.55013],[-44.71427,-10.54607],[-44.71323,-10.53998],[-44.72588,-10.53564],[-44.73359,-10.53656],[-44.7409,-10.52197],[-44.74076,-10.51146],[-44.76002,-10.50775],[-44.76078,-10.50012],[-44.77488,-10.48822],[-44.77339,-10.483],[-44.76593,-10.4814],[-44.76602,-10.47578],[-44.78239,-10.46999],[-44.7885,-10.46037],[-44.78529,-10.45273],[-44.79127,-10.4455],[-44.79768,-10.45161],[-44.80749,-10.45249],[-44.81078,-10.46617],[-44.82044,-10.46731],[-44.84246,-10.48316],[-44.84288,-10.49415],[-44.85244,-10.51915],[-44.86618,-10.52448],[-44.87368,-10.51548],[-44.89791,-10.51974],[-44.89905,-10.51508],[-44.89172,-10.50757],[-44.89471,-10.49716],[-44.88112,-10.48949],[-44.87267,-10.49344],[-44.86557,-10.48767],[-44.86847,-10.47626],[-44.85799,-10.45765],[-44.86802,-10.44035],[-44.8801,-10.43672],[-44.89009,-10.43947],[-44.89848,-10.43227],[-44.88363,-10.42325],[-44.87416,-10.42321],[-44.86437,-10.42824],[-44.85825,-10.4209],[-44.84723,-10.43068],[-44.8366,-10.4293],[-44.82561,-10.40758],[-44.83918,-10.4007],[-44.83703,-10.39336],[-44.8273,-10.39388],[-44.81553,-10.39002],[-44.81165,-10.38339],[-44.81402,-10.37772],[-44.81186,-10.37435],[-44.79934,-10.37751],[-44.79388,-10.37574],[-44.78237,-10.3552],[-44.78225,-10.34869],[-44.77014,-10.34329],[-44.76467,-10.32449],[-44.75262,-10.31824],[-44.74607,-10.30054],[-44.74104,-10.29871],[-44.72847,-10.30134],[-44.72058,-10.29336],[-44.70631,-10.28677],[-44.70565,-10.28119],[-44.71263,-10.27766],[-44.71758,-10.26589],[-44.71128,-10.2577],[-44.71586,-10.25054],[-44.71689,-10.23932],[-44.72106,-10.23226],[-44.73828,-10.22478],[-44.7381,-10.21413],[-44.72625,-10.2141],[-44.70538,-10.23561],[-44.70413,-10.24275],[-44.69413,-10.24449],[-44.68944,-10.24303],[-44.68942,-10.23523],[-44.67761,-10.22319],[-44.66126,-10.22403],[-44.65603,-10.21974],[-44.6464,-10.21874],[-44.63865,-10.21016],[-44.63782,-10.20565],[-44.64097,-10.2031],[-44.6475,-10.20364],[-44.65351,-10.21126],[-44.68609,-10.20699],[-44.70739,-10.19676],[-44.71084,-10.19331],[-44.71105,-10.18636],[-44.70873,-10.18332],[-44.70286,-10.18341],[-44.69263,-10.18987],[-44.67931,-10.19094],[-44.65767,-10.18141],[-44.64925,-10.16681],[-44.64717,-10.1518],[-44.65429,-10.12877],[-44.64854,-10.11282],[-44.65828,-10.09643],[-44.66003,-10.08726],[-44.65121,-10.06888],[-44.65926,-10.05948],[-44.65438,-10.05404],[-44.65052,-10.02297],[-44.62919,-10.01566],[-44.62613,-10.00807],[-44.63537,-9.98918],[-44.64918,-9.98539],[-44.65163,-9.98021],[-44.64876,-9.97746],[-44.63931,-9.97853],[-44.63293,-9.97454],[-44.62082,-9.97413],[-44.60382,-9.94901],[-44.59506,-9.92814],[-44.60388,-9.91293],[-44.61281,-9.90961],[-44.61691,-9.89817],[-44.61013,-9.89424],[-44.60089,-9.87894],[-44.58626,-9.86975],[-44.59031,-9.85905],[-44.60964,-9.84195],[-44.61355,-9.83112],[-44.60348,-9.82635],[-44.58743,-9.84053],[-44.57563,-9.84395],[-44.56825,-9.86224],[-44.55382,-9.86129],[-44.55017,-9.84658],[-44.5566,-9.84374],[-44.56818,-9.82867],[-44.57644,-9.82633],[-44.57919,-9.82233],[-44.5734,-9.8108],[-44.58009,-9.79475],[-44.571,-9.78401],[-44.56337,-9.78375],[-44.54333,-9.77267],[-44.54045,-9.7561],[-44.50737,-9.75761],[-44.50182,-9.74383],[-44.48561,-9.73757],[-44.47858,-9.74554],[-44.47693,-9.75927],[-44.46916,-9.7659],[-44.46258,-9.7586],[-44.46808,-9.74794],[-44.46284,-9.7435],[-44.45283,-9.75143],[-44.45042,-9.75729],[-44.44067,-9.7609],[-44.44503,-9.76886],[-44.43991,-9.77605],[-44.4434,-9.78441],[-44.43707,-9.79195],[-44.42348,-9.78016],[-44.41592,-9.77946],[-44.40696,-9.78546],[-44.3914,-9.78283],[-44.38648,-9.77659],[-44.37806,-9.77521],[-44.3748,-9.76596],[-44.36887,-9.76359],[-44.36589,-9.75788],[-44.35757,-9.75651],[-44.36191,-9.74719],[-44.36024,-9.74125],[-44.34216,-9.73259],[-44.33304,-9.73633],[-44.3287,-9.72939],[-44.30499,-9.72203],[-44.30188,-9.71614],[-44.30744,-9.71252],[-44.33995,-9.71748],[-44.35025,-9.71482],[-44.36207,-9.71825],[-44.37145,-9.70842],[-44.36823,-9.70036],[-44.37182,-9.69678],[-44.37971,-9.69682],[-44.38526,-9.70068],[-44.391,-9.69609],[-44.40298,-9.695],[-44.41427,-9.6971],[-44.41947,-9.70193],[-44.425,-9.70033],[-44.42614,-9.69673],[-44.41747,-9.68472],[-44.39137,-9.67707],[-44.38531,-9.6577],[-44.36586,-9.64027],[-44.35181,-9.63712],[-44.34289,-9.62657],[-44.33492,-9.62625],[-44.33108,-9.61915],[-44.32375,-9.6162],[-44.3255,-9.60406],[-44.31883,-9.59135],[-44.31723,-9.5802],[-44.30966,-9.58195],[-44.30113,-9.57563],[-44.29106,-9.59064],[-44.29227,-9.60011],[-44.28703,-9.60315],[-44.27383,-9.60214],[-44.26896,-9.60841],[-44.25751,-9.6083],[-44.25799,-9.59719],[-44.27114,-9.58923],[-44.29147,-9.56681],[-44.2961,-9.53817],[-44.30473,-9.53159],[-44.30463,-9.52175],[-44.2932,-9.5183],[-44.29123,-9.50718],[-44.24637,-9.50876],[-44.24204,-9.51388],[-44.23159,-9.51757],[-44.22789,-9.52451],[-44.21249,-9.53517],[-44.18954,-9.54241],[-44.18255,-9.55128],[-44.17706,-9.54901],[-44.1787,-9.53945],[-44.17248,-9.53875],[-44.16106,-9.54892],[-44.16456,-9.56015],[-44.15999,-9.57069],[-44.15553,-9.57075],[-44.14953,-9.56499],[-44.13673,-9.56863],[-44.13213,-9.56183],[-44.11901,-9.55654],[-44.11283,-9.5596],[-44.10344,-9.55817],[-44.10349,-9.5488],[-44.11713,-9.54634],[-44.12336,-9.54003],[-44.13415,-9.54772],[-44.15,-9.54585],[-44.15461,-9.54078],[-44.14946,-9.533],[-44.15084,-9.52752],[-44.16301,-9.52868],[-44.17362,-9.52054],[-44.18434,-9.51806],[-44.18966,-9.50985],[-44.19849,-9.50965],[-44.21632,-9.49944],[-44.21269,-9.49149],[-44.18596,-9.48461],[-44.17337,-9.48547],[-44.15783,-9.4927],[-44.15089,-9.4827],[-44.13333,-9.48949],[-44.12616,-9.4821],[-44.11873,-9.48015],[-44.12125,-9.47159],[-44.11771,-9.46113],[-44.10941,-9.45753],[-44.10701,-9.45152],[-44.09941,-9.44744],[-44.09112,-9.44698],[-44.089,-9.45471],[-44.07682,-9.4596],[-44.06791,-9.47144],[-44.05895,-9.46924],[-44.05066,-9.47225],[-44.04394,-9.48817],[-44.0488,-9.49558],[-44.04429,-9.51653],[-44.03296,-9.517],[-44.0271,-9.51218],[-44.02517,-9.50651],[-44.02858,-9.50111],[-44.02748,-9.49194],[-44.01868,-9.48963],[-44.01326,-9.48367],[-43.99863,-9.48744],[-43.99513,-9.49467],[-43.97957,-9.50444],[-43.97335,-9.52326],[-43.97426,-9.52963],[-43.96761,-9.54397],[-43.96198,-9.54908],[-43.96407,-9.56391],[-43.95573,-9.56736],[-43.94743,-9.5661],[-43.94254,-9.5695],[-43.9425,-9.58292],[-43.9462,-9.58869],[-43.94291,-9.60543],[-43.9459,-9.61608],[-43.9545,-9.6215],[-43.95276,-9.62793],[-43.95592,-9.63547],[-43.96608,-9.63625],[-43.97159,-9.64031],[-43.98987,-9.63286],[-43.99571,-9.63441],[-44.00483,-9.64524],[-44.01086,-9.64652],[-44.02489,-9.65873],[-44.02883,-9.66677],[-44.03779,-9.66846],[-44.05052,-9.65949],[-44.05292,-9.65209],[-44.06338,-9.6506],[-44.06399,-9.65986],[-44.05707,-9.6695],[-44.0593,-9.67649],[-44.0532,-9.68021],[-44.05081,-9.68676],[-44.05203,-9.69676],[-44.0552,-9.69916],[-44.06762,-9.69775],[-44.07069,-9.71059],[-44.07927,-9.71153],[-44.09099,-9.70446],[-44.0977,-9.70954],[-44.09936,-9.72709],[-44.09218,-9.73202],[-44.08792,-9.74036],[-44.10159,-9.75146],[-44.10738,-9.74864],[-44.10857,-9.73917],[-44.1131,-9.73529],[-44.11691,-9.73655],[-44.11945,-9.74802],[-44.12391,-9.75056],[-44.13276,-9.74251],[-44.15003,-9.73794],[-44.15293,-9.74094],[-44.15228,-9.75257],[-44.16195,-9.76035],[-44.1694,-9.76092],[-44.17266,-9.77229],[-44.19337,-9.76656],[-44.20016,-9.76913],[-44.2112,-9.76565],[-44.21881,-9.76796],[-44.22209,-9.77609],[-44.2195,-9.78369],[-44.20984,-9.78787],[-44.20858,-9.79587],[-44.20138,-9.80049],[-44.20114,-9.80684],[-44.19454,-9.8185],[-44.18664,-9.81737],[-44.18038,-9.81121],[-44.15752,-9.81555],[-44.15495,-9.79597],[-44.14403,-9.79545],[-44.13805,-9.78945],[-44.13021,-9.79732],[-44.11978,-9.80023],[-44.11056,-9.81827],[-44.09935,-9.82316],[-44.08497,-9.81459],[-44.08445,-9.80536],[-44.09024,-9.80136],[-44.09475,-9.78939],[-44.09264,-9.78404],[-44.08358,-9.78614],[-44.07391,-9.79698],[-44.06529,-9.79983],[-44.05466,-9.78596],[-44.04601,-9.78688],[-44.03498,-9.77948],[-44.02116,-9.7863],[-44.00077,-9.78025],[-43.99704,-9.77568],[-44.00006,-9.7658],[-44.01067,-9.75617],[-44.00608,-9.7497],[-44.00885,-9.74346],[-44.00674,-9.73424],[-43.98817,-9.72697],[-43.97916,-9.72757],[-43.97055,-9.73403],[-43.95904,-9.73325],[-43.9541,-9.72844],[-43.94817,-9.72797],[-43.94287,-9.71977],[-43.94717,-9.71374],[-43.94579,-9.70717],[-43.93661,-9.70792],[-43.92324,-9.69418],[-43.90814,-9.69026],[-43.90167,-9.67702],[-43.89493,-9.67317],[-43.88542,-9.67311],[-43.88062,-9.6687],[-43.87927,-9.6591],[-43.87404,-9.65253],[-43.86458,-9.64727],[-43.85813,-9.65204],[-43.85344,-9.65032],[-43.85241,-9.63445],[-43.84557,-9.62803],[-43.84161,-9.61585],[-43.83505,-9.61684]]]]}},{"type":"Feature","properties":{"abbrev_state":"PE","name_state":"Pernambuco"},"geometry":{"type":"MultiPolygon","coordinates":[[[[-37.95909,-7.76871],[-37.95257,-7.75663],[-37.94755,-7.75622],[-37.9431,-7.74104],[-37.92235,-7.72364],[-37.92393,-7.71511],[-37.91307,-7.70947],[-37.89433,-7.71363],[-37.8923,-7.71094],[-37.89923,-7.70604],[-37.90275,-7.69474],[-37.8806,-7.68365],[-37.85716,-7.65197],[-37.83764,-7.64445],[-37.82869,-7.6477],[-37.81004,-7.64389],[-37.80347,-7.63502],[-37.80153,-7.62631],[-37.78583,-7.6258],[-37.78084,-7.62927],[-37.77802,-7.64327],[-37.77114,-7.64726],[-37.76097,-7.66681],[-37.75065,-7.66289],[-37.74418,-7.6545],[-37.74037,-7.63609],[-37.74638,-7.62831],[-37.75332,-7.6258],[-37.75585,-7.61952],[-37.74571,-7.60933],[-37.74145,-7.59753],[-37.73495,-7.59721],[-37.72873,-7.57973],[-37.72103,-7.58189],[-37.70757,-7.57172],[-37.71009,-7.55953],[-37.70651,-7.55058],[-37.68215,-7.54838],[-37.67663,-7.53561],[-37.65953,-7.52314],[-37.65582,-7.52342],[-37.64943,-7.53071],[-37.64134,-7.52933],[-37.63038,-7.53251],[-37.62688,-7.52813],[-37.61591,-7.52494],[-37.61137,-7.51857],[-37.60977,-7.50803],[-37.58673,-7.49911],[-37.55693,-7.47975],[-37.54259,-7.47829],[-37.53307,-7.47295],[-37.52796,-7.46531],[-37.5274,-7.44838],[-37.51418,-7.43303],[-37.51564,-7.42756],[-37.51067,-7.42053],[-37.50569,-7.41916],[-37.49467,-7.39902],[-37.48696,-7.39505],[-37.49809,-7.37113],[-37.49604,-7.36482],[-37.46592,-7.35804],[-37.43888,-7.35992],[-37.4337,-7.3587],[-37.42876,-7.35257],[-37.41547,-7.36172],[-37.40814,-7.3581],[-37.38571,-7.35669],[-37.34951,-7.33703],[-37.35701,-7.32099],[-37.33059,-7.28828],[-37.32048,-7.29049],[-37.28833,-7.28829],[-37.27527,-7.27429],[-37.24191,-7.27295],[-37.23418,-7.27389],[-37.21418,-7.2913],[-37.19667,-7.29467],[-37.17692,-7.30955],[-37.16853,-7.31995],[-37.16534,-7.3366],[-37.15707,-7.33821],[-37.14494,-7.33505],[-37.13531,-7.34666],[-37.12798,-7.344],[-37.12156,-7.35091],[-37.08562,-7.35826],[-37.07295,-7.36828],[-37.06741,-7.38338],[-37.04999,-7.37759],[-37.02562,-7.38604],[-37.01297,-7.40429],[-37.02369,-7.41581],[-37.02598,-7.42246],[-37.01756,-7.42457],[-37.01451,-7.43037],[-37.02362,-7.43387],[-37.02123,-7.4402],[-37.01318,-7.44498],[-37.01073,-7.45364],[-36.99731,-7.45939],[-36.99406,-7.46471],[-36.99545,-7.47259],[-36.98542,-7.4756],[-36.98423,-7.48226],[-37.00325,-7.49639],[-37.01056,-7.48956],[-37.02167,-7.49669],[-37.05382,-7.50457],[-37.06831,-7.51711],[-37.08506,-7.5173],[-37.09456,-7.52218],[-37.1061,-7.53113],[-37.12152,-7.53612],[-37.1371,-7.5552],[-37.16357,-7.57471],[-37.17898,-7.59709],[-37.1841,-7.61582],[-37.19275,-7.62382],[-37.19795,-7.6353],[-37.19513,-7.65206],[-37.18012,-7.66711],[-37.17406,-7.68429],[-37.15454,-7.7064],[-37.15019,-7.71687],[-37.14872,-7.73373],[-37.14,-7.74193],[-37.13894,-7.74552],[-37.14357,-7.75428],[-37.15703,-7.773],[-37.15678,-7.77687],[-37.15195,-7.77984],[-37.1572,-7.79059],[-37.16376,-7.79584],[-37.17137,-7.79517],[-37.17067,-7.80023],[-37.18304,-7.79072],[-37.19154,-7.79117],[-37.19796,-7.79892],[-37.21742,-7.80669],[-37.223,-7.80406],[-37.23056,-7.80674],[-37.23018,-7.81311],[-37.24366,-7.819],[-37.24046,-7.82309],[-37.22811,-7.82115],[-37.22209,-7.84225],[-37.24715,-7.8468],[-37.25037,-7.85366],[-37.24493,-7.86159],[-37.24687,-7.86818],[-37.24465,-7.8749],[-37.25233,-7.87783],[-37.25434,-7.88243],[-37.26179,-7.88395],[-37.28739,-7.90388],[-37.30365,-7.90418],[-37.30801,-7.90794],[-37.32217,-7.9105],[-37.32181,-7.91335],[-37.31326,-7.91139],[-37.30798,-7.91499],[-37.3114,-7.92165],[-37.30805,-7.92706],[-37.30898,-7.93418],[-37.3147,-7.93593],[-37.31762,-7.94277],[-37.3499,-7.94664],[-37.34792,-7.95541],[-37.35201,-7.96852],[-37.35737,-7.97496],[-37.34128,-7.97453],[-37.33978,-7.9798],[-37.31699,-7.96807],[-37.30334,-7.97021],[-37.29558,-7.96492],[-37.2774,-7.97198],[-37.26354,-7.96818],[-37.24698,-7.96936],[-37.23734,-7.97331],[-37.23076,-7.9694],[-37.22878,-7.97259],[-37.21959,-7.97279],[-37.22089,-7.95986],[-37.20792,-7.95187],[-37.19268,-7.9606],[-37.19339,-7.98287],[-37.18828,-7.98296],[-37.18415,-7.99129],[-37.17768,-7.99109],[-37.17531,-7.99686],[-37.16042,-7.99715],[-37.15034,-8.01526],[-37.1484,-8.03512],[-37.15809,-8.05122],[-37.15685,-8.06453],[-37.14664,-8.07858],[-37.14371,-8.08797],[-37.14782,-8.10009],[-37.14256,-8.11794],[-37.14417,-8.125],[-37.15323,-8.12747],[-37.15861,-8.13887],[-37.151,-8.15004],[-37.16342,-8.15869],[-37.16362,-8.16576],[-37.16023,-8.1704],[-37.14119,-8.17723],[-37.12645,-8.17368],[-37.11826,-8.17535],[-37.11895,-8.18399],[-37.1261,-8.1915],[-37.12291,-8.20907],[-37.11281,-8.22311],[-37.10043,-8.23371],[-37.08989,-8.23117],[-37.0809,-8.22189],[-37.06742,-8.2301],[-37.06653,-8.233],[-37.08062,-8.24108],[-37.0812,-8.26637],[-37.04333,-8.26456],[-37.02304,-8.28859],[-36.99116,-8.30296],[-36.97802,-8.29742],[-36.95463,-8.29927],[-36.94731,-8.29106],[-36.94773,-8.27912],[-36.94495,-8.27525],[-36.923,-8.26983],[-36.89595,-8.24082],[-36.87923,-8.23564],[-36.8617,-8.22243],[-36.81251,-8.20529],[-36.80578,-8.19544],[-36.7974,-8.19051],[-36.77537,-8.19072],[-36.76157,-8.19629],[-36.75351,-8.19148],[-36.75014,-8.1757],[-36.74089,-8.17237],[-36.72397,-8.17247],[-36.7224,-8.16833],[-36.71578,-8.16732],[-36.72578,-8.15645],[-36.72281,-8.15096],[-36.70369,-8.15805],[-36.69698,-8.1547],[-36.68704,-8.15568],[-36.69386,-8.14077],[-36.66785,-8.12427],[-36.64032,-8.11991],[-36.62861,-8.11105],[-36.62785,-8.10286],[-36.63377,-8.09606],[-36.64033,-8.09211],[-36.64724,-8.09249],[-36.64863,-8.08273],[-36.65868,-8.07981],[-36.65379,-8.07038],[-36.62785,-8.05575],[-36.62785,-7.98641],[-36.62317,-7.98208],[-36.62265,-7.96951],[-36.61346,-7.95652],[-36.61188,-7.9479],[-36.58686,-7.95866],[-36.57348,-7.95743],[-36.57419,-7.95167],[-36.57999,-7.94668],[-36.57259,-7.93597],[-36.5782,-7.91525],[-36.57171,-7.9045],[-36.55202,-7.89871],[-36.53363,-7.90218],[-36.49939,-7.92031],[-36.48812,-7.91538],[-36.48014,-7.92476],[-36.4641,-7.91535],[-36.4463,-7.91638],[-36.44411,-7.91528],[-36.44576,-7.90817],[-36.43692,-7.90027],[-36.4297,-7.88656],[-36.43272,-7.87999],[-36.44038,-7.87825],[-36.42906,-7.86704],[-36.42996,-7.82711],[-36.42405,-7.81578],[-36.40742,-7.81408],[-36.39454,-7.80761],[-36.37345,-7.81262],[-36.36072,-7.80572],[-36.33688,-7.80942],[-36.30913,-7.80669],[-36.29436,-7.8119],[-36.27111,-7.83057],[-36.26133,-7.83208],[-36.2475,-7.8261],[-36.24001,-7.81768],[-36.24231,-7.80733],[-36.25434,-7.80169],[-36.252,-7.79214],[-36.21663,-7.7641],[-36.20648,-7.77038],[-36.20096,-7.7899],[-36.18353,-7.7839],[-36.14337,-7.78156],[-36.11728,-7.78579],[-36.10067,-7.77868],[-36.08093,-7.77906],[-36.06899,-7.78097],[-36.05387,-7.80136],[-36.04199,-7.79369],[-36.03364,-7.7966],[-36.02159,-7.81024],[-35.99822,-7.81376],[-35.99275,-7.80047],[-35.98137,-7.80319],[-35.96996,-7.78946],[-35.95903,-7.78726],[-35.94237,-7.7902],[-35.93288,-7.78443],[-35.90441,-7.79224],[-35.88383,-7.77478],[-35.88183,-7.75445],[-35.87212,-7.74954],[-35.86229,-7.75103],[-35.84175,-7.74698],[-35.8285,-7.75165],[-35.81279,-7.74571],[-35.8061,-7.74668],[-35.79478,-7.73989],[-35.78058,-7.73835],[-35.76485,-7.7249],[-35.74725,-7.7232],[-35.74311,-7.71377],[-35.73655,-7.7096],[-35.71362,-7.70737],[-35.70819,-7.69735],[-35.70008,-7.69186],[-35.68411,-7.7078],[-35.66747,-7.69743],[-35.65743,-7.69767],[-35.68111,-7.70944],[-35.69081,-7.71728],[-35.69445,-7.72541],[-35.69183,-7.7306],[-35.67289,-7.73003],[-35.6789,-7.7483],[-35.67157,-7.75145],[-35.65496,-7.75069],[-35.63434,-7.75688],[-35.62637,-7.77065],[-35.63025,-7.7815],[-35.62752,-7.78538],[-35.61151,-7.78098],[-35.60651,-7.78931],[-35.59038,-7.7943],[-35.54853,-7.78369],[-35.54177,-7.7908],[-35.54913,-7.8],[-35.55477,-7.81714],[-35.54516,-7.82695],[-35.52618,-7.81939],[-35.52036,-7.80791],[-35.5152,-7.80743],[-35.513,-7.81436],[-35.50574,-7.81795],[-35.50744,-7.82837],[-35.50253,-7.83396],[-35.5032,-7.84049],[-35.51362,-7.85643],[-35.52571,-7.86159],[-35.54009,-7.88295],[-35.54027,-7.89108],[-35.53433,-7.89349],[-35.52115,-7.88096],[-35.48772,-7.8769],[-35.47079,-7.89099],[-35.50732,-7.92476],[-35.50337,-7.95379],[-35.49891,-7.95509],[-35.47557,-7.94106],[-35.46831,-7.94527],[-35.46283,-7.96419],[-35.45469,-7.96215],[-35.44929,-7.94923],[-35.44171,-7.95265],[-35.4397,-7.95744],[-35.4665,-8.00161],[-35.49014,-8.01943],[-35.50092,-8.06682],[-35.49571,-8.07133],[-35.47944,-8.06685],[-35.48178,-8.08546],[-35.49505,-8.09597],[-35.4912,-8.11364],[-35.50774,-8.13465],[-35.50134,-8.14973],[-35.50933,-8.1627],[-35.50793,-8.17129],[-35.51647,-8.17445],[-35.53541,-8.18977],[-35.53399,-8.1934],[-35.52595,-8.19618],[-35.51691,-8.19177],[-35.50664,-8.19375],[-35.50015,-8.20371],[-35.50388,-8.21448],[-35.52408,-8.2244],[-35.54185,-8.22625],[-35.55175,-8.24141],[-35.57572,-8.23957],[-35.58708,-8.24246],[-35.59828,-8.23905],[-35.60642,-8.25131],[-35.61993,-8.25586],[-35.62765,-8.26597],[-35.65154,-8.28357],[-35.66304,-8.28023],[-35.66277,-8.26533],[-35.6491,-8.25558],[-35.64514,-8.2439],[-35.63163,-8.23655],[-35.63085,-8.23191],[-35.63471,-8.22682],[-35.67709,-8.22229],[-35.68838,-8.22593],[-35.6895,-8.23518],[-35.69791,-8.24379],[-35.70971,-8.2393],[-35.72015,-8.24315],[-35.73171,-8.24125],[-35.73803,-8.24657],[-35.73941,-8.25356],[-35.74692,-8.25678],[-35.74648,-8.27051],[-35.75383,-8.2723],[-35.75679,-8.27746],[-35.76206,-8.27922],[-35.77689,-8.27238],[-35.78705,-8.27787],[-35.79289,-8.27742],[-35.81403,-8.29921],[-35.81449,-8.32223],[-35.78779,-8.32025],[-35.7809,-8.31481],[-35.772,-8.32094],[-35.78629,-8.3349],[-35.78834,-8.34417],[-35.8068,-8.36286],[-35.81282,-8.37719],[-35.82346,-8.38472],[-35.8397,-8.38744],[-35.84381,-8.38411],[-35.8327,-8.37433],[-35.82659,-8.36414],[-35.82796,-8.36072],[-35.84156,-8.35389],[-35.84388,-8.34864],[-35.82923,-8.3325],[-35.82637,-8.31986],[-35.82891,-8.31646],[-35.84179,-8.31888],[-35.85196,-8.32963],[-35.88097,-8.33875],[-35.8887,-8.36098],[-35.89644,-8.36611],[-35.90804,-8.36458],[-35.91225,-8.3595],[-35.9086,-8.34737],[-35.8936,-8.3375],[-35.88457,-8.3199],[-35.86878,-8.30509],[-35.86826,-8.30074],[-35.87156,-8.29882],[-35.8884,-8.30147],[-35.90499,-8.31239],[-35.91543,-8.30993],[-35.92228,-8.32095],[-35.93582,-8.32741],[-35.93866,-8.34158],[-35.94302,-8.34485],[-35.95622,-8.34598],[-35.96413,-8.34031],[-35.97636,-8.34355],[-35.98675,-8.34003],[-35.99568,-8.34276],[-36.00434,-8.33981],[-36.01566,-8.3563],[-36.03597,-8.35969],[-36.04814,-8.35306],[-36.05468,-8.35413],[-36.06789,-8.36251],[-36.0925,-8.39387],[-36.09193,-8.41703],[-36.08706,-8.42118],[-36.07325,-8.41942],[-36.06591,-8.41169],[-36.04914,-8.40267],[-36.02925,-8.40626],[-36.01036,-8.40107],[-35.99643,-8.40396],[-35.98474,-8.4013],[-35.97035,-8.38465],[-35.95481,-8.37566],[-35.94006,-8.37734],[-35.92639,-8.37358],[-35.89587,-8.37819],[-35.89564,-8.38698],[-35.90799,-8.40551],[-35.89483,-8.41115],[-35.86806,-8.40237],[-35.82824,-8.40518],[-35.82121,-8.40205],[-35.81324,-8.39194],[-35.79388,-8.38992],[-35.78812,-8.39867],[-35.77698,-8.40457],[-35.78185,-8.41958],[-35.79288,-8.42738],[-35.80004,-8.43869],[-35.82457,-8.44791],[-35.83591,-8.46565],[-35.84562,-8.47049],[-35.84663,-8.47612],[-35.82835,-8.48906],[-35.8196,-8.48357],[-35.80772,-8.49151],[-35.79919,-8.48789],[-35.79129,-8.47914],[-35.77056,-8.4749],[-35.75294,-8.45726],[-35.74045,-8.4546],[-35.73442,-8.444],[-35.72367,-8.44279],[-35.71662,-8.44589],[-35.71571,-8.44958],[-35.72684,-8.46785],[-35.72364,-8.47741],[-35.73837,-8.49207],[-35.75871,-8.52949],[-35.76845,-8.5442],[-35.78153,-8.55619],[-35.78489,-8.56432],[-35.7795,-8.57279],[-35.75911,-8.57894],[-35.74808,-8.58064],[-35.73849,-8.57701],[-35.72548,-8.58168],[-35.71766,-8.58108],[-35.71383,-8.58642],[-35.71578,-8.59223],[-35.72677,-8.59642],[-35.75514,-8.59477],[-35.7709,-8.60191],[-35.78125,-8.59942],[-35.78858,-8.58562],[-35.79239,-8.5838],[-35.79659,-8.58675],[-35.80143,-8.60723],[-35.80784,-8.61074],[-35.82664,-8.60254],[-35.84812,-8.58329],[-35.8582,-8.58994],[-35.88182,-8.59507],[-35.8899,-8.6014],[-35.89918,-8.60127],[-35.90126,-8.60928],[-35.88865,-8.62529],[-35.88997,-8.64699],[-35.88364,-8.65817],[-35.88257,-8.66998],[-35.88642,-8.68607],[-35.89251,-8.69032],[-35.89807,-8.68761],[-35.90046,-8.67068],[-35.90704,-8.66828],[-35.91504,-8.6767],[-35.9157,-8.6935],[-35.92017,-8.69552],[-35.92467,-8.69212],[-35.93001,-8.68278],[-35.9234,-8.64095],[-35.9295,-8.6371],[-35.9362,-8.64372],[-35.93908,-8.66509],[-35.94672,-8.69092],[-35.95159,-8.69759],[-35.9814,-8.69817],[-35.99955,-8.6862],[-36.01167,-8.69358],[-36.01787,-8.70528],[-36.02434,-8.70643],[-36.03453,-8.68968],[-36.03142,-8.67477],[-36.03532,-8.66879],[-36.04563,-8.67981],[-36.0533,-8.69463],[-36.07394,-8.7037],[-36.08101,-8.71207],[-36.08562,-8.71222],[-36.09965,-8.70322],[-36.11006,-8.70335],[-36.12044,-8.70766],[-36.13509,-8.7226],[-36.13817,-8.7433],[-36.14297,-8.7516],[-36.15068,-8.75681],[-36.16329,-8.75259],[-36.17227,-8.75402],[-36.18435,-8.76442],[-36.18232,-8.77919],[-36.19006,-8.78639],[-36.19557,-8.78684],[-36.20595,-8.78159],[-36.21005,-8.78295],[-36.22546,-8.80225],[-36.22714,-8.82102],[-36.24603,-8.83625],[-36.24721,-8.84252],[-36.2441,-8.84674],[-36.2269,-8.8505],[-36.22153,-8.85451],[-36.22147,-8.87518],[-36.21446,-8.88778],[-36.21826,-8.89647],[-36.24035,-8.90074],[-36.2521,-8.90622],[-36.27258,-8.90224],[-36.2832,-8.91352],[-36.2939,-8.91635],[-36.30141,-8.91195],[-36.30521,-8.90248],[-36.29988,-8.87718],[-36.31374,-8.87119],[-36.32195,-8.86388],[-36.35128,-8.87645],[-36.38227,-8.88456],[-36.38665,-8.89527],[-36.40139,-8.8985],[-36.40963,-8.91295],[-36.4054,-8.92838],[-36.39935,-8.93396],[-36.40067,-8.94985],[-36.39576,-8.96044],[-36.39993,-8.96191],[-36.41213,-8.95294],[-36.425,-8.94901],[-36.44042,-8.99134],[-36.45348,-9.00324],[-36.49634,-9.00405],[-36.51379,-9.01001],[-36.53134,-9.00618],[-36.54168,-9.01749],[-36.5643,-9.01136],[-36.57502,-9.01884],[-36.5826,-9.02033],[-36.59241,-9.0318],[-36.60122,-9.03554],[-36.61119,-9.03347],[-36.63422,-9.0213],[-36.63953,-9.01225],[-36.65183,-9.00233],[-36.65972,-8.99694],[-36.66671,-8.99725],[-36.67667,-9.01115],[-36.69241,-9.02335],[-36.69053,-9.04596],[-36.6789,-9.07218],[-36.67516,-9.09842],[-36.66831,-9.10641],[-36.64888,-9.11802],[-36.64434,-9.1294],[-36.68273,-9.1881],[-36.67795,-9.20701],[-36.68021,-9.2167],[-36.68689,-9.22173],[-36.70435,-9.22246],[-36.71088,-9.22844],[-36.71775,-9.21392],[-36.73247,-9.19977],[-36.73971,-9.19944],[-36.74745,-9.20684],[-36.7549,-9.20767],[-36.75549,-9.17206],[-36.75928,-9.1655],[-36.76355,-9.16558],[-36.76605,-9.20243],[-36.77503,-9.22436],[-36.77115,-9.24119],[-36.77905,-9.24866],[-36.78069,-9.25792],[-36.79816,-9.25598],[-36.80461,-9.25964],[-36.80806,-9.26686],[-36.8034,-9.27381],[-36.788,-9.26525],[-36.78142,-9.27289],[-36.77094,-9.27358],[-36.83604,-9.28863],[-36.83971,-9.28821],[-36.84837,-9.2767],[-36.87126,-9.26808],[-36.87978,-9.27637],[-36.87477,-9.27696],[-36.88979,-9.28364],[-36.89795,-9.2812],[-36.91369,-9.29606],[-36.92141,-9.30956],[-36.92232,-9.31817],[-36.92732,-9.32541],[-36.92094,-9.33249],[-36.92227,-9.33976],[-36.93788,-9.35282],[-36.93677,-9.36121],[-36.93044,-9.37004],[-36.94401,-9.38234],[-36.95546,-9.38125],[-36.97908,-9.35953],[-37.00336,-9.35261],[-37.02429,-9.31572],[-37.04553,-9.31588],[-37.05445,-9.30713],[-37.05758,-9.31754],[-37.06193,-9.29737],[-37.0572,-9.28179],[-37.0673,-9.26724],[-37.09067,-9.24636],[-37.10817,-9.23872],[-37.11648,-9.24093],[-37.12992,-9.26006],[-37.14239,-9.26808],[-37.16434,-9.27571],[-37.16939,-9.27243],[-37.16972,-9.25796],[-37.15895,-9.2391],[-37.19832,-9.21548],[-37.21217,-9.22112],[-37.23434,-9.24018],[-37.23389,-9.23215],[-37.22878,-9.22554],[-37.23236,-9.22232],[-37.23356,-9.20659],[-37.23917,-9.20332],[-37.24679,-9.19038],[-37.24323,-9.18604],[-37.24708,-9.17902],[-37.26201,-9.16371],[-37.26256,-9.15888],[-37.28229,-9.14884],[-37.29657,-9.12092],[-37.31106,-9.10754],[-37.3107,-9.10042],[-37.3148,-9.09497],[-37.33089,-9.09071],[-37.33444,-9.08186],[-37.35864,-9.05389],[-37.39141,-9.02698],[-37.39557,-9.0281],[-37.39614,-9.02011],[-37.40212,-9.01852],[-37.41099,-9.00928],[-37.4602,-9.00114],[-37.48398,-8.98898],[-37.49321,-8.99336],[-37.49651,-8.97152],[-37.49986,-8.96813],[-37.51503,-8.96548],[-37.51911,-8.96833],[-37.53107,-8.95996],[-37.54597,-8.96094],[-37.55978,-8.97194],[-37.59705,-8.96907],[-37.61017,-8.98786],[-37.63767,-9.00378],[-37.64092,-9.00061],[-37.64046,-8.99448],[-37.65493,-8.99428],[-37.65778,-8.99267],[-37.65809,-8.9858],[-37.68215,-8.99733],[-37.68707,-8.98774],[-37.69793,-8.99109],[-37.69983,-8.98406],[-37.68465,-8.9765],[-37.67192,-8.9745],[-37.68942,-8.95561],[-37.68972,-8.94949],[-37.69884,-8.94472],[-37.69921,-8.93363],[-37.70392,-8.92193],[-37.71939,-8.9081],[-37.72138,-8.89707],[-37.73077,-8.89088],[-37.72903,-8.88575],[-37.73201,-8.87966],[-37.73812,-8.87985],[-37.74167,-8.87608],[-37.74576,-8.8604],[-37.75023,-8.85837],[-37.75536,-8.84636],[-37.761,-8.84808],[-37.7659,-8.85446],[-37.77365,-8.85303],[-37.77914,-8.85917],[-37.78552,-8.85974],[-37.78644,-8.86618],[-37.79185,-8.86853],[-37.7947,-8.87499],[-37.80975,-8.87711],[-37.82463,-8.88596],[-37.82036,-8.9087],[-37.83364,-8.92641],[-37.82533,-8.93243],[-37.8391,-8.97838],[-37.84601,-8.98477],[-37.85309,-9.00014],[-37.86715,-9.01163],[-37.87449,-9.01152],[-37.8796,-9.01541],[-37.87523,-9.02462],[-37.88098,-9.04035],[-37.88977,-9.03479],[-37.90574,-9.04099],[-37.90788,-9.05222],[-37.93768,-9.08012],[-37.94268,-9.09222],[-37.9516,-9.09731],[-37.95757,-9.11563],[-37.9712,-9.12434],[-37.97856,-9.14766],[-37.99099,-9.15538],[-37.99948,-9.15224],[-38.01101,-9.15603],[-38.02579,-9.15551],[-38.03029,-9.16495],[-38.04454,-9.16882],[-38.05698,-9.16763],[-38.0639,-9.17378],[-38.07926,-9.17053],[-38.09229,-9.17272],[-38.10258,-9.18021],[-38.11925,-9.2018],[-38.14391,-9.2182],[-38.15631,-9.24236],[-38.15738,-9.26262],[-38.17356,-9.28514],[-38.17955,-9.29125],[-38.20308,-9.2969],[-38.23759,-9.32979],[-38.25055,-9.29048],[-38.28751,-9.21713],[-38.28008,-9.20722],[-38.2876,-9.17388],[-38.31632,-9.14452],[-38.3213,-9.1299],[-38.32074,-9.11549],[-38.30442,-9.09821],[-38.30752,-9.09453],[-38.32026,-9.09129],[-38.32587,-9.07799],[-38.32104,-9.07003],[-38.30374,-9.06164],[-38.28996,-9.04716],[-38.28968,-9.03633],[-38.2964,-9.02285],[-38.31694,-9.00129],[-38.31918,-8.99206],[-38.32354,-8.99001],[-38.34024,-8.99041],[-38.35616,-8.99714],[-38.3859,-9.02483],[-38.40846,-9.0385],[-38.4184,-9.03805],[-38.4491,-9.02636],[-38.48404,-9.00102],[-38.48821,-8.99396],[-38.50351,-8.98141],[-38.5172,-8.9556],[-38.51991,-8.94353],[-38.51335,-8.92787],[-38.50205,-8.91662],[-38.48441,-8.90705],[-38.47329,-8.88955],[-38.4698,-8.86424],[-38.48081,-8.84933],[-38.51241,-8.83059],[-38.54114,-8.82349],[-38.55507,-8.82336],[-38.57043,-8.83037],[-38.60382,-8.88059],[-38.60759,-8.89326],[-38.61028,-8.95733],[-38.6241,-8.98005],[-38.63068,-8.98517],[-38.64071,-8.98727],[-38.65373,-8.9839],[-38.67252,-8.97398],[-38.68923,-8.9474],[-38.6938,-8.93189],[-38.69607,-8.89053],[-38.70654,-8.86226],[-38.7171,-8.85315],[-38.73968,-8.84485],[-38.79699,-8.79346],[-38.8163,-8.78618],[-38.8681,-8.78387],[-38.88477,-8.7896],[-38.92494,-8.79475],[-38.94369,-8.80424],[-38.95193,-8.80467],[-38.96513,-8.79428],[-38.97743,-8.79309],[-38.99191,-8.76755],[-39.01466,-8.75387],[-39.03758,-8.73469],[-39.06469,-8.7316],[-39.10218,-8.72005],[-39.14395,-8.71252],[-39.15669,-8.70681],[-39.16871,-8.6915],[-39.17405,-8.70134],[-39.181,-8.7063],[-39.20078,-8.71099],[-39.21763,-8.70846],[-39.22224,-8.71167],[-39.22852,-8.71032],[-39.23427,-8.70534],[-39.24549,-8.68411],[-39.24802,-8.66877],[-39.2455,-8.66236],[-39.24666,-8.64759],[-39.24164,-8.64175],[-39.24188,-8.63631],[-39.24788,-8.625],[-39.26341,-8.61522],[-39.26774,-8.60885],[-39.2727,-8.59649],[-39.27516,-8.57683],[-39.28411,-8.56587],[-39.29322,-8.56063],[-39.31246,-8.55831],[-39.34231,-8.55968],[-39.36446,-8.53785],[-39.37979,-8.53282],[-39.41604,-8.54213],[-39.42784,-8.55866],[-39.43549,-8.5633],[-39.45211,-8.5632],[-39.45755,-8.56934],[-39.46125,-8.58204],[-39.47611,-8.59279],[-39.51861,-8.60391],[-39.52621,-8.61253],[-39.55503,-8.62213],[-39.55752,-8.62883],[-39.56452,-8.63029],[-39.56857,-8.63665],[-39.5809,-8.64047],[-39.60665,-8.65598],[-39.62929,-8.65599],[-39.65236,-8.66035],[-39.66087,-8.65735],[-39.69113,-8.66231],[-39.69304,-8.68051],[-39.67502,-8.73667],[-39.67382,-8.74546],[-39.67812,-8.75696],[-39.67171,-8.77758],[-39.67463,-8.78716],[-39.6932,-8.79868],[-39.72177,-8.79902],[-39.74779,-8.79404],[-39.7888,-8.81911],[-39.7984,-8.8196],[-39.82273,-8.81352],[-39.8629,-8.8195],[-39.89296,-8.82879],[-39.90054,-8.84202],[-39.90294,-8.85874],[-39.87942,-8.90191],[-39.87346,-8.93404],[-39.88882,-8.96584],[-39.89935,-8.97246],[-39.91701,-9.00121],[-39.92724,-9.00913],[-39.95803,-9.04859],[-39.99603,-9.06096],[-40.03572,-9.06239],[-40.04247,-9.05982],[-40.06556,-9.06307],[-40.0774,-9.07823],[-40.12989,-9.1103],[-40.14433,-9.10655],[-40.165,-9.10649],[-40.17414,-9.09056],[-40.18409,-9.0853],[-40.20112,-9.06847],[-40.2236,-9.05667],[-40.23898,-9.05437],[-40.25579,-9.06322],[-40.27319,-9.08242],[-40.28671,-9.11735],[-40.29401,-9.15207],[-40.28732,-9.17108],[-40.28617,-9.18561],[-40.30051,-9.23121],[-40.30779,-9.27132],[-40.31903,-9.28727],[-40.33612,-9.32717],[-40.33734,-9.33507],[-40.33375,-9.35054],[-40.33887,-9.35989],[-40.3564,-9.37699],[-40.37142,-9.37872],[-40.39128,-9.37217],[-40.41165,-9.35417],[-40.42366,-9.35347],[-40.4359,-9.36216],[-40.45382,-9.40352],[-40.46776,-9.42057],[-40.47417,-9.42079],[-40.4972,-9.40857],[-40.51073,-9.40718],[-40.52911,-9.4139],[-40.54082,-9.42404],[-40.54686,-9.44631],[-40.55576,-9.45794],[-40.57486,-9.46741],[-40.59512,-9.46737],[-40.61651,-9.48098],[-40.6281,-9.48269],[-40.68132,-9.46722],[-40.72218,-9.44595],[-40.74984,-9.44385],[-40.77675,-9.45445],[-40.76729,-9.4457],[-40.7596,-9.42908],[-40.76498,-9.41322],[-40.74743,-9.40587],[-40.74267,-9.40071],[-40.74254,-9.38332],[-40.74648,-9.37105],[-40.7381,-9.35524],[-40.7414,-9.34678],[-40.73729,-9.33687],[-40.74231,-9.32721],[-40.75642,-9.31503],[-40.75159,-9.30803],[-40.74398,-9.30623],[-40.73944,-9.29659],[-40.72009,-9.3059],[-40.70731,-9.29455],[-40.70759,-9.28535],[-40.69225,-9.28123],[-40.68599,-9.27637],[-40.68009,-9.25921],[-40.68924,-9.25699],[-40.68646,-9.24355],[-40.69101,-9.23406],[-40.6945,-9.23346],[-40.6807,-9.2122],[-40.68198,-9.20474],[-40.67706,-9.19331],[-40.67064,-9.18871],[-40.67209,-9.17239],[-40.6674,-9.15906],[-40.67773,-9.15125],[-40.68509,-9.13761],[-40.70016,-9.14223],[-40.70989,-9.14088],[-40.73254,-9.12401],[-40.75039,-9.11789],[-40.75706,-9.11984],[-40.75678,-9.10498],[-40.76317,-9.10694],[-40.77726,-9.10067],[-40.7861,-9.10519],[-40.78946,-9.09895],[-40.8041,-9.09834],[-40.80982,-9.09228],[-40.81196,-9.0844],[-40.82007,-9.08126],[-40.81915,-9.06909],[-40.82359,-9.06211],[-40.82523,-9.03819],[-40.83221,-9.03116],[-40.83024,-9.0267],[-40.83422,-9.02099],[-40.83501,-9.00869],[-40.84684,-8.99554],[-40.85196,-8.98258],[-40.8516,-8.9525],[-40.86132,-8.94802],[-40.86628,-8.92339],[-40.88123,-8.91563],[-40.88344,-8.90486],[-40.89504,-8.88909],[-40.89685,-8.87005],[-40.90151,-8.8665],[-40.90304,-8.85862],[-40.91498,-8.84952],[-40.91924,-8.83718],[-40.92728,-8.83589],[-40.94638,-8.845],[-40.95486,-8.84388],[-40.95937,-8.84137],[-40.96091,-8.83076],[-40.97909,-8.82342],[-40.98976,-8.82944],[-41.00035,-8.8288],[-41.02124,-8.84356],[-41.03132,-8.83496],[-41.02496,-8.80773],[-41.03623,-8.78588],[-41.04232,-8.78402],[-41.0548,-8.78692],[-41.06668,-8.78105],[-41.07854,-8.78877],[-41.08207,-8.78434],[-41.10176,-8.78196],[-41.10596,-8.77055],[-41.11116,-8.77009],[-41.11582,-8.76487],[-41.11334,-8.75853],[-41.12457,-8.75267],[-41.12899,-8.74339],[-41.12684,-8.72893],[-41.12171,-8.72432],[-41.1232,-8.71871],[-41.11192,-8.70872],[-41.11276,-8.70397],[-41.1329,-8.70432],[-41.1629,-8.70999],[-41.17243,-8.70721],[-41.1764,-8.71119],[-41.18244,-8.70782],[-41.18599,-8.71065],[-41.19756,-8.70652],[-41.20493,-8.70949],[-41.22698,-8.7047],[-41.23984,-8.71086],[-41.23857,-8.71973],[-41.26062,-8.72072],[-41.26998,-8.73101],[-41.28154,-8.7361],[-41.29498,-8.73555],[-41.30993,-8.72613],[-41.33435,-8.72766],[-41.35834,-8.70762],[-41.33692,-8.70836],[-41.31426,-8.6961],[-41.30018,-8.68214],[-41.29546,-8.67018],[-41.28743,-8.66084],[-41.25132,-8.66161],[-41.23949,-8.65583],[-41.23379,-8.64761],[-41.21354,-8.64416],[-41.20654,-8.6333],[-41.20775,-8.61027],[-41.21229,-8.60182],[-41.20288,-8.59928],[-41.19857,-8.59248],[-41.17991,-8.59327],[-41.17863,-8.58838],[-41.16875,-8.58309],[-41.15701,-8.56044],[-41.15641,-8.55252],[-41.15205,-8.54831],[-41.15249,-8.54148],[-41.14829,-8.5387],[-41.14838,-8.53303],[-41.13463,-8.53354],[-41.12673,-8.54196],[-41.11618,-8.53727],[-41.10407,-8.52237],[-41.09558,-8.51853],[-41.08468,-8.50096],[-41.07893,-8.4725],[-41.0511,-8.48047],[-41.05131,-8.46336],[-41.04372,-8.43666],[-41.03899,-8.43183],[-41.00738,-8.42093],[-41.00068,-8.40073],[-40.97855,-8.39865],[-40.96556,-8.41213],[-40.96551,-8.41646],[-40.95788,-8.4194],[-40.95809,-8.42246],[-40.9502,-8.42915],[-40.94052,-8.43323],[-40.92515,-8.44633],[-40.90154,-8.42163],[-40.90185,-8.40796],[-40.90762,-8.39899],[-40.89452,-8.3925],[-40.88987,-8.38675],[-40.89267,-8.37179],[-40.89775,-8.36792],[-40.89347,-8.35731],[-40.87252,-8.35741],[-40.8625,-8.36499],[-40.85735,-8.37564],[-40.85859,-8.37961],[-40.83657,-8.3808],[-40.81932,-8.36236],[-40.82268,-8.33772],[-40.8184,-8.33014],[-40.81951,-8.32191],[-40.79279,-8.32003],[-40.78643,-8.30644],[-40.77988,-8.30193],[-40.78168,-8.29312],[-40.77824,-8.28614],[-40.78398,-8.26185],[-40.78248,-8.2533],[-40.76932,-8.24946],[-40.76317,-8.24321],[-40.7445,-8.24007],[-40.73687,-8.22823],[-40.7292,-8.22491],[-40.70726,-8.22349],[-40.70059,-8.20261],[-40.69437,-8.20088],[-40.68441,-8.18778],[-40.67526,-8.18486],[-40.66903,-8.17748],[-40.66648,-8.16159],[-40.65851,-8.15656],[-40.64357,-8.15754],[-40.64278,-8.15007],[-40.63395,-8.13945],[-40.62448,-8.14035],[-40.60132,-8.15017],[-40.60114,-8.14405],[-40.5897,-8.13881],[-40.59124,-8.12352],[-40.59934,-8.11562],[-40.60387,-8.10369],[-40.60312,-8.09533],[-40.54422,-7.9646],[-40.54591,-7.93692],[-40.53812,-7.85694],[-40.54429,-7.83284],[-40.55909,-7.81485],[-40.57845,-7.80521],[-40.64517,-7.7868],[-40.66379,-7.77476],[-40.67207,-7.76483],[-40.67566,-7.75268],[-40.67186,-7.73561],[-40.66103,-7.72055],[-40.63376,-7.69686],[-40.62441,-7.67331],[-40.62199,-7.65136],[-40.62656,-7.63168],[-40.63673,-7.60852],[-40.64912,-7.59076],[-40.67732,-7.56294],[-40.69408,-7.53872],[-40.70429,-7.51871],[-40.71554,-7.48444],[-40.71323,-7.473],[-40.7012,-7.45636],[-40.66571,-7.45095],[-40.65232,-7.43334],[-40.54846,-7.39269],[-40.54054,-7.34485],[-40.54151,-7.33227],[-40.52372,-7.31845],[-40.50047,-7.328],[-40.44906,-7.36113],[-40.43359,-7.36718],[-40.39388,-7.36817],[-40.37277,-7.36244],[-40.36098,-7.3556],[-40.35079,-7.33417],[-40.32939,-7.31856],[-40.31856,-7.30334],[-40.28388,-7.29917],[-40.263,-7.30102],[-40.24197,-7.318],[-40.22076,-7.34127],[-40.19568,-7.35815],[-40.12775,-7.38191],[-40.08745,-7.38309],[-40.00071,-7.37448],[-39.92634,-7.341],[-39.91039,-7.33721],[-39.88628,-7.33931],[-39.8577,-7.32543],[-39.84814,-7.32509],[-39.8287,-7.33237],[-39.81537,-7.32869],[-39.78923,-7.332],[-39.76043,-7.32626],[-39.74132,-7.32682],[-39.70619,-7.33776],[-39.65309,-7.37226],[-39.64572,-7.38088],[-39.62891,-7.42563],[-39.60552,-7.42408],[-39.59308,-7.43235],[-39.57653,-7.4279],[-39.57159,-7.42983],[-39.55745,-7.47254],[-39.54843,-7.48313],[-39.53644,-7.48253],[-39.50236,-7.46415],[-39.48973,-7.47242],[-39.46075,-7.47122],[-39.45674,-7.48044],[-39.45731,-7.50618],[-39.48516,-7.53445],[-39.47653,-7.55333],[-39.47168,-7.5758],[-39.44763,-7.57224],[-39.43493,-7.57372],[-39.42327,-7.58681],[-39.41966,-7.60441],[-39.37609,-7.61177],[-39.3681,-7.62387],[-39.34284,-7.63562],[-39.33844,-7.64465],[-39.32144,-7.65423],[-39.31139,-7.65524],[-39.30557,-7.66593],[-39.27032,-7.6599],[-39.26534,-7.66983],[-39.25282,-7.67729],[-39.24974,-7.68354],[-39.24746,-7.69065],[-39.25256,-7.70493],[-39.24417,-7.70534],[-39.23474,-7.6968],[-39.22274,-7.6968],[-39.20834,-7.68948],[-39.20078,-7.69551],[-39.19202,-7.69734],[-39.18113,-7.70948],[-39.171,-7.71524],[-39.14371,-7.71855],[-39.13564,-7.72338],[-39.12385,-7.74325],[-39.10635,-7.76023],[-39.10033,-7.77571],[-39.10182,-7.78725],[-39.09056,-7.8096],[-39.09286,-7.8213],[-39.08796,-7.83262],[-39.08819,-7.83773],[-39.09655,-7.85016],[-39.0913,-7.85818],[-39.06488,-7.8395],[-39.05376,-7.8193],[-39.02639,-7.82464],[-39.02159,-7.81485],[-39.01637,-7.81218],[-39.01047,-7.81641],[-39.00141,-7.84013],[-38.98224,-7.84613],[-38.97464,-7.84297],[-38.9703,-7.84581],[-38.96286,-7.84482],[-38.95936,-7.83826],[-38.96494,-7.82983],[-38.95405,-7.82152],[-38.95286,-7.81055],[-38.93997,-7.79511],[-38.94638,-7.7814],[-38.94102,-7.77141],[-38.93958,-7.75877],[-38.92344,-7.75366],[-38.91611,-7.75854],[-38.91825,-7.74717],[-38.91558,-7.74449],[-38.90035,-7.74488],[-38.89481,-7.75045],[-38.8814,-7.74743],[-38.88091,-7.72496],[-38.86885,-7.71118],[-38.85175,-7.71594],[-38.8461,-7.72042],[-38.82811,-7.71961],[-38.82196,-7.71479],[-38.81502,-7.69739],[-38.8151,-7.68798],[-38.82424,-7.67834],[-38.81969,-7.66483],[-38.81583,-7.66406],[-38.81219,-7.6688],[-38.79249,-7.6681],[-38.79075,-7.67115],[-38.78371,-7.66738],[-38.78182,-7.66187],[-38.77543,-7.66243],[-38.76391,-7.6564],[-38.7428,-7.66032],[-38.74182,-7.64837],[-38.73497,-7.63946],[-38.73722,-7.63493],[-38.72373,-7.62688],[-38.71759,-7.62689],[-38.71511,-7.62192],[-38.70541,-7.62204],[-38.69599,-7.6328],[-38.68674,-7.63504],[-38.67278,-7.6588],[-38.66994,-7.66048],[-38.6636,-7.65752],[-38.65071,-7.66856],[-38.65141,-7.67708],[-38.64208,-7.67764],[-38.64199,-7.68615],[-38.62644,-7.69472],[-38.62533,-7.70832],[-38.61407,-7.71566],[-38.60894,-7.72415],[-38.60707,-7.7403],[-38.59774,-7.74204],[-38.59602,-7.75205],[-38.58996,-7.75568],[-38.57903,-7.7466],[-38.57483,-7.75434],[-38.5721,-7.75147],[-38.56013,-7.75709],[-38.54313,-7.749],[-38.52968,-7.75511],[-38.5166,-7.74933],[-38.50055,-7.75148],[-38.49658,-7.75003],[-38.4958,-7.73881],[-38.49052,-7.73466],[-38.46398,-7.73089],[-38.45502,-7.71758],[-38.43422,-7.72045],[-38.42763,-7.73004],[-38.40951,-7.73049],[-38.40082,-7.72006],[-38.40393,-7.71444],[-38.38225,-7.70748],[-38.37094,-7.69842],[-38.36921,-7.69124],[-38.36282,-7.68777],[-38.3575,-7.67716],[-38.34469,-7.695],[-38.33588,-7.69311],[-38.33036,-7.69615],[-38.32669,-7.6937],[-38.32077,-7.69796],[-38.32106,-7.70264],[-38.3162,-7.70915],[-38.31726,-7.71552],[-38.31203,-7.71631],[-38.31588,-7.72847],[-38.30896,-7.74217],[-38.30216,-7.7452],[-38.31676,-7.76461],[-38.29982,-7.7632],[-38.30125,-7.7687],[-38.2946,-7.77797],[-38.30257,-7.7884],[-38.29822,-7.80052],[-38.29775,-7.81395],[-38.28679,-7.83022],[-38.27545,-7.83424],[-38.26494,-7.82798],[-38.25704,-7.83106],[-38.23857,-7.83073],[-38.23546,-7.82596],[-38.21861,-7.81847],[-38.21267,-7.81071],[-38.18428,-7.79598],[-38.17738,-7.7885],[-38.17467,-7.78989],[-38.16422,-7.77991],[-38.1392,-7.78624],[-38.13143,-7.79576],[-38.13116,-7.80387],[-38.12244,-7.80743],[-38.12415,-7.81298],[-38.11618,-7.82256],[-38.07707,-7.83058],[-38.06535,-7.81975],[-38.07574,-7.80538],[-38.07348,-7.79352],[-38.07526,-7.78242],[-38.06948,-7.77232],[-38.03958,-7.74812],[-38.02992,-7.74984],[-38.00815,-7.76687],[-38.00397,-7.77899],[-37.99027,-7.77888],[-37.98297,-7.77265],[-37.9706,-7.77758],[-37.95909,-7.76871]]],[[[-36.73945,-9.27914],[-36.74314,-9.26698],[-36.73388,-9.26352],[-36.73132,-9.24822],[-36.72613,-9.24601],[-36.72308,-9.25096],[-36.72168,-9.27515],[-36.71297,-9.28827],[-36.73945,-9.27914]]]]}},{"type":"Feature","properties":{"abbrev_state":"RN","name_state":"Rio Grande do Norte"},"geometry":{"type":"Polygon","coordinates":[[[-38.05754,-5.74816],[-38.04965,-5.73982],[-38.04701,-5.73026],[-38.0575,-5.72975],[-38.06177,-5.72524],[-38.07324,-5.72357],[-38.08717,-5.73052],[-38.08895,-5.72809],[-38.08969,-5.71485],[-38.08284,-5.6984],[-38.08453,-5.68426],[-38.08199,-5.67012],[-38.05338,-5.6461],[-38.03427,-5.63715],[-38.01396,-5.5944],[-37.99833,-5.58532],[-37.99789,-5.56809],[-37.99004,-5.5558],[-37.94806,-5.53464],[-37.93263,-5.50311],[-37.91749,-5.50536],[-37.90158,-5.49979],[-37.89842,-5.48588],[-37.89223,-5.48076],[-37.88648,-5.44383],[-37.86048,-5.40669],[-37.85932,-5.39573],[-37.86428,-5.37835],[-37.85864,-5.3672],[-37.85766,-5.35672],[-37.84747,-5.34002],[-37.83571,-5.33539],[-37.82287,-5.32294],[-37.80429,-5.31279],[-37.78311,-5.29482],[-37.78261,-5.28674],[-37.79186,-5.26877],[-37.78296,-5.23226],[-37.79003,-5.21094],[-37.77631,-5.18712],[-37.76496,-5.13962],[-37.73342,-5.10064],[-37.73163,-5.08453],[-37.72509,-5.07062],[-37.71049,-5.06115],[-37.67762,-5.05409],[-37.64034,-4.9264],[-37.44645,-4.88096],[-37.25272,-4.83141],[-37.23388,-4.86412],[-37.21082,-4.89537],[-37.19165,-4.91194],[-37.18051,-4.91743],[-37.15314,-4.94811],[-37.14163,-4.94979],[-37.1374,-4.94726],[-37.14493,-4.94149],[-37.1439,-4.93639],[-37.12728,-4.9362],[-37.11578,-4.92646],[-37.10526,-4.92225],[-37.08223,-4.93167],[-37.08661,-4.93359],[-37.08596,-4.93644],[-37.0799,-4.93251],[-37.08285,-4.92906],[-37.06119,-4.94413],[-37.03752,-4.95033],[-37.00368,-4.93531],[-37.00004,-4.92914],[-36.98477,-4.93258],[-36.97196,-4.93113],[-36.96533,-4.92575],[-36.96348,-4.919],[-36.95932,-4.91965],[-36.92276,-4.94589],[-36.89479,-4.95342],[-36.88306,-4.95087],[-36.86843,-4.95962],[-36.81823,-5.02086],[-36.79366,-5.04288],[-36.77753,-5.04557],[-36.77374,-5.05283],[-36.76705,-5.0495],[-36.73705,-5.06501],[-36.7291,-5.07718],[-36.68866,-5.0883],[-36.68085,-5.08528],[-36.66298,-5.08938],[-36.64794,-5.08791],[-36.61586,-5.09469],[-36.6097,-5.09195],[-36.60997,-5.08254],[-36.61235,-5.08176],[-36.60737,-5.07879],[-36.58485,-5.08435],[-36.58124,-5.08902],[-36.57421,-5.08577],[-36.54404,-5.08889],[-36.53312,-5.07056],[-36.51085,-5.06712],[-36.50182,-5.06223],[-36.47391,-5.06969],[-36.44923,-5.06644],[-36.38053,-5.09003],[-36.37778,-5.08742],[-36.37205,-5.0892],[-36.33813,-5.08575],[-36.3066,-5.10346],[-36.30012,-5.1019],[-36.29029,-5.08776],[-36.24573,-5.09603],[-36.16054,-5.09655],[-36.12549,-5.09147],[-36.08005,-5.06634],[-36.04709,-5.06009],[-36.03969,-5.05473],[-36.03944,-5.0514],[-36.01377,-5.04949],[-36.00345,-5.04546],[-35.98434,-5.04575],[-35.97908,-5.04155],[-35.9495,-5.04401],[-35.91862,-5.05703],[-35.87916,-5.06801],[-35.85966,-5.06757],[-35.82955,-5.07525],[-35.80357,-5.07293],[-35.79354,-5.07772],[-35.78524,-5.07501],[-35.75883,-5.08877],[-35.71929,-5.09679],[-35.70908,-5.1036],[-35.70006,-5.10457],[-35.69786,-5.10149],[-35.63898,-5.11953],[-35.62342,-5.11921],[-35.61724,-5.11398],[-35.5729,-5.13395],[-35.54907,-5.13839],[-35.52168,-5.14937],[-35.52628,-5.15169],[-35.52388,-5.15905],[-35.49713,-5.17384],[-35.47668,-5.19012],[-35.47632,-5.19429],[-35.49256,-5.20688],[-35.50122,-5.22124],[-35.48965,-5.23352],[-35.47864,-5.25248],[-35.48056,-5.2686],[-35.4721,-5.27689],[-35.47475,-5.28631],[-35.46037,-5.29805],[-35.45878,-5.30606],[-35.43997,-5.31199],[-35.4347,-5.32112],[-35.42363,-5.32107],[-35.40455,-5.33653],[-35.39532,-5.34742],[-35.3948,-5.35941],[-35.38394,-5.36492],[-35.38439,-5.36971],[-35.39424,-5.37965],[-35.38968,-5.39236],[-35.34859,-5.41681],[-35.34846,-5.42396],[-35.34466,-5.42897],[-35.34843,-5.44513],[-35.34636,-5.4506],[-35.32995,-5.46583],[-35.32043,-5.47004],[-35.31586,-5.48294],[-35.30867,-5.4865],[-35.29594,-5.48583],[-35.2912,-5.48998],[-35.29214,-5.49394],[-35.29859,-5.49618],[-35.30252,-5.50572],[-35.32361,-5.51171],[-35.3255,-5.51557],[-35.31175,-5.52729],[-35.31074,-5.53331],[-35.30138,-5.54551],[-35.2894,-5.54642],[-35.29216,-5.56366],[-35.2843,-5.56843],[-35.27669,-5.5628],[-35.26944,-5.56868],[-35.27798,-5.58821],[-35.27315,-5.60052],[-35.28087,-5.60484],[-35.2931,-5.60568],[-35.29599,-5.6112],[-35.2855,-5.62126],[-35.27101,-5.62354],[-35.25561,-5.63852],[-35.2516,-5.64567],[-35.25339,-5.65726],[-35.24995,-5.6732],[-35.25431,-5.67654],[-35.26853,-5.66822],[-35.27341,-5.6727],[-35.27265,-5.67965],[-35.26497,-5.68447],[-35.26307,-5.69207],[-35.25503,-5.70111],[-35.25726,-5.70595],[-35.29115,-5.69458],[-35.29492,-5.69505],[-35.29622,-5.69876],[-35.28102,-5.70988],[-35.28373,-5.71742],[-35.28178,-5.72524],[-35.27659,-5.72669],[-35.26436,-5.72164],[-35.2579,-5.72663],[-35.24977,-5.72133],[-35.23972,-5.72334],[-35.22369,-5.7413],[-35.22246,-5.74723],[-35.23528,-5.76011],[-35.24973,-5.76387],[-35.25165,-5.78087],[-35.26194,-5.78034],[-35.27614,-5.78779],[-35.28259,-5.80018],[-35.28022,-5.82758],[-35.27185,-5.84589],[-35.25267,-5.86182],[-35.23983,-5.86632],[-35.22217,-5.88297],[-35.2079,-5.90195],[-35.19978,-5.9268],[-35.17678,-5.9405],[-35.17378,-5.95538],[-35.16891,-5.96181],[-35.17216,-5.96548],[-35.17956,-5.96464],[-35.18247,-5.96734],[-35.18149,-5.97248],[-35.17411,-5.97744],[-35.17985,-5.98432],[-35.17444,-5.99261],[-35.17758,-5.99974],[-35.18614,-6.00477],[-35.19823,-6.00383],[-35.19882,-6.01191],[-35.20553,-6.01609],[-35.20693,-6.02897],[-35.21313,-6.03474],[-35.22244,-6.03445],[-35.22566,-6.03968],[-35.22242,-6.04418],[-35.21466,-6.04347],[-35.20805,-6.04887],[-35.20973,-6.06911],[-35.20728,-6.07494],[-35.21141,-6.08078],[-35.21145,-6.09203],[-35.19613,-6.10536],[-35.19622,-6.12157],[-35.22072,-6.11924],[-35.23752,-6.11389],[-35.24227,-6.10907],[-35.25529,-6.11376],[-35.2617,-6.10447],[-35.26847,-6.10112],[-35.27544,-6.10312],[-35.30201,-6.09563],[-35.3079,-6.10632],[-35.32768,-6.11428],[-35.33624,-6.12312],[-35.33823,-6.13063],[-35.34484,-6.13355],[-35.34956,-6.14169],[-35.3475,-6.14783],[-35.35118,-6.15363],[-35.35111,-6.16373],[-35.3564,-6.17066],[-35.33256,-6.18241],[-35.33245,-6.19064],[-35.33776,-6.19613],[-35.33642,-6.20707],[-35.34698,-6.22057],[-35.34404,-6.23398],[-35.33178,-6.23642],[-35.32964,-6.23944],[-35.33411,-6.24903],[-35.34151,-6.25202],[-35.34117,-6.26461],[-35.32997,-6.27481],[-35.31578,-6.26165],[-35.30596,-6.26608],[-35.29697,-6.2761],[-35.29241,-6.2876],[-35.28355,-6.29343],[-35.27601,-6.30768],[-35.27261,-6.32517],[-35.27621,-6.33102],[-35.27479,-6.34338],[-35.27736,-6.34868],[-35.28864,-6.34892],[-35.29299,-6.34435],[-35.29843,-6.34415],[-35.3068,-6.35229],[-35.31174,-6.36974],[-35.32706,-6.37362],[-35.32929,-6.38541],[-35.31756,-6.39117],[-35.30755,-6.38996],[-35.30177,-6.39289],[-35.29466,-6.40186],[-35.28597,-6.40342],[-35.27613,-6.41028],[-35.26552,-6.42544],[-35.25647,-6.42256],[-35.25005,-6.41513],[-35.24165,-6.41134],[-35.21363,-6.42643],[-35.21021,-6.42279],[-35.21184,-6.41084],[-35.19899,-6.40514],[-35.19364,-6.41103],[-35.20068,-6.41926],[-35.19908,-6.43141],[-35.19582,-6.43313],[-35.18732,-6.43029],[-35.18425,-6.43882],[-35.17717,-6.44069],[-35.17398,-6.4462],[-35.1826,-6.45638],[-35.17834,-6.46619],[-35.17984,-6.47783],[-35.18488,-6.48058],[-35.1908,-6.47245],[-35.1987,-6.47801],[-35.21401,-6.47521],[-35.21548,-6.48124],[-35.21074,-6.49106],[-35.21773,-6.49711],[-35.21772,-6.51587],[-35.23124,-6.51884],[-35.23235,-6.53178],[-35.25321,-6.53401],[-35.27457,-6.54388],[-35.33077,-6.54434],[-35.34126,-6.53862],[-35.36451,-6.51204],[-35.39009,-6.49652],[-35.41239,-6.48825],[-35.44162,-6.48773],[-35.44265,-6.47937],[-35.4467,-6.48684],[-35.46005,-6.47678],[-35.46422,-6.48271],[-35.47311,-6.48316],[-35.47714,-6.48685],[-35.48428,-6.48601],[-35.49198,-6.48008],[-35.49579,-6.48326],[-35.50141,-6.4778],[-35.51235,-6.47682],[-35.51775,-6.4794],[-35.5253,-6.4761],[-35.53364,-6.48303],[-35.53796,-6.47991],[-35.54076,-6.48297],[-35.54669,-6.48187],[-35.5521,-6.49082],[-35.56167,-6.49264],[-35.5648,-6.49178],[-35.56419,-6.48747],[-35.58053,-6.48711],[-35.59171,-6.47716],[-35.59216,-6.47163],[-35.60019,-6.46061],[-35.61687,-6.46263],[-35.61965,-6.45722],[-35.62319,-6.45866],[-35.66016,-6.44528],[-35.66516,-6.45051],[-35.67135,-6.45172],[-35.68197,-6.44793],[-35.71126,-6.47109],[-35.7186,-6.47253],[-35.72619,-6.46961],[-35.76336,-6.48219],[-35.94418,-6.49301],[-35.96524,-6.48436],[-35.97765,-6.48891],[-36.00535,-6.48105],[-36.00736,-6.47452],[-36.01291,-6.47279],[-36.00834,-6.46512],[-36.01328,-6.45504],[-36.03671,-6.44427],[-36.05568,-6.4262],[-36.06174,-6.41025],[-36.06723,-6.41509],[-36.07376,-6.41487],[-36.07271,-6.41042],[-36.07772,-6.40509],[-36.08674,-6.41584],[-36.10311,-6.42155],[-36.11019,-6.42918],[-36.14375,-6.42532],[-36.17176,-6.4306],[-36.24977,-6.43736],[-36.25116,-6.40442],[-36.25901,-6.40478],[-36.29597,-6.39323],[-36.29881,-6.37654],[-36.29284,-6.36481],[-36.28155,-6.3546],[-36.27675,-6.34043],[-36.27987,-6.30886],[-36.30352,-6.28303],[-36.31364,-6.28336],[-36.35758,-6.30999],[-36.39456,-6.29397],[-36.43031,-6.36226],[-36.49985,-6.35816],[-36.50749,-6.40012],[-36.51867,-6.41808],[-36.53097,-6.45207],[-36.52585,-6.50116],[-36.51647,-6.50291],[-36.50043,-6.51351],[-36.48263,-6.51954],[-36.48075,-6.53533],[-36.47562,-6.54493],[-36.44917,-6.55391],[-36.44439,-6.55832],[-36.44115,-6.60002],[-36.43586,-6.62588],[-36.43822,-6.62928],[-36.44935,-6.6242],[-36.46052,-6.63439],[-36.47348,-6.61441],[-36.50202,-6.60148],[-36.50796,-6.59545],[-36.51381,-6.59439],[-36.52454,-6.59965],[-36.52101,-6.61316],[-36.54175,-6.66606],[-36.54742,-6.69515],[-36.55888,-6.70911],[-36.5442,-6.7312],[-36.52777,-6.73494],[-36.52057,-6.74568],[-36.50256,-6.75762],[-36.5013,-6.77757],[-36.50694,-6.81301],[-36.51198,-6.81957],[-36.53131,-6.82708],[-36.54435,-6.84296],[-36.5471,-6.84054],[-36.55021,-6.84355],[-36.56016,-6.84077],[-36.5698,-6.84801],[-36.57396,-6.8594],[-36.56679,-6.86659],[-36.56794,-6.8748],[-36.60979,-6.93684],[-36.61653,-6.93402],[-36.63745,-6.93381],[-36.66081,-6.927],[-36.68722,-6.92596],[-36.69467,-6.93449],[-36.70927,-6.97469],[-36.714,-6.98149],[-36.71855,-6.98273],[-36.74411,-6.96777],[-36.76654,-6.93587],[-36.7621,-6.92687],[-36.75741,-6.89936],[-36.74499,-6.87951],[-36.73052,-6.83544],[-36.76947,-6.83875],[-36.77273,-6.78707],[-36.83503,-6.73107],[-36.90343,-6.75361],[-36.93152,-6.76857],[-36.95714,-6.79048],[-36.9591,-6.7833],[-36.95266,-6.77515],[-36.95814,-6.77568],[-36.97071,-6.7683],[-36.97333,-6.7582],[-36.9718,-6.74065],[-36.97762,-6.72186],[-36.98994,-6.70915],[-36.99983,-6.70771],[-37.04129,-6.74006],[-37.05942,-6.74943],[-37.12006,-6.76729],[-37.12894,-6.76598],[-37.137,-6.78052],[-37.14369,-6.78325],[-37.15371,-6.79979],[-37.19067,-6.82537],[-37.22324,-6.82539],[-37.2346,-6.82464],[-37.25514,-6.81106],[-37.25542,-6.79847],[-37.26059,-6.78736],[-37.25733,-6.7804],[-37.27395,-6.76679],[-37.26936,-6.76199],[-37.26392,-6.73217],[-37.27992,-6.72423],[-37.29017,-6.71304],[-37.28372,-6.69391],[-37.3143,-6.68897],[-37.34271,-6.70125],[-37.3957,-6.70037],[-37.40733,-6.6972],[-37.4847,-6.71004],[-37.47098,-6.68034],[-37.4752,-6.67282],[-37.46619,-6.65996],[-37.47722,-6.64191],[-37.47453,-6.61791],[-37.476,-6.60811],[-37.48038,-6.60522],[-37.48012,-6.59415],[-37.47481,-6.56445],[-37.48191,-6.55725],[-37.48236,-6.54771],[-37.47367,-6.5376],[-37.46472,-6.53266],[-37.41571,-6.53188],[-37.39689,-6.51421],[-37.39095,-6.45284],[-37.38124,-6.43711],[-37.3866,-6.42604],[-37.39752,-6.4181],[-37.39716,-6.40506],[-37.38883,-6.39098],[-37.38855,-6.37973],[-37.37754,-6.36933],[-37.37812,-6.34701],[-37.36653,-6.32558],[-37.35111,-6.31437],[-37.33042,-6.30633],[-37.32145,-6.28281],[-37.31698,-6.27867],[-37.27473,-6.28143],[-37.27055,-6.25171],[-37.25153,-6.22646],[-37.23427,-6.21328],[-37.20158,-6.2057],[-37.19424,-6.19825],[-37.19294,-6.18308],[-37.17422,-6.1801],[-37.16568,-6.17037],[-37.15692,-6.15249],[-37.16638,-6.15391],[-37.1751,-6.14218],[-37.16679,-6.10865],[-37.17265,-6.09883],[-37.17056,-6.08306],[-37.17557,-6.05494],[-37.17393,-6.04802],[-37.19429,-6.04803],[-37.2044,-6.03815],[-37.22269,-6.04215],[-37.23186,-6.02759],[-37.25379,-6.02657],[-37.26258,-6.03846],[-37.26358,-6.04636],[-37.27248,-6.0557],[-37.28692,-6.05799],[-37.29801,-6.04955],[-37.3092,-6.05776],[-37.33578,-6.06746],[-37.35443,-6.08649],[-37.37156,-6.08278],[-37.38234,-6.08555],[-37.39363,-6.10939],[-37.40781,-6.11278],[-37.42595,-6.109],[-37.44569,-6.1122],[-37.45391,-6.12007],[-37.45493,-6.13319],[-37.45867,-6.1332],[-37.45895,-6.145],[-37.48299,-6.15168],[-37.48937,-6.14444],[-37.5034,-6.1444],[-37.50289,-6.15214],[-37.53635,-6.15284],[-37.53999,-6.16593],[-37.56065,-6.16453],[-37.56962,-6.15544],[-37.59991,-6.17401],[-37.63848,-6.17984],[-37.64671,-6.18939],[-37.66308,-6.19102],[-37.69588,-6.18729],[-37.70752,-6.17686],[-37.74237,-6.18898],[-37.75457,-6.20019],[-37.75308,-6.21443],[-37.76385,-6.2189],[-37.77562,-6.23134],[-37.76164,-6.23629],[-37.76307,-6.24114],[-37.77661,-6.24587],[-37.76052,-6.25409],[-37.77048,-6.26564],[-37.77142,-6.27307],[-37.75808,-6.28659],[-37.75766,-6.29077],[-37.79452,-6.28903],[-37.81212,-6.29273],[-37.82403,-6.30603],[-37.81454,-6.31231],[-37.81475,-6.31514],[-37.83373,-6.32178],[-37.84252,-6.32999],[-37.84293,-6.3358],[-37.83426,-6.34239],[-37.84412,-6.35436],[-37.84153,-6.36303],[-37.85424,-6.36632],[-37.85983,-6.37488],[-37.88822,-6.36437],[-37.88851,-6.38721],[-37.88426,-6.39168],[-37.88625,-6.397],[-37.89026,-6.40014],[-37.90153,-6.39968],[-37.92293,-6.41466],[-37.92605,-6.42114],[-37.94544,-6.42262],[-37.95521,-6.40806],[-37.9554,-6.39821],[-37.96802,-6.40512],[-37.96868,-6.41874],[-37.97908,-6.42669],[-38.0137,-6.42743],[-38.01439,-6.43039],[-38.00823,-6.43219],[-38.01997,-6.446],[-38.01295,-6.46885],[-38.02182,-6.46846],[-38.02948,-6.47584],[-38.04064,-6.47304],[-38.03701,-6.45705],[-38.04392,-6.45198],[-38.0434,-6.44335],[-38.04971,-6.44105],[-38.05395,-6.45368],[-38.05924,-6.45313],[-38.06194,-6.45945],[-38.07015,-6.46275],[-38.08302,-6.48589],[-38.0954,-6.49359],[-38.09799,-6.50949],[-38.11706,-6.52267],[-38.13552,-6.51848],[-38.14788,-6.49149],[-38.16117,-6.49911],[-38.18745,-6.49919],[-38.19226,-6.49833],[-38.20055,-6.48828],[-38.23923,-6.4803],[-38.24727,-6.48498],[-38.26141,-6.48515],[-38.26985,-6.49444],[-38.28872,-6.50562],[-38.29403,-6.4894],[-38.31409,-6.48733],[-38.31826,-6.47378],[-38.3307,-6.45891],[-38.33932,-6.46013],[-38.34856,-6.45574],[-38.36098,-6.46199],[-38.36379,-6.45364],[-38.37366,-6.45578],[-38.37512,-6.43738],[-38.38194,-6.43206],[-38.38453,-6.42222],[-38.39932,-6.40979],[-38.42604,-6.41412],[-38.44796,-6.40335],[-38.44884,-6.39458],[-38.45206,-6.39249],[-38.48506,-6.39942],[-38.48308,-6.38111],[-38.49021,-6.36814],[-38.48975,-6.36345],[-38.47604,-6.34573],[-38.45839,-6.33021],[-38.4765,-6.33383],[-38.49418,-6.34482],[-38.50542,-6.35651],[-38.5166,-6.34623],[-38.53262,-6.34171],[-38.54501,-6.34459],[-38.54985,-6.3507],[-38.54507,-6.35376],[-38.56251,-6.35565],[-38.56443,-6.35183],[-38.57708,-6.34743],[-38.5821,-6.31927],[-38.5753,-6.30863],[-38.56602,-6.30259],[-38.5703,-6.29999],[-38.57151,-6.28444],[-38.57955,-6.27963],[-38.55442,-6.2634],[-38.54585,-6.24543],[-38.53847,-6.2469],[-38.52835,-6.23918],[-38.51971,-6.22304],[-38.52929,-6.21374],[-38.5272,-6.19338],[-38.50133,-6.19095],[-38.50076,-6.17968],[-38.47549,-6.15704],[-38.47207,-6.14875],[-38.47642,-6.14441],[-38.46209,-6.11232],[-38.44077,-6.09687],[-38.44732,-6.08528],[-38.43306,-6.07813],[-38.42744,-6.06938],[-38.41319,-6.05832],[-38.40488,-6.05729],[-38.40154,-6.05349],[-38.39499,-6.05541],[-38.38196,-6.05279],[-38.38569,-6.06468],[-38.37836,-6.06683],[-38.37977,-6.07332],[-38.37698,-6.07945],[-38.36525,-6.08846],[-38.34736,-6.0807],[-38.34678,-6.06728],[-38.33676,-6.0804],[-38.31992,-6.07704],[-38.3065,-6.08703],[-38.28896,-6.07208],[-38.27701,-6.06995],[-38.2683,-6.05724],[-38.25918,-6.05378],[-38.26017,-6.04972],[-38.25257,-6.0431],[-38.25269,-6.01191],[-38.2445,-5.99946],[-38.20602,-5.96435],[-38.19237,-5.95956],[-38.18358,-5.95022],[-38.17543,-5.9534],[-38.16378,-5.94544],[-38.16406,-5.92746],[-38.14672,-5.91618],[-38.14255,-5.90164],[-38.12764,-5.89156],[-38.12252,-5.88174],[-38.12055,-5.85835],[-38.11629,-5.84799],[-38.11886,-5.83283],[-38.11436,-5.82226],[-38.06151,-5.76205],[-38.05754,-5.74816]]]}},{"type":"Feature","properties":{"abbrev_state":"MA","name_state":"Maranhão"},"geometry":{"type":"Polygon","coordinates":[[[-41.8398,-2.90747],[-41.84083,-2.90608],[-41.84129,-2.90504],[-41.8398,-2.90747]]]}},{"type":"Feature","properties":{"abbrev_state":"CE","name_state":"Ceará"},"geometry":{"type":"Polygon","coordinates":[[[-41.18292,-4.01797],[-41.19261,-4.02066],[-41.19947,-4.01836],[-41.2089,-4.02558],[-41.21408,-4.0242],[-41.24031,-4.03085],[-41.25018,-4.03775],[-41.25673,-4.03485],[-41.25441,-4.02768],[-41.23883,-4.0154],[-41.24573,-4.00658],[-41.24924,-3.98987],[-41.24419,-3.98639],[-41.24436,-3.97976],[-41.24012,-3.9792],[-41.23425,-3.9678],[-41.22893,-3.9681],[-41.22024,-3.94151],[-41.22891,-3.91173],[-41.24533,-3.89832],[-41.24761,-3.88229],[-41.25886,-3.87028],[-41.25995,-3.86475],[-41.26776,-3.86185],[-41.27054,-3.85308],[-41.26858,-3.84449],[-41.27686,-3.82562],[-41.28267,-3.82681],[-41.28746,-3.82226],[-41.29516,-3.83018],[-41.30081,-3.8263],[-41.26483,-3.79158],[-41.25412,-3.77504],[-41.26118,-3.75754],[-41.25852,-3.73278],[-41.25189,-3.72334],[-41.23943,-3.72075],[-41.23828,-3.71577],[-41.25543,-3.70326],[-41.27933,-3.70075],[-41.2908,-3.68969],[-41.30766,-3.6848],[-41.32654,-3.68732],[-41.34175,-3.68077],[-41.34369,-3.67597],[-41.3391,-3.67042],[-41.33132,-3.62468],[-41.3449,-3.58874],[-41.36201,-3.58318],[-41.37131,-3.57263],[-41.36466,-3.558],[-41.33687,-3.55389],[-41.32568,-3.53641],[-41.32417,-3.50337],[-41.32059,-3.49786],[-41.30303,-3.49218],[-41.31974,-3.48409],[-41.32698,-3.4463],[-41.32405,-3.38592],[-41.34431,-3.38816],[-41.34679,-3.38553],[-41.35982,-3.39102],[-41.36204,-3.39824],[-41.37542,-3.39907],[-41.38699,-3.4093],[-41.38702,-3.39001],[-41.39207,-3.38506],[-41.39915,-3.38828],[-41.4002,-3.38528],[-41.39853,-3.37692],[-41.40137,-3.36725],[-41.39909,-3.36359],[-41.4057,-3.36258],[-41.41872,-3.37049],[-41.42352,-3.36801],[-41.41232,-3.3407],[-41.39797,-3.32755],[-41.4006,-3.32025],[-41.39538,-3.31069],[-41.39586,-3.3041],[-41.32249,-3.17979],[-41.32636,-3.17545],[-41.32754,-3.15997],[-41.31888,-3.14956],[-41.31882,-3.14482],[-41.29373,-3.1224],[-41.29323,-3.11718],[-41.28514,-3.11369],[-41.28506,-3.10151],[-41.27145,-3.10008],[-41.2675,-3.09289],[-41.25577,-3.08758],[-41.25595,-3.07138],[-41.2605,-3.06736],[-41.25846,-3.05863],[-41.26135,-3.05006],[-41.25255,-3.03565],[-41.25501,-3.0315],[-41.24917,-3.03085],[-41.24813,-3.02589],[-41.25484,-3.02129],[-41.25795,-3.00277],[-41.27049,-2.98063],[-41.27078,-2.97125],[-41.27994,-2.96781],[-41.30271,-2.96725],[-41.32011,-2.9571],[-41.32075,-2.93697],[-41.30396,-2.92814],[-41.30956,-2.9141],[-41.26068,-2.88498],[-41.20696,-2.89172],[-41.18627,-2.89166],[-41.17532,-2.88806],[-41.11993,-2.89388],[-41.10171,-2.90095],[-41.10507,-2.89713],[-41.09881,-2.89192],[-41.0724,-2.89649],[-41.01401,-2.89263],[-40.96307,-2.88244],[-40.95397,-2.87218],[-40.91936,-2.87436],[-40.90844,-2.8707],[-40.90419,-2.8622],[-40.86035,-2.86194],[-40.84478,-2.88585],[-40.83707,-2.88057],[-40.82216,-2.87985],[-40.80157,-2.87358],[-40.77443,-2.85487],[-40.76377,-2.85121],[-40.72762,-2.85213],[-40.69056,-2.84877],[-40.69077,-2.85133],[-40.68626,-2.84808],[-40.66759,-2.84572],[-40.64994,-2.85023],[-40.61116,-2.84624],[-40.59997,-2.8485],[-40.58847,-2.84597],[-40.59515,-2.84543],[-40.56631,-2.83094],[-40.53505,-2.81989],[-40.51993,-2.79962],[-40.52012,-2.79155],[-40.4989,-2.78465],[-40.4442,-2.8082],[-40.41625,-2.81286],[-40.37189,-2.81241],[-40.33314,-2.80609],[-40.23682,-2.81504],[-40.22205,-2.81089],[-40.18834,-2.81205],[-40.15771,-2.83511],[-40.14378,-2.84018],[-40.13315,-2.83105],[-40.13639,-2.82596],[-40.12587,-2.82367],[-40.1187,-2.82791],[-40.10018,-2.82725],[-40.08567,-2.83218],[-40.07773,-2.84092],[-40.0679,-2.83662],[-40.06226,-2.83855],[-40.0624,-2.83544],[-40.058,-2.83421],[-40.04363,-2.84108],[-40.02075,-2.84391],[-40.02814,-2.84059],[-40.02555,-2.83905],[-39.98387,-2.84837],[-39.99777,-2.84047],[-39.99463,-2.83955],[-39.96834,-2.85032],[-39.93432,-2.8708],[-39.88506,-2.89096],[-39.90493,-2.87598],[-39.92514,-2.87061],[-39.91811,-2.86866],[-39.89458,-2.88008],[-39.88182,-2.89295],[-39.86528,-2.89813],[-39.85212,-2.90685],[-39.82457,-2.93115],[-39.80115,-2.94409],[-39.79371,-2.95285],[-39.78809,-2.95081],[-39.7762,-2.95607],[-39.74439,-2.98063],[-39.74149,-2.98617],[-39.74721,-2.98263],[-39.73026,-2.99668],[-39.72143,-3.00054],[-39.71651,-2.99871],[-39.70212,-3.00131],[-39.68886,-2.99673],[-39.67591,-3.00198],[-39.66596,-3.01669],[-39.65692,-3.02387],[-39.6498,-3.02465],[-39.64029,-3.01947],[-39.62132,-3.02661],[-39.5971,-3.06606],[-39.58406,-3.07246],[-39.5749,-3.07151],[-39.56757,-3.0762],[-39.5493,-3.07972],[-39.52317,-3.10201],[-39.48719,-3.11934],[-39.46642,-3.14256],[-39.43903,-3.14765],[-39.42161,-3.15484],[-39.39818,-3.17659],[-39.38182,-3.18358],[-39.36528,-3.17344],[-39.35335,-3.17431],[-39.34417,-3.17814],[-39.33075,-3.19506],[-39.31304,-3.20607],[-39.30516,-3.20692],[-39.29392,-3.21483],[-39.27735,-3.21969],[-39.26179,-3.21788],[-39.25161,-3.22251],[-39.22773,-3.24081],[-39.21259,-3.25803],[-39.15924,-3.33246],[-39.13995,-3.34562],[-39.12647,-3.34375],[-39.11274,-3.34711],[-39.09142,-3.38451],[-39.0742,-3.40139],[-39.04875,-3.41257],[-39.03533,-3.41116],[-39.02953,-3.40509],[-39.01572,-3.40344],[-39.00684,-3.39685],[-38.9947,-3.39792],[-38.98443,-3.40331],[-38.97334,-3.41151],[-38.9394,-3.44994],[-38.92151,-3.48879],[-38.91024,-3.50378],[-38.89186,-3.50593],[-38.84899,-3.54269],[-38.82756,-3.5466],[-38.81227,-3.54283],[-38.76029,-3.60855],[-38.74772,-3.61771],[-38.7248,-3.62539],[-38.70296,-3.63776],[-38.67509,-3.66608],[-38.6524,-3.68216],[-38.64109,-3.68694],[-38.61109,-3.68877],[-38.58758,-3.69641],[-38.58671,-3.69225],[-38.58136,-3.69274],[-38.57504,-3.69859],[-38.53936,-3.71637],[-38.52559,-3.71994],[-38.52222,-3.71748],[-38.52652,-3.71544],[-38.49585,-3.72503],[-38.47622,-3.71932],[-38.47822,-3.71477],[-38.47288,-3.70624],[-38.47638,-3.70072],[-38.47051,-3.70679],[-38.46453,-3.70726],[-38.44032,-3.76291],[-38.36005,-3.88534],[-38.31574,-3.92818],[-38.29344,-3.94105],[-38.27893,-3.94121],[-38.27286,-3.94468],[-38.20734,-4.02946],[-38.18999,-4.04326],[-38.18117,-4.05526],[-38.18219,-4.05878],[-38.17928,-4.05853],[-38.15235,-4.09414],[-38.1499,-4.10204],[-38.14561,-4.10338],[-38.11597,-4.148],[-38.04375,-4.21922],[-38.03344,-4.22495],[-38.01112,-4.24952],[-37.98859,-4.26121],[-37.96541,-4.28714],[-37.90876,-4.33807],[-37.85371,-4.38022],[-37.84168,-4.38533],[-37.83444,-4.3844],[-37.80999,-4.39864],[-37.80095,-4.39955],[-37.79678,-4.39513],[-37.78235,-4.4019],[-37.77009,-4.40127],[-37.76668,-4.41733],[-37.76948,-4.42639],[-37.76195,-4.42824],[-37.75428,-4.43705],[-37.74041,-4.47256],[-37.72393,-4.50213],[-37.71218,-4.51596],[-37.68697,-4.53419],[-37.63559,-4.58951],[-37.59532,-4.62307],[-37.55868,-4.64167],[-37.54297,-4.64471],[-37.53569,-4.64159],[-37.52288,-4.64194],[-37.50862,-4.62918],[-37.49781,-4.62696],[-37.47132,-4.65084],[-37.46197,-4.65165],[-37.40755,-4.67514],[-37.37122,-4.68242],[-37.34971,-4.69267],[-37.34457,-4.69038],[-37.33665,-4.69316],[-37.29503,-4.7302],[-37.28609,-4.74324],[-37.25272,-4.83141],[-37.44645,-4.88096],[-37.64034,-4.9264],[-37.67762,-5.05409],[-37.71049,-5.06115],[-37.72509,-5.07062],[-37.73163,-5.08453],[-37.73342,-5.10064],[-37.76496,-5.13962],[-37.77631,-5.18712],[-37.79003,-5.21094],[-37.78296,-5.23226],[-37.79186,-5.26877],[-37.78261,-5.28674],[-37.78311,-5.29482],[-37.80429,-5.31279],[-37.82287,-5.32294],[-37.83571,-5.33539],[-37.84747,-5.34002],[-37.85766,-5.35672],[-37.85864,-5.3672],[-37.86428,-5.37835],[-37.85932,-5.39573],[-37.86048,-5.40669],[-37.88648,-5.44383],[-37.89223,-5.48076],[-37.89842,-5.48588],[-37.90158,-5.49979],[-37.91749,-5.50536],[-37.93263,-5.50311],[-37.94806,-5.53464],[-37.99004,-5.5558],[-37.99789,-5.56809],[-37.99833,-5.58532],[-38.01396,-5.5944],[-38.03427,-5.63715],[-38.05338,-5.6461],[-38.08199,-5.67012],[-38.08453,-5.68426],[-38.08284,-5.6984],[-38.08969,-5.71485],[-38.08824,-5.73004],[-38.07324,-5.72357],[-38.06177,-5.72524],[-38.0575,-5.72975],[-38.05059,-5.72828],[-38.04688,-5.73294],[-38.05754,-5.74816],[-38.06151,-5.76205],[-38.11436,-5.82226],[-38.11886,-5.83283],[-38.11629,-5.84799],[-38.12055,-5.85835],[-38.12252,-5.88174],[-38.12764,-5.89156],[-38.14255,-5.90164],[-38.14672,-5.91618],[-38.16406,-5.92746],[-38.16378,-5.94544],[-38.17543,-5.9534],[-38.18358,-5.95022],[-38.19237,-5.95956],[-38.20602,-5.96435],[-38.2445,-5.99946],[-38.25269,-6.01191],[-38.25257,-6.0431],[-38.26017,-6.04972],[-38.25918,-6.05378],[-38.2683,-6.05724],[-38.27701,-6.06995],[-38.29079,-6.07315],[-38.30378,-6.08652],[-38.31577,-6.08189],[-38.31992,-6.07704],[-38.33676,-6.0804],[-38.34678,-6.06728],[-38.34736,-6.0807],[-38.35591,-6.08635],[-38.36621,-6.0883],[-38.37698,-6.07945],[-38.37977,-6.07332],[-38.37836,-6.06683],[-38.38569,-6.06468],[-38.38298,-6.05233],[-38.39499,-6.05541],[-38.40154,-6.05349],[-38.42422,-6.06667],[-38.43306,-6.07813],[-38.44732,-6.08528],[-38.44077,-6.09687],[-38.46209,-6.11232],[-38.47642,-6.14441],[-38.47207,-6.14875],[-38.47364,-6.1538],[-38.50076,-6.17968],[-38.50133,-6.19095],[-38.5272,-6.19338],[-38.52929,-6.21374],[-38.51971,-6.22304],[-38.52835,-6.23918],[-38.53847,-6.2469],[-38.54585,-6.24543],[-38.55442,-6.2634],[-38.57955,-6.27963],[-38.57151,-6.28444],[-38.5703,-6.29999],[-38.56602,-6.30259],[-38.5813,-6.31621],[-38.58154,-6.33105],[-38.57708,-6.34743],[-38.56443,-6.35183],[-38.56251,-6.35565],[-38.56674,-6.35708],[-38.56735,-6.36153],[-38.5771,-6.36424],[-38.57311,-6.37492],[-38.58296,-6.37404],[-38.59247,-6.37825],[-38.59494,-6.38657],[-38.60221,-6.3909],[-38.59413,-6.39686],[-38.58717,-6.39427],[-38.58155,-6.39673],[-38.58099,-6.40176],[-38.57197,-6.40411],[-38.56435,-6.39973],[-38.55152,-6.39817],[-38.54272,-6.40198],[-38.5294,-6.39289],[-38.52452,-6.39611],[-38.5248,-6.40122],[-38.51791,-6.40873],[-38.52452,-6.40708],[-38.53624,-6.41985],[-38.55427,-6.43276],[-38.5564,-6.44764],[-38.56982,-6.45488],[-38.57041,-6.4702],[-38.57578,-6.47797],[-38.59497,-6.50044],[-38.61229,-6.51319],[-38.61611,-6.52815],[-38.61052,-6.53229],[-38.60708,-6.52951],[-38.62661,-6.55295],[-38.62566,-6.55798],[-38.63263,-6.56244],[-38.63308,-6.56921],[-38.64285,-6.58118],[-38.63293,-6.58993],[-38.62916,-6.60458],[-38.64666,-6.61598],[-38.64913,-6.62759],[-38.65526,-6.63048],[-38.65679,-6.6366],[-38.65708,-6.64229],[-38.64697,-6.65421],[-38.64641,-6.66243],[-38.65196,-6.67318],[-38.66236,-6.67432],[-38.66058,-6.6788],[-38.66446,-6.68019],[-38.67315,-6.69722],[-38.67004,-6.70255],[-38.67338,-6.70965],[-38.66646,-6.71704],[-38.66489,-6.72409],[-38.65598,-6.73024],[-38.65753,-6.74076],[-38.64997,-6.75224],[-38.65268,-6.75976],[-38.64027,-6.76399],[-38.62902,-6.77771],[-38.61368,-6.78303],[-38.61821,-6.79414],[-38.6269,-6.79085],[-38.63852,-6.79188],[-38.63635,-6.80473],[-38.6469,-6.80718],[-38.66789,-6.82801],[-38.67294,-6.83614],[-38.66888,-6.84296],[-38.6772,-6.85433],[-38.67542,-6.86183],[-38.68669,-6.86579],[-38.69482,-6.87456],[-38.70242,-6.87687],[-38.71036,-6.87466],[-38.71585,-6.87928],[-38.71401,-6.88615],[-38.73242,-6.88923],[-38.73029,-6.89681],[-38.75136,-6.90178],[-38.76416,-6.90926],[-38.75893,-6.91663],[-38.75877,-6.92528],[-38.76241,-6.92654],[-38.75524,-6.93913],[-38.76402,-6.94462],[-38.7656,-6.94947],[-38.7573,-6.95818],[-38.74697,-6.96058],[-38.74808,-6.9667],[-38.74225,-6.97428],[-38.75189,-6.98858],[-38.76511,-6.99323],[-38.75869,-6.99846],[-38.75099,-6.99731],[-38.73058,-7.01203],[-38.69491,-7.02694],[-38.69099,-7.02996],[-38.69266,-7.03491],[-38.6898,-7.04023],[-38.66985,-7.0477],[-38.67007,-7.05414],[-38.67724,-7.0671],[-38.67145,-7.07053],[-38.66887,-7.07908],[-38.6598,-7.08554],[-38.65641,-7.09243],[-38.66215,-7.11018],[-38.67742,-7.13094],[-38.67529,-7.15572],[-38.68519,-7.16134],[-38.67658,-7.1692],[-38.67935,-7.17503],[-38.68302,-7.17598],[-38.68783,-7.19016],[-38.65478,-7.18323],[-38.64363,-7.18394],[-38.63655,-7.19376],[-38.6248,-7.19132],[-38.61979,-7.19706],[-38.62305,-7.20767],[-38.61537,-7.23019],[-38.60542,-7.23687],[-38.60064,-7.23477],[-38.59511,-7.24653],[-38.58308,-7.24838],[-38.55888,-7.23942],[-38.55196,-7.24348],[-38.55383,-7.26],[-38.54908,-7.26591],[-38.54215,-7.2659],[-38.54263,-7.27839],[-38.53459,-7.29379],[-38.54011,-7.30622],[-38.55036,-7.31546],[-38.54852,-7.33213],[-38.55339,-7.34439],[-38.57866,-7.37975],[-38.57813,-7.3862],[-38.5836,-7.3982],[-38.59039,-7.40118],[-38.59533,-7.41148],[-38.59563,-7.41558],[-38.5845,-7.41635],[-38.5853,-7.43482],[-38.59502,-7.43394],[-38.59607,-7.43863],[-38.6058,-7.44457],[-38.60333,-7.45759],[-38.61611,-7.45694],[-38.622,-7.46067],[-38.64171,-7.45818],[-38.64626,-7.46272],[-38.64169,-7.46497],[-38.63057,-7.48395],[-38.63369,-7.49067],[-38.646,-7.50193],[-38.64497,-7.50613],[-38.64839,-7.51143],[-38.64648,-7.51754],[-38.65466,-7.52222],[-38.65127,-7.53103],[-38.65649,-7.54619],[-38.65299,-7.55262],[-38.65916,-7.56167],[-38.65533,-7.56554],[-38.67717,-7.57057],[-38.68606,-7.5812],[-38.70366,-7.58096],[-38.71103,-7.58663],[-38.71302,-7.60835],[-38.7183,-7.60936],[-38.71511,-7.62192],[-38.71759,-7.62689],[-38.72373,-7.62688],[-38.73722,-7.63493],[-38.73497,-7.63946],[-38.74182,-7.64837],[-38.7428,-7.66032],[-38.76391,-7.6564],[-38.77543,-7.66243],[-38.78182,-7.66187],[-38.78371,-7.66738],[-38.79075,-7.67115],[-38.79249,-7.6681],[-38.81219,-7.6688],[-38.81583,-7.66406],[-38.81969,-7.66483],[-38.82424,-7.67834],[-38.8151,-7.68798],[-38.81502,-7.69739],[-38.82196,-7.71479],[-38.82811,-7.71961],[-38.8461,-7.72042],[-38.85175,-7.71594],[-38.86885,-7.71118],[-38.88091,-7.72496],[-38.8814,-7.74743],[-38.89481,-7.75045],[-38.90035,-7.74488],[-38.91558,-7.74449],[-38.91825,-7.74717],[-38.91611,-7.75854],[-38.92344,-7.75366],[-38.93958,-7.75877],[-38.94102,-7.77141],[-38.94638,-7.7814],[-38.93997,-7.79511],[-38.95286,-7.81055],[-38.95405,-7.82152],[-38.96494,-7.82983],[-38.95936,-7.83826],[-38.96286,-7.84482],[-38.9703,-7.84581],[-38.97464,-7.84297],[-38.98224,-7.84613],[-39.00141,-7.84013],[-39.01047,-7.81641],[-39.01637,-7.81218],[-39.02159,-7.81485],[-39.02639,-7.82464],[-39.05376,-7.8193],[-39.06488,-7.8395],[-39.09299,-7.85756],[-39.09655,-7.85016],[-39.08819,-7.83773],[-39.08796,-7.83262],[-39.09286,-7.8213],[-39.09056,-7.8096],[-39.10182,-7.78725],[-39.10033,-7.77571],[-39.10635,-7.76023],[-39.12385,-7.74325],[-39.13564,-7.72338],[-39.14371,-7.71855],[-39.171,-7.71524],[-39.18113,-7.70948],[-39.19202,-7.69734],[-39.20078,-7.69551],[-39.20834,-7.68948],[-39.22274,-7.6968],[-39.23474,-7.6968],[-39.24417,-7.70534],[-39.25256,-7.70493],[-39.24746,-7.69065],[-39.24974,-7.68354],[-39.25282,-7.67729],[-39.26534,-7.66983],[-39.27032,-7.6599],[-39.30557,-7.66593],[-39.31139,-7.65524],[-39.32144,-7.65423],[-39.33844,-7.64465],[-39.34284,-7.63562],[-39.3681,-7.62387],[-39.37609,-7.61177],[-39.41966,-7.60441],[-39.42327,-7.58681],[-39.43493,-7.57372],[-39.44763,-7.57224],[-39.47168,-7.5758],[-39.47653,-7.55333],[-39.48516,-7.53445],[-39.45731,-7.50618],[-39.45674,-7.48044],[-39.46075,-7.47122],[-39.48973,-7.47242],[-39.50236,-7.46415],[-39.53644,-7.48253],[-39.54843,-7.48313],[-39.55745,-7.47254],[-39.57159,-7.42983],[-39.57653,-7.4279],[-39.59308,-7.43235],[-39.60552,-7.42408],[-39.62891,-7.42563],[-39.64572,-7.38088],[-39.65309,-7.37226],[-39.70619,-7.33776],[-39.74132,-7.32682],[-39.76043,-7.32626],[-39.78923,-7.332],[-39.81537,-7.32869],[-39.8287,-7.33237],[-39.84814,-7.32509],[-39.8577,-7.32543],[-39.88628,-7.33931],[-39.91039,-7.33721],[-39.92634,-7.341],[-40.00071,-7.37448],[-40.08745,-7.38309],[-40.12775,-7.38191],[-40.19568,-7.35815],[-40.22076,-7.34127],[-40.24197,-7.318],[-40.263,-7.30102],[-40.28388,-7.29917],[-40.31856,-7.30334],[-40.32939,-7.31856],[-40.35079,-7.33417],[-40.36098,-7.3556],[-40.37277,-7.36244],[-40.39388,-7.36817],[-40.43359,-7.36718],[-40.44906,-7.36113],[-40.50047,-7.328],[-40.52372,-7.31845],[-40.51427,-7.30783],[-40.51163,-7.29943],[-40.5158,-7.26446],[-40.51356,-7.2397],[-40.5013,-7.18865],[-40.49479,-7.18234],[-40.49571,-7.16962],[-40.48437,-7.1332],[-40.48974,-7.11869],[-40.47043,-7.09397],[-40.46942,-7.08764],[-40.45338,-7.07123],[-40.44426,-7.05593],[-40.44328,-7.0481],[-40.42772,-7.03388],[-40.42694,-7.02946],[-40.43868,-7.01646],[-40.43407,-7.01525],[-40.42801,-7.01848],[-40.42785,-7.01535],[-40.40625,-7.00533],[-40.41107,-6.99908],[-40.42865,-6.99613],[-40.42987,-6.99334],[-40.43037,-6.97575],[-40.42728,-6.96632],[-40.42912,-6.9485],[-40.42447,-6.9372],[-40.42703,-6.91802],[-40.43396,-6.90214],[-40.42896,-6.88486],[-40.43018,-6.86782],[-40.42852,-6.86425],[-40.41076,-6.85558],[-40.40222,-6.83999],[-40.38711,-6.83008],[-40.3829,-6.82099],[-40.37058,-6.80799],[-40.37051,-6.80307],[-40.38879,-6.797],[-40.40414,-6.80249],[-40.41684,-6.81253],[-40.43217,-6.81298],[-40.43899,-6.80669],[-40.44293,-6.78987],[-40.45203,-6.78378],[-40.45973,-6.75424],[-40.47194,-6.74493],[-40.47389,-6.73488],[-40.47693,-6.73283],[-40.51739,-6.73049],[-40.55897,-6.72081],[-40.60221,-6.71601],[-40.61642,-6.7104],[-40.63242,-6.6989],[-40.64914,-6.67883],[-40.70052,-6.67736],[-40.71781,-6.67141],[-40.73225,-6.65522],[-40.72189,-6.61856],[-40.73387,-6.60614],[-40.74222,-6.57172],[-40.75429,-6.55467],[-40.78368,-6.5284],[-40.79056,-6.5187],[-40.79018,-6.49804],[-40.79659,-6.4707],[-40.79378,-6.46019],[-40.79609,-6.42818],[-40.80515,-6.39313],[-40.80009,-6.3817],[-40.79035,-6.37189],[-40.78109,-6.35166],[-40.77915,-6.34135],[-40.78201,-6.31656],[-40.78751,-6.30426],[-40.8105,-6.28706],[-40.82357,-6.25826],[-40.85222,-6.22422],[-40.84723,-6.20301],[-40.85362,-6.16328],[-40.84574,-6.135],[-40.865,-6.08775],[-40.87285,-6.05663],[-40.88428,-6.04779],[-40.9022,-6.0492],[-40.90755,-6.04466],[-40.90395,-6.02088],[-40.88982,-6.00398],[-40.88735,-5.98933],[-40.87557,-5.97783],[-40.87363,-5.96676],[-40.88022,-5.91767],[-40.88859,-5.91263],[-40.89752,-5.9013],[-40.89364,-5.88381],[-40.90565,-5.84928],[-40.90906,-5.82555],[-40.90582,-5.80145],[-40.90981,-5.76486],[-40.91775,-5.74479],[-40.91354,-5.72675],[-40.92725,-5.70622],[-40.93038,-5.68621],[-40.93877,-5.67334],[-40.92912,-5.66313],[-40.91123,-5.65656],[-40.90105,-5.61591],[-40.90227,-5.60796],[-40.91194,-5.59485],[-40.91566,-5.56437],[-40.93238,-5.5489],[-40.93175,-5.53643],[-40.93645,-5.52639],[-40.92888,-5.51785],[-40.92876,-5.50695],[-40.93306,-5.50072],[-40.92912,-5.49277],[-40.92916,-5.48333],[-40.91851,-5.47391],[-40.91619,-5.46382],[-40.92258,-5.44824],[-40.93607,-5.44009],[-40.9438,-5.42359],[-40.93819,-5.41635],[-40.9177,-5.41629],[-40.91155,-5.40738],[-40.91702,-5.38945],[-40.9361,-5.36597],[-40.93372,-5.3494],[-40.91845,-5.33826],[-40.91212,-5.3142],[-40.91321,-5.30805],[-40.92691,-5.29697],[-40.92194,-5.28436],[-40.92424,-5.27484],[-40.91964,-5.27116],[-40.91186,-5.27092],[-40.91171,-5.26665],[-40.93307,-5.24523],[-40.94223,-5.24047],[-40.92662,-5.23209],[-40.92203,-5.22645],[-40.932,-5.20126],[-40.92561,-5.17685],[-40.93449,-5.16738],[-40.94932,-5.16688],[-40.96463,-5.15008],[-40.97494,-5.14953],[-40.98246,-5.15352],[-40.9886,-5.13875],[-41.01184,-5.1236],[-41.01408,-5.10581],[-41.02641,-5.1097],[-41.034,-5.09106],[-41.04027,-5.09138],[-41.0538,-5.10319],[-41.05858,-5.09859],[-41.0813,-5.09007],[-41.08043,-5.07869],[-41.08735,-5.07331],[-41.08929,-5.06377],[-41.09586,-5.06162],[-41.09701,-5.05315],[-41.13202,-5.04857],[-41.12019,-5.0211],[-41.1226,-5.00807],[-41.13201,-5.00247],[-41.13676,-4.99547],[-41.13752,-4.98497],[-41.14086,-4.98482],[-41.14647,-4.9922],[-41.15092,-4.99211],[-41.18022,-4.94754],[-41.18901,-4.94062],[-41.19855,-4.93745],[-41.20379,-4.94975],[-41.20961,-4.94596],[-41.21059,-4.93862],[-41.22137,-4.93823],[-41.22295,-4.92651],[-41.23493,-4.90574],[-41.2281,-4.89099],[-41.24957,-4.86969],[-41.23945,-4.85454],[-41.24182,-4.82214],[-41.23283,-4.81574],[-41.23247,-4.80454],[-41.22543,-4.79782],[-41.22307,-4.78947],[-41.20998,-4.78335],[-41.20802,-4.77677],[-41.21277,-4.77202],[-41.22683,-4.77074],[-41.24192,-4.76503],[-41.25034,-4.75663],[-41.23523,-4.74653],[-41.23665,-4.73875],[-41.23408,-4.73374],[-41.20249,-4.70189],[-41.17385,-4.66694],[-41.1856,-4.66197],[-41.20282,-4.6382],[-41.22933,-4.62009],[-41.23341,-4.60877],[-41.22304,-4.58979],[-41.22122,-4.57894],[-41.23771,-4.57497],[-41.24226,-4.56995],[-41.22153,-4.56749],[-41.21411,-4.55268],[-41.20793,-4.54774],[-41.20379,-4.52842],[-41.19078,-4.51553],[-41.18935,-4.48868],[-41.17757,-4.46768],[-41.17516,-4.44954],[-41.17713,-4.44127],[-41.15969,-4.41055],[-41.16001,-4.3815],[-41.14208,-4.35904],[-41.13342,-4.34015],[-41.12017,-4.33057],[-41.11912,-4.30653],[-41.1359,-4.23351],[-41.09089,-4.17033],[-41.10576,-4.16962],[-41.11833,-4.16522],[-41.12615,-4.15283],[-41.12811,-4.13932],[-41.14314,-4.12423],[-41.13713,-4.11687],[-41.12224,-4.07719],[-41.12716,-4.06139],[-41.11412,-4.05182],[-41.11287,-4.04174],[-41.12034,-4.03634],[-41.1431,-4.03681],[-41.15995,-4.03171],[-41.17181,-4.03248],[-41.18381,-4.0244],[-41.18292,-4.01797]]]}}]}